,KOTEI_ID,WORK_ID,JISEKI_DT,JISEKI_DT2,TYOKU
0,02,01,2023-10-02 09:19:59.677,2023-10-02 09:54:41.813,0
2,02,02,2023-10-02 13:50:45.790,2023-10-02 14:38:25.690,0
6,02,03,2023-10-02 17:48:46.860,2023-10-02 17:49:32.153,0
9,02,04,2023-10-02 21:15:21.290,2023-10-03 01:45:17.587,0
12,02,05,2023-10-03 01:45:19.033,2023-10-03 05:05:01.820,0
14,02,06,2023-10-03 05:05:02.633,2023-10-03 05:42:00.743,0
16,02,01,2023-10-03 09:18:48.500,2023-10-03 09:54:55.880,0
18,02,02,2023-10-03 13:50:46.547,2023-10-03 14:38:17.003,0
22,02,03,2023-10-03 17:09:42.587,2023-10-03 17:50:06.693,0
25,02,04,2023-10-03 21:16:12.987,2023-10-03 21:37:40.703,0
28,02,05,2023-10-04 01:49:12.817,2023-10-04 02:20:03.387,0
30,02,06,2023-10-04 05:06:53.247,2023-10-04 05:41:38.527,0
32,02,01,2023-10-04 09:17:31.513,2023-10-04 09:50:58.603,0
34,02,02,2023-10-04 13:45:39.187,2023-10-04 14:39:33.697,0
38,02,03,2023-10-04 17:06:28.660,2023-10-04 17:54:11.707,0
41,02,04,2023-10-04 21:15:56.060,2023-10-04 21:34:12.690,0
44,02,05,2023-10-05 01:44:13.850,2023-10-05 02:25:47.513,0
46,02,06,2023-10-05 05:05:18.827,2023-10-05 05:37:46.690,0
48,02,01,2023-10-05 09:19:51.373,2023-10-05 09:51:18.397,0
50,02,02,2023-10-05 13:46:48.973,2023-10-05 14:39:42.863,0
54,02,03,2023-10-05 17:06:24.700,2023-10-05 17:50:31.387,0
57,02,04,2023-10-05 21:16:42.403,2023-10-05 21:39:21.400,0
60,02,05,2023-10-06 01:46:48.217,2023-10-06 02:18:08.667,0
62,02,06,2023-10-06 05:07:11.630,2023-10-06 05:35:32.880,0
64,02,01,2023-10-06 09:16:51.867,2023-10-06 09:53:06.857,0
66,02,02,2023-10-06 13:48:51.560,2023-10-06 14:41:16.133,0
70,02,03,2023-10-06 17:06:20.487,2023-10-06 17:50:20.203,0
77,02,01,2023-10-09 09:16:46.073,2023-10-09 09:47:17.633,0
79,02,02,2023-10-09 13:47:48.123,2023-10-09 14:27:11.350,0
83,02,03,2023-10-09 17:17:03.083,2023-10-09 17:45:21.507,0
86,02,04,2023-10-09 21:21:19.673,2023-10-09 21:50:07.263,0
89,02,05,2023-10-10 01:55:27.843,2023-10-10 02:40:16.473,0
91,02,06,2023-10-10 05:05:26.547,2023-10-10 05:53:51.270,0
93,02,01,2023-10-10 09:15:03.730,2023-10-10 09:41:42.553,0
95,02,02,2023-10-10 13:48:42.527,2023-10-10 14:22:30.780,0
99,02,03,2023-10-10 17:13:52.187,2023-10-10 17:35:15.597,0
102,02,04,2023-10-10 21:16:51.437,2023-10-10 21:50:30.737,0
105,02,05,2023-10-11 01:49:11.667,2023-10-11 02:40:25.457,0
107,02,06,2023-10-11 05:08:29.883,2023-10-11 05:52:16.360,0
109,02,01,2023-10-11 09:15:50.957,2023-10-11 09:42:31.403,0
111,02,02,2023-10-11 13:45:28.710,2023-10-11 14:25:33.457,0
115,02,03,2023-10-11 17:13:19.680,2023-10-11 17:41:42.737,0
118,02,04,2023-10-11 21:20:49.263,2023-10-11 21:50:17.827,0
121,02,05,2023-10-12 01:49:28.067,2023-10-12 02:40:12.003,0
123,02,06,2023-10-12 05:06:38.310,2023-10-12 05:48:52.583,0
125,02,01,2023-10-12 09:13:47.757,2023-10-12 09:43:38.547,0
127,02,02,2023-10-12 13:47:42.900,2023-10-12 14:24:38.977,0
131,02,03,2023-10-12 17:15:53.937,2023-10-12 17:42:55.097,0
134,02,04,2023-10-12 21:17:58.207,2023-10-12 21:50:13.413,0
137,02,02,2023-10-13 01:52:45.053,2023-10-13 01:53:00.017,0
138,02,05,2023-10-13 01:53:03.023,2023-10-13 02:40:24.797,0
140,02,06,2023-10-13 05:07:03.487,2023-10-13 05:50:09.063,0
142,02,01,2023-10-13 09:14:40.073,2023-10-13 09:40:09.310,0
144,02,02,2023-10-13 13:48:15.713,2023-10-13 14:24:46.943,0
148,02,03,2023-10-13 17:08:25.520,2023-10-13 17:38:42.463,0
151,02,04,2023-10-13 21:17:05.467,2023-10-13 21:50:20.767,0
154,02,05,2023-10-14 01:52:21.033,2023-10-14 02:39:21.640,0
156,02,06,2023-10-14 05:08:33.640,2023-10-14 05:49:30.533,0
158,02,02,2023-10-16 09:15:31.343,2023-10-16 09:15:57.030,0
159,02,01,2023-10-16 09:15:58.250,2023-10-16 09:51:01.960,0
161,02,02,2023-10-16 13:45:58.630,2023-10-16 14:38:52.457,0
165,02,03,2023-10-16 17:32:46.820,2023-10-16 17:51:57.880,0
169,02,04,2023-10-16 21:14:16.877,2023-10-16 21:36:42.480,0
172,02,05,2023-10-17 01:43:37.033,2023-10-17 02:34:02.297,0
174,02,06,2023-10-17 05:06:27.570,2023-10-17 05:38:57.037,0
176,02,02,2023-10-17 09:53:04.950,2023-10-17 09:53:28.563,0
177,02,01,2023-10-17 09:53:32.183,2023-10-17 09:53:47.657,0
185,02,04,2023-10-17 21:18:55.943,2023-10-18 01:48:24.137,0
188,02,05,2023-10-18 01:48:24.727,2023-10-18 02:32:30.447,0
191,02,06,2023-10-18 05:06:10.197,2023-10-18 05:41:44.700,0
193,02,01,2023-10-18 09:17:05.787,2023-10-18 09:51:25.297,0
195,02,02,2023-10-18 13:46:20.080,2023-10-18 14:38:35.327,0
200,02,03,2023-10-18 17:06:55.230,2023-10-18 17:50:15.297,0
204,02,04,2023-10-18 21:14:40.857,2023-10-18 21:37:15.720,0
207,02,05,2023-10-19 01:43:10.720,2023-10-19 02:27:39.387,0
209,02,06,2023-10-19 05:05:59.780,2023-10-19 05:35:19.003,0
211,02,01,2023-10-19 09:20:15.223,2023-10-19 09:51:20.437,0
213,02,02,2023-10-19 13:47:44.700,2023-10-19 14:39:30.943,0
217,02,03,2023-10-19 17:07:40.373,2023-10-19 17:49:00.723,0
221,02,04,2023-10-19 21:15:16.100,2023-10-20 01:42:36.067,0
224,02,05,2023-10-20 01:42:40.470,2023-10-20 02:24:55.257,0
226,02,06,2023-10-20 05:06:22.270,2023-10-20 05:45:11.587,0
228,02,02,2023-10-20 09:51:24.340,2023-10-20 13:08:12.823,0
239,02,05,2023-10-21 01:45:36.557,2023-10-21 02:23:54.463,0
241,02,02,2023-10-21 05:05:22.907,2023-10-23 09:16:18.843,0
243,02,01,2023-10-23 09:16:19.637,2023-10-23 09:44:22.053,0
245,02,02,2023-10-23 13:47:44.580,2023-10-23 14:26:10.747,0
249,02,03,2023-10-23 17:05:09.853,2023-10-23 17:42:57.737,0
252,02,04,2023-10-23 21:19:20.170,2023-10-23 21:50:22.610,0
255,02,05,2023-10-24 01:49:37.883,2023-10-24 02:40:07.630,0
257,02,06,2023-10-24 05:04:37.760,2023-10-24 05:50:26.480,0
259,02,01,2023-10-24 09:14:49.503,2023-10-24 09:46:09.233,0
261,02,02,2023-10-24 13:46:01.697,2023-10-24 14:25:25.627,0
265,02,03,2023-10-24 17:04:59.830,2023-10-24 17:38:17.040,0
268,02,04,2023-10-24 21:20:02.260,2023-10-24 21:51:10.610,0
271,02,05,2023-10-25 01:50:48.013,2023-10-25 02:40:09.353,0
273,02,06,2023-10-25 05:08:48.943,2023-10-25 05:49:22.860,0
275,02,01,2023-10-25 09:14:34.903,2023-10-25 09:46:10.303,0
277,02,02,2023-10-25 13:45:50.297,2023-10-25 14:22:24.047,0
281,02,03,2023-10-25 17:05:26.227,2023-10-25 17:36:42.770,0
284,02,04,2023-10-25 21:17:44.483,2023-10-25 21:49:05.650,0
287,02,05,2023-10-26 01:50:37.410,2023-10-26 02:40:28.703,0
289,02,06,2023-10-26 05:06:01.717,2023-10-26 05:51:54.067,0
291,02,01,2023-10-26 09:14:03.067,2023-10-26 09:51:29.353,0
293,02,02,2023-10-26 13:50:03.457,2023-10-26 17:06:35.760,0
297,02,03,2023-10-26 17:06:36.487,2023-10-26 17:43:14.473,0
300,02,04,2023-10-26 21:16:34.013,2023-10-26 21:52:53.997,0
303,02,05,2023-10-27 01:50:05.467,2023-10-27 02:40:04.877,0
305,02,06,2023-10-27 05:10:13.863,2023-10-27 05:51:21.777,0
307,02,01,2023-10-27 09:14:46.810,2023-10-27 09:45:35.140,0
309,02,02,2023-10-27 14:28:46.733,2023-10-27 14:28:55.647,0
313,02,03,2023-10-27 17:06:54.243,2023-10-27 17:40:04.600,0
316,02,04,2023-10-27 21:52:29.317,2023-10-27 21:52:38.537,0
319,02,05,2023-10-28 01:50:22.053,2023-10-28 02:38:06.307,0
321,02,06,2023-10-28 05:48:45.907,2023-10-28 05:48:56.790,0
323,02,01,2023-10-30 09:15:03.143,2023-10-30 09:48:44.247,0
325,02,02,2023-10-30 13:45:21.873,2023-10-30 14:38:42.607,0
329,02,03,2023-10-30 17:06:05.300,2023-10-30 17:51:06.393,0
332,02,04,2023-10-30 21:13:29.707,2023-10-30 23:36:06.557,0
335,02,05,2023-10-31 01:46:35.807,2023-10-31 02:26:43.347,0
337,02,06,2023-10-31 05:05:57.077,2023-10-31 05:47:16.293,0
339,02,01,2023-10-31 09:20:58.893,2023-10-31 09:49:39.600,0
341,02,02,2023-10-31 13:47:44.803,2023-10-31 14:39:53.137,0
345,02,03,2023-10-31 17:07:17.660,2023-10-31 18:04:22.380,0
348,02,04,2023-10-31 21:13:56.490,2023-10-31 21:35:00.997,0
351,02,05,2023-11-01 01:43:55.720,2023-11-01 02:30:06.927,0
353,02,06,2023-11-01 05:03:46.707,2023-11-01 05:38:00.847,0
355,02,01,2023-11-01 09:19:29.747,2023-11-01 09:49:38.350,0
357,02,02,2023-11-01 13:49:41.083,2023-11-01 14:37:42.297,0
361,02,03,2023-11-01 17:47:07.880,2023-11-01 17:47:17.530,0
364,02,04,2023-11-01 21:23:13.920,2023-11-01 23:38:36.420,0
367,02,05,2023-11-02 01:44:33.237,2023-11-02 02:28:41.720,0
369,02,06,2023-11-02 05:08:15.827,2023-11-02 05:35:29.870,0
371,02,01,2023-11-02 09:20:40.457,2023-11-02 09:48:24.457,0
373,02,02,2023-11-02 13:50:04.473,2023-11-02 14:39:19.387,0
377,02,03,2023-11-02 17:48:31.883,2023-11-02 17:48:41.850,0
380,02,04,2023-11-02 21:14:49.927,2023-11-02 23:30:38.237,0
383,02,05,2023-11-03 01:45:51.097,2023-11-03 02:27:43.940,0
385,02,06,2023-11-03 05:07:21.060,2023-11-03 05:38:23.907,0
387,02,01,2023-11-03 09:15:35.837,2023-11-03 09:50:10.097,0
389,02,02,2023-11-03 13:47:56.380,2023-11-03 14:37:49.077,0
393,02,03,2023-11-03 17:07:16.660,2023-11-03 17:48:10.690,0
396,02,04,2023-11-03 21:19:35.663,2023-11-03 23:31:32.827,0
399,02,05,2023-11-04 01:46:03.903,2023-11-04 02:31:05.557,0
401,02,06,2023-11-04 05:05:55.353,2023-11-04 05:36:54.600,0
404,02,01,2023-11-06 09:10:22.217,2023-11-06 13:47:40.613,0
406,02,02,2023-11-06 13:47:41.513,2023-11-06 14:24:01.767,0
410,02,03,2023-11-06 17:05:50.307,2023-11-06 17:41:11.413,0
415,02,04,2023-11-06 21:16:16.083,2023-11-06 21:51:42.737,0
418,02,05,2023-11-07 01:49:27.627,2023-11-07 02:39:33.550,0
420,02,06,2023-11-07 05:11:04.080,2023-11-07 05:48:53.667,0
423,02,01,2023-11-07 09:14:25.117,2023-11-07 09:42:53.763,0
425,02,02,2023-11-07 13:44:24.427,2023-11-07 14:30:03.420,0
429,02,03,2023-11-07 17:04:14.230,2023-11-07 17:41:44.823,0
432,02,04,2023-11-07 21:19:35.523,2023-11-07 21:54:27.163,0
435,02,05,2023-11-08 01:49:54.627,2023-11-08 02:44:02.827,0
437,02,06,2023-11-08 05:07:42.647,2023-11-08 05:51:07.630,0
440,02,01,2023-11-08 09:12:59.103,2023-11-08 09:53:03.453,0
442,02,02,2023-11-08 13:45:14.090,2023-11-08 14:18:21.400,0
446,02,03,2023-11-08 17:05:29.983,2023-11-08 17:47:37.093,0
449,02,04,2023-11-08 21:16:45.070,2023-11-08 21:49:06.040,0
452,02,05,2023-11-09 01:52:15.993,2023-11-09 02:40:16.487,0
454,02,06,2023-11-09 05:05:41.973,2023-11-09 05:49:08.643,0
457,02,01,2023-11-09 09:13:14.343,2023-11-09 09:46:08.963,0
459,02,02,2023-11-09 13:46:27.540,2023-11-09 14:28:34.197,0
463,02,03,2023-11-09 17:08:03.357,2023-11-09 17:47:44.557,0
466,02,04,2023-11-09 21:51:09.423,2023-11-09 21:51:19.430,0
469,02,05,2023-11-10 01:49:21.257,2023-11-10 02:40:06.057,0
471,02,06,2023-11-10 05:05:09.783,2023-11-10 05:51:09.867,0
474,02,01,2023-11-10 09:15:25.890,2023-11-10 09:46:56.487,0
476,02,02,2023-11-10 13:44:42.163,2023-11-10 14:28:21.627,0
480,02,03,2023-11-10 17:08:05.063,2023-11-10 17:41:01.353,0
483,02,04,2023-11-10 21:21:03.200,2023-11-10 21:51:41.403,0
486,02,05,2023-11-11 01:49:34.253,2023-11-11 02:39:51.250,0
488,02,06,2023-11-11 05:05:04.803,2023-11-11 05:52:48.447,0
490,02,01,2023-11-13 09:19:18.203,2023-11-13 09:51:08.233,0
492,02,02,2023-11-13 13:47:49.797,2023-11-13 14:36:18.757,0
496,02,03,2023-11-13 17:05:18.077,2023-11-13 17:48:04.953,0
499,02,04,2023-11-13 21:15:18.500,2023-11-14 09:18:39.413,0
504,02,01,2023-11-14 09:18:41.337,2023-11-14 09:51:24.703,0
506,02,02,2023-11-14 13:47:56.893,2023-11-14 14:37:08.287,0
510,02,03,2023-11-14 17:46:24.097,2023-11-14 17:46:34.373,0
513,02,04,2023-11-14 21:24:03.953,2023-11-15 01:43:22.277,0
516,02,05,2023-11-15 01:43:23.833,2023-11-15 02:30:46.717,0
518,02,06,2023-11-15 05:03:17.303,2023-11-15 05:34:20.633,0
520,02,01,2023-11-15 09:15:42.467,2023-11-15 09:51:21.357,0
522,02,02,2023-11-15 13:46:20.613,2023-11-15 14:33:48.300,0
526,02,03,2023-11-15 17:49:52.550,2023-11-15 17:50:03.153,0
529,02,04,2023-11-15 21:17:09.713,2023-11-15 21:41:53.667,0
532,02,05,2023-11-16 01:46:08.840,2023-11-16 02:20:56.133,0
534,02,06,2023-11-16 05:03:03.553,2023-11-16 05:43:17.247,0
536,02,01,2023-11-16 09:16:52.777,2023-11-16 09:49:40.797,0
538,02,02,2023-11-16 13:50:52.057,2023-11-16 14:38:48.220,0
542,02,03,2023-11-16 17:09:09.207,2023-11-16 17:47:42.450,0
545,02,04,2023-11-16 21:18:54.437,2023-11-17 01:45:35.437,0
548,02,05,2023-11-17 01:45:37.437,2023-11-17 02:23:31.020,0
550,02,06,2023-11-17 04:59:00.970,2023-11-17 05:37:37.823,0
552,02,01,2023-11-17 09:19:53.863,2023-11-17 09:49:18.233,0
554,02,02,2023-11-17 13:53:27.717,2023-11-17 14:38:19.647,0
558,02,03,2023-11-17 17:46:24.993,2023-11-17 17:46:34.743,0
561,02,04,2023-11-17 21:14:47.443,2023-11-17 21:40:14.670,0
564,02,05,2023-11-18 01:42:35.353,2023-11-18 02:14:23.723,0
566,02,06,2023-11-18 05:04:07.487,2023-11-18 05:35:22.983,0
568,02,01,2023-11-20 09:14:03.120,2023-11-20 09:45:44.020,0
570,02,02,2023-11-20 13:46:33.880,2023-11-20 14:30:10.817,0
574,02,03,2023-11-20 17:04:45.927,2023-11-20 17:45:15.777,0
577,02,04,2023-11-20 21:20:45.460,2023-11-20 21:51:28.670,0
580,02,05,2023-11-21 01:50:30.223,2023-11-21 02:39:09.820,0
583,02,01,2023-11-21 09:13:58.287,2023-11-21 09:45:38.173,0
585,02,02,2023-11-21 13:46:49.423,2023-11-21 14:26:41.190,0
589,02,03,2023-11-21 17:03:11.763,2023-11-21 17:39:29.153,0
592,02,04,2023-11-21 21:19:56.957,2023-11-21 21:46:04.230,0
595,02,05,2023-11-22 01:53:15.550,2023-11-22 02:33:11.807,0
597,02,06,2023-11-22 05:06:28.610,2023-11-22 05:48:12.577,0
599,02,01,2023-11-22 09:07:59.157,2023-11-22 09:49:09.537,0
601,02,02,2023-11-22 13:46:20.723,2023-11-22 14:23:44.427,0
605,02,03,2023-11-22 17:08:00.757,2023-11-22 17:45:24.237,0
608,02,04,2023-11-22 21:16:53.927,2023-11-22 21:47:44.137,0
611,02,05,2023-11-23 01:50:44.960,2023-11-23 02:35:09.493,0
613,02,06,2023-11-23 05:10:19.090,2023-11-23 05:47:49.363,0
615,02,01,2023-11-23 09:13:42.483,2023-11-23 09:47:20.680,0
617,02,02,2023-11-23 13:44:30.880,2023-11-23 14:30:14.920,0
621,02,03,2023-11-23 17:02:41.907,2023-11-23 17:46:02.040,0
624,02,04,2023-11-23 21:18:15.417,2023-11-23 21:53:10.317,0
627,02,05,2023-11-24 01:55:39.397,2023-11-24 02:35:58.933,0
629,02,06,2023-11-24 05:08:01.927,2023-11-24 05:46:34.167,0
631,02,01,2023-11-24 09:14:18.523,2023-11-24 09:43:55.950,0
633,02,02,2023-11-24 13:47:10.983,2023-11-24 14:29:02.477,0
637,02,03,2023-11-24 16:59:43.287,2023-11-24 17:34:47.613,0
640,02,04,2023-11-24 21:19:30.570,2023-11-24 21:53:21.537,0
643,02,05,2023-11-25 01:55:39.647,2023-11-25 02:35:46.553,0
645,02,06,2023-11-25 05:06:14.233,2023-11-25 05:49:53.420,0
647,02,01,2023-11-27 09:20:38.553,2023-11-27 09:50:05.547,0
649,02,02,2023-11-27 13:46:20.357,2023-11-27 14:37:05.687,0
653,02,03,2023-11-27 17:46:32.130,2023-11-27 17:46:41.557,0
656,02,04,2023-11-27 21:13:48.127,2023-11-28 01:45:23.727,0
659,02,05,2023-11-28 01:45:24.413,2023-11-28 02:30:52.340,0
661,02,06,2023-11-28 05:04:17.570,2023-11-28 05:44:07.067,0
663,02,01,2023-11-28 09:14:51.500,2023-11-28 09:49:06.147,0
665,02,02,2023-11-28 13:47:32.360,2023-11-28 14:38:35.487,0
669,02,03,2023-11-28 17:06:45.827,2023-11-28 17:46:12.967,0
672,02,04,2023-11-28 21:20:02.257,2023-11-29 01:43:59.263,0
675,02,05,2023-11-29 01:43:59.953,2023-11-29 02:19:39.740,0
677,02,06,2023-11-29 05:04:37.213,2023-11-29 05:39:27.347,0
679,02,01,2023-11-29 09:19:10.307,2023-11-29 09:49:13.790,0
681,02,02,2023-11-29 13:45:07.517,2023-11-29 14:36:48.200,0
685,02,03,2023-11-29 17:11:16.170,2023-11-29 17:50:05.127,0
688,02,04,2023-11-29 21:15:05.913,2023-11-29 21:40:04.813,0
691,02,05,2023-11-30 01:43:54.347,2023-11-30 02:14:13.063,0
693,02,06,2023-11-30 05:05:26.210,2023-11-30 05:39:25.697,0
695,02,01,2023-11-30 09:17:53.307,2023-11-30 09:49:06.133,0
697,02,02,2023-11-30 13:48:05.760,2023-11-30 14:38:12.767,0
701,02,03,2023-11-30 17:07:06.190,2023-11-30 17:48:05.180,0
704,02,04,2023-11-30 21:17:51.400,2023-12-01 01:43:07.547,0
707,02,05,2023-12-01 01:43:08.047,2023-12-01 02:13:06.917,0
709,02,06,2023-12-01 05:04:48.367,2023-12-01 05:36:37.520,0
711,02,01,2023-12-01 09:19:27.940,2023-12-01 09:49:10.743,0
713,02,02,2023-12-01 13:48:01.440,2023-12-01 14:36:09.287,0
720,02,03,2023-12-01 17:08:56.960,2023-12-01 17:45:05.647,0
723,02,04,2023-12-01 21:22:17.497,2023-12-02 01:59:18.160,0
726,02,05,2023-12-02 01:59:19.267,2023-12-02 05:02:38.010,0
728,02,06,2023-12-02 05:02:38.843,2023-12-02 05:36:16.077,0
731,02,01,2023-12-04 09:15:21.133,2023-12-04 09:45:55.003,0
733,02,02,2023-12-04 13:57:04.607,2023-12-04 14:38:36.120,0
737,02,03,2023-12-04 17:02:19.483,2023-12-04 17:38:56.207,0
741,02,04,2023-12-04 21:18:06.827,2023-12-04 21:52:21.463,0
748,02,05,2023-12-05 01:55:44.293,2023-12-05 02:39:01.637,0
750,02,06,2023-12-05 05:07:08.877,2023-12-05 05:48:54.937,0
752,02,01,2023-12-05 09:13:03.497,2023-12-05 09:47:49.553,0
754,02,02,2023-12-05 13:45:33.627,2023-12-05 14:26:43.493,0
758,02,03,2023-12-05 17:00:48.507,2023-12-05 17:44:30.507,0
762,02,04,2023-12-05 21:16:56.527,2023-12-05 21:50:26.337,0
766,02,05,2023-12-06 01:57:49.500,2023-12-06 02:39:41.793,0
768,02,06,2023-12-06 05:06:10.690,2023-12-06 05:48:07.990,0
770,02,01,2023-12-06 09:13:56.627,2023-12-06 09:49:47.810,0
772,02,02,2023-12-06 13:45:01.267,2023-12-06 14:28:46.277,0
776,02,03,2023-12-06 17:05:19.877,2023-12-06 17:42:50.813,0
778,02,01,2023-12-06 18:09:08.110,2023-12-06 18:10:10.637,0
781,02,04,2023-12-06 21:15:17.693,2023-12-06 21:49:08.613,0
786,02,05,2023-12-07 01:55:47.910,2023-12-07 02:38:34.723,0
788,02,06,2023-12-07 05:05:06.630,2023-12-07 05:49:20.063,0
790,02,01,2023-12-07 09:14:49.880,2023-12-07 09:46:49.737,0
792,02,02,2023-12-07 13:47:35.873,2023-12-07 14:25:29.967,0
796,02,03,2023-12-07 17:06:39.727,2023-12-07 17:39:21.413,0
800,02,04,2023-12-07 21:19:16.123,2023-12-07 21:49:39.777,0
805,02,05,2023-12-08 01:53:57.047,2023-12-08 02:33:13.207,0
807,02,06,2023-12-08 05:05:01.897,2023-12-08 05:50:54.270,0
809,02,01,2023-12-08 09:13:44.890,2023-12-08 09:49:07.647,0
811,02,02,2023-12-08 13:46:34.913,2023-12-08 14:27:11.277,0
815,02,03,2023-12-08 17:07:02.390,2023-12-08 17:45:00.920,0
819,02,04,2023-12-08 21:17:35.177,2023-12-08 21:49:20.493,0
824,02,05,2023-12-09 02:03:01.593,2023-12-09 02:40:34.013,0
826,02,06,2023-12-09 05:49:37.077,2023-12-09 05:49:47.777,0
829,02,01,2023-12-11 09:16:02.910,2023-12-11 09:51:54.000,0
831,02,02,2023-12-11 13:49:39.270,2023-12-11 14:38:13.687,0
835,02,03,2023-12-11 17:08:36.880,2023-12-11 17:46:24.453,0
838,02,04,2023-12-11 21:25:10.953,2023-12-12 01:49:54.847,0
842,02,05,2023-12-12 01:50:01.850,2023-12-12 02:24:36.517,0
844,02,06,2023-12-12 05:07:25.810,2023-12-12 05:42:52.743,0
847,02,01,2023-12-12 09:15:08.320,2023-12-12 09:51:12.703,0
849,02,02,2023-12-12 13:50:36.107,2023-12-12 14:38:12.037,0
853,02,03,2023-12-12 17:50:01.300,2023-12-12 17:50:26.217,0
855,02,04,2023-12-12 21:15:41.443,2023-12-12 21:42:13.877,0
860,02,05,2023-12-13 01:44:29.637,2023-12-13 02:26:49.427,0
862,02,06,2023-12-13 05:04:45.003,2023-12-13 05:41:24.047,0
865,02,01,2023-12-13 09:18:45.733,2023-12-13 09:51:13.910,0
867,02,02,2023-12-13 13:49:26.647,2023-12-13 14:38:19.930,0
871,02,03,2023-12-13 17:49:08.270,2023-12-13 17:49:44.723,0
874,02,04,2023-12-13 21:22:30.143,2023-12-13 21:24:25.140,0
875,02,04,2023-12-13 21:23:55.453,2023-12-13 21:24:43.487,0
879,02,05,2023-12-14 01:48:52.960,2023-12-14 02:29:48.517,0
881,02,06,2023-12-14 05:05:52.970,2023-12-14 05:42:25.650,0
884,02,01,2023-12-14 09:17:22.027,2023-12-14 09:50:44.610,0
886,02,02,2023-12-14 13:50:58.267,2023-12-14 14:35:18.350,0
890,02,03,2023-12-14 17:06:49.840,2023-12-14 17:51:12.537,0
893,02,04,2023-12-14 21:22:48.030,2023-12-15 01:47:56.807,0
897,02,05,2023-12-15 01:47:57.590,2023-12-15 02:18:28.597,0
899,02,06,2023-12-15 05:05:34.123,2023-12-15 05:37:13.120,0
902,02,01,2023-12-15 09:16:13.870,2023-12-15 09:50:40.990,0
904,02,02,2023-12-15 13:48:11.317,2023-12-15 14:39:07.003,0
908,02,03,2023-12-15 17:07:14.280,2023-12-15 17:49:06.420,0
911,02,04,2023-12-15 21:17:20.837,2023-12-16 01:48:00.523,0
915,02,05,2023-12-16 01:48:01.227,2023-12-16 02:29:05.477,0
917,02,06,2023-12-16 05:03:51.213,2023-12-16 05:38:23.863,0
920,02,01,2023-12-18 09:14:03.077,2023-12-18 09:45:32.680,0
922,02,02,2023-12-18 13:51:01.550,2023-12-18 14:29:10.207,0
926,02,03,2023-12-18 17:05:07.367,2023-12-18 17:40:44.700,0
929,02,04,2023-12-18 21:21:09.523,2023-12-18 21:45:15.893,0
933,02,05,2023-12-19 01:51:03.667,2023-12-19 02:32:53.737,0
935,02,06,2023-12-19 05:10:04.607,2023-12-19 05:49:55.347,0
938,02,01,2023-12-19 09:15:24.850,2023-12-19 09:45:13.747,0
940,02,02,2023-12-19 13:45:51.880,2023-12-19 14:25:45.360,0
944,02,03,2023-12-19 17:04:02.880,2023-12-19 17:41:17.647,0
947,02,04,2023-12-19 21:18:47.547,2023-12-19 21:46:15.747,0
951,02,05,2023-12-20 01:54:22.053,2023-12-20 02:40:27.503,0
953,02,06,2023-12-20 05:07:44.663,2023-12-20 05:49:26.917,0
956,02,01,2023-12-20 09:13:50.857,2023-12-20 09:46:07.820,0
958,02,02,2023-12-20 13:46:39.273,2023-12-20 14:22:27.340,0
962,02,03,2023-12-20 17:04:16.560,2023-12-20 17:43:44.043,0
965,02,04,2023-12-20 21:18:50.087,2023-12-20 21:44:35.190,0
969,02,05,2023-12-21 02:38:44.900,2023-12-21 02:38:55.580,0
971,02,06,2023-12-21 05:05:04.137,2023-12-21 05:48:46.923,0
975,02,01,2023-12-21 09:12:26.013,2023-12-21 09:44:29.470,0
977,02,02,2023-12-21 13:47:16.227,2023-12-21 14:28:30.027,0
981,02,03,2023-12-21 17:06:46.493,2023-12-21 17:42:07.673,0
984,02,04,2023-12-21 21:16:49.673,2023-12-21 21:47:41.753,0
988,02,05,2023-12-22 01:55:32.763,2023-12-22 02:39:05.067,0
990,02,06,2023-12-22 05:05:31.133,2023-12-22 05:50:57.617,0
993,02,01,2023-12-22 09:38:51.790,2023-12-22 09:39:02.703,0
995,02,02,2023-12-22 14:01:39.867,2023-12-22 14:38:27.077,0
999,02,03,2023-12-22 17:01:09.070,2023-12-22 17:49:17.860,0
1002,02,04,2023-12-22 21:15:01.430,2023-12-22 21:47:50.520,0
1006,02,05,2023-12-23 02:32:44.753,2023-12-23 02:32:54.223,0
1008,02,06,2023-12-23 05:08:01.993,2023-12-23 05:47:57.040,0
1012,02,01,2023-12-25 09:16:04.783,2023-12-25 09:51:13.870,0
1015,02,02,2023-12-25 13:48:31.867,2023-12-25 14:39:01.067,0
1019,02,03,2023-12-25 17:05:09.057,2023-12-25 17:47:35.650,0
1022,02,04,2023-12-25 21:21:32.680,2023-12-25 23:25:58.643,0
1026,02,05,2023-12-26 01:42:54.803,2023-12-26 02:14:50.477,0
1028,02,06,2023-12-26 05:06:07.597,2023-12-26 05:44:08.707,0
1032,02,01,2023-12-26 09:16:41.027,2023-12-26 09:49:43.043,0
1035,02,02,2023-12-26 13:55:54.467,2023-12-26 14:38:01.157,0
1038,02,03,2023-12-26 17:46:44.287,2023-12-26 17:46:53.650,0
1042,02,04,2023-12-26 21:19:47.107,2023-12-27 01:49:04.333,0
1046,02,05,2023-12-27 01:49:05.073,2023-12-27 02:23:07.277,0
1048,02,06,2023-12-27 05:05:38.920,2023-12-27 05:40:58.080,0
1052,02,01,2023-12-27 09:15:56.700,2023-12-27 09:49:42.207,0
1055,02,02,2023-12-27 13:49:24.167,2023-12-27 14:38:15.517,0
1059,02,03,2023-12-27 17:49:44.187,2023-12-27 17:49:54.640,0
1062,02,04,2023-12-27 21:17:32.937,2023-12-27 23:27:27.307,0
1066,02,05,2023-12-28 01:45:56.467,2023-12-28 02:13:17.253,0
1068,02,06,2023-12-28 05:04:17.430,2023-12-28 05:33:04.727,0
1072,02,01,2023-12-28 09:15:35.423,2023-12-28 09:50:04.117,0
1075,02,02,2023-12-28 13:44:07.983,2023-12-28 14:33:21.313,0
1079,02,03,2023-12-28 17:06:51.477,2023-12-28 17:46:52.657,0
1082,02,04,2023-12-28 21:21:28.540,2023-12-28 23:21:44.557,0
1086,02,05,2023-12-29 01:48:07.810,2023-12-29 02:17:15.207,0
1088,02,06,2023-12-29 05:11:45.957,2023-12-29 05:45:11.213,0
1091,02,01,2024-01-08 09:13:45.473,2024-01-08 09:48:42.357,0
1092,02,01,2024-01-08 13:05:04.223,2024-01-08 13:47:22.777,0
1094,02,02,2024-01-08 13:47:23.233,2024-01-08 14:26:05.473,0
1098,02,03,2024-01-08 17:03:53.270,2024-01-08 17:45:28.743,0
1101,02,04,2024-01-08 21:19:02.910,2024-01-08 21:49:17.943,0
1105,02,05,2024-01-09 01:48:34.417,2024-01-09 02:37:07.377,0
1107,02,06,2024-01-09 05:10:16.273,2024-01-09 05:49:10.717,0
1110,02,01,2024-01-09 09:16:39.070,2024-01-09 09:41:39.800,0
1113,02,02,2024-01-09 13:45:50.190,2024-01-09 14:30:50.457,0
1117,02,03,2024-01-09 17:04:44.090,2024-01-09 17:44:25.193,0
1120,02,04,2024-01-09 21:16:11.580,2024-01-09 21:50:07.193,0
1124,02,05,2024-01-10 01:48:49.537,2024-01-10 02:36:41.650,0
1126,02,06,2024-01-10 05:45:16.470,2024-01-10 05:45:25.777,0
1129,02,01,2024-01-10 09:12:06.237,2024-01-10 09:49:01.910,0
1130,02,01,2024-01-10 13:03:11.747,2024-01-10 13:45:18.897,0
1132,02,02,2024-01-10 13:45:19.670,2024-01-10 14:24:56.053,0
1136,02,03,2024-01-10 17:04:47.730,2024-01-10 17:37:30.020,0
1139,02,04,2024-01-10 21:14:31.623,2024-01-10 21:49:38.110,0
1143,02,05,2024-01-11 01:55:13.080,2024-01-11 02:35:31.267,0
1145,02,06,2024-01-11 05:05:51.167,2024-01-11 05:47:22.827,0
1148,02,01,2024-01-11 09:13:05.177,2024-01-11 09:45:47.543,0
1150,02,02,2024-01-11 13:51:51.147,2024-01-11 14:27:28.753,0
1154,02,03,2024-01-11 17:09:23.890,2024-01-11 21:17:18.933,0
1157,02,04,2024-01-11 21:17:19.727,2024-01-11 21:52:06.927,0
1161,02,05,2024-01-12 01:55:00.867,2024-01-12 02:37:06.267,0
1165,02,01,2024-01-12 09:13:41.443,2024-01-12 09:45:56.737,0
1166,02,01,2024-01-12 13:03:55.100,2024-01-12 13:48:43.473,0
1168,02,02,2024-01-12 13:48:43.887,2024-01-12 14:26:46.730,0
1172,02,03,2024-01-12 17:04:11.147,2024-01-12 17:42:53.403,0
1175,02,04,2024-01-12 21:17:07.787,2024-01-12 21:46:59.797,0
1179,02,05,2024-01-13 01:49:56.697,2024-01-13 02:33:13.050,0
1181,02,06,2024-01-13 05:49:57.987,2024-01-13 05:50:09.840,0
1184,02,01,2024-01-15 09:15:35.850,2024-01-15 09:48:10.770,0
1186,02,02,2024-01-15 13:45:34.847,2024-01-15 14:34:49.220,0
1190,02,03,2024-01-15 17:09:18.053,2024-01-15 17:45:30.967,0
1193,02,04,2024-01-15 21:19:35.780,2024-01-16 01:46:42.773,0
1195,02,05,2024-01-16 01:46:43.343,2024-01-16 02:18:59.217,0
1197,02,06,2024-01-16 05:03:29.233,2024-01-16 05:41:04.933,0
1200,02,01,2024-01-16 09:16:05.897,2024-01-16 09:50:08.007,0
1202,02,02,2024-01-16 13:48:14.753,2024-01-16 14:35:32.700,0
1206,02,03,2024-01-16 17:07:01.210,2024-01-16 17:45:38.550,0
1209,02,04,2024-01-16 21:23:59.827,2024-01-17 01:47:14.497,0
1213,02,05,2024-01-17 01:47:14.777,2024-01-17 02:11:09.427,0
1215,02,06,2024-01-17 04:59:46.533,2024-01-17 05:37:26.910,0
1218,02,01,2024-01-17 09:15:11.987,2024-01-17 09:51:03.490,0
1220,02,02,2024-01-17 13:45:39.620,2024-01-17 14:31:50.120,0
1224,02,03,2024-01-17 17:05:58.030,2024-01-17 17:47:08.437,0
1227,02,04,2024-01-17 21:23:55.403,2024-01-18 01:45:25.297,0
1231,02,05,2024-01-18 01:45:26.510,2024-01-18 02:17:26.500,0
1233,02,06,2024-01-18 05:03:36.363,2024-01-18 05:41:16.480,0
1236,02,01,2024-01-18 09:50:54.640,2024-01-18 09:51:05.167,0
1238,02,02,2024-01-18 13:48:09.687,2024-01-18 14:36:40.137,0
1242,02,03,2024-01-18 17:43:33.137,2024-01-18 17:43:44.547,0
1245,02,04,2024-01-18 21:20:28.510,2024-01-19 01:48:44.487,0
1249,02,05,2024-01-19 01:48:47.367,2024-01-19 02:18:00.487,0
1251,02,06,2024-01-19 05:04:34.407,2024-01-19 05:45:25.950,0
1254,02,01,2024-01-19 09:15:18.360,2024-01-19 09:49:46.747,0
1256,02,02,2024-01-19 13:51:30.850,2024-01-19 14:32:27.967,0
1260,02,03,2024-01-19 17:07:30.213,2024-01-19 17:49:14.183,0
1263,02,04,2024-01-19 21:19:00.177,2024-01-20 01:45:31.243,0
1267,02,05,2024-01-20 01:45:31.547,2024-01-20 02:21:48.437,0
1269,02,06,2024-01-20 05:03:57.390,2024-01-20 05:41:30.337,0
1272,02,01,2024-01-22 09:14:31.907,2024-01-22 09:45:18.050,0
1274,02,02,2024-01-22 13:46:25.620,2024-01-22 14:24:36.467,0
1278,02,03,2024-01-22 17:06:23.023,2024-01-22 17:43:43.513,0
1281,02,04,2024-01-22 21:13:07.573,2024-01-22 21:42:22.043,0
1285,02,05,2024-01-23 01:52:31.883,2024-01-23 02:34:45.360,0
1287,02,06,2024-01-23 05:03:09.493,2024-01-23 05:45:39.480,0
1290,02,01,2024-01-23 09:13:17.633,2024-01-23 09:45:56.883,0
1292,02,02,2024-01-23 13:47:47.370,2024-01-23 14:25:19.360,0
1296,02,03,2024-01-23 17:04:55.800,2024-01-23 17:44:06.743,0
1299,02,04,2024-01-23 21:15:10.387,2024-01-23 21:45:24.310,0
1303,02,05,2024-01-24 01:57:37.893,2024-01-24 02:33:18.647,0
1305,02,06,2024-01-24 05:48:31.567,2024-01-24 05:48:46.437,0
1308,02,01,2024-01-24 09:11:53.220,2024-01-24 09:45:48.700,0
1310,02,02,2024-01-24 13:47:57.827,2024-01-24 14:29:36.250,0
1313,02,03,2024-01-24 17:06:24.810,2024-01-24 17:43:54.767,0
1314,02,04,2024-01-24 21:14:41.733,2024-01-24 21:45:14.267,0
1316,02,05,2024-01-25 01:56:40.987,2024-01-25 02:34:58.017,0
1317,02,06,2024-01-25 05:44:38.873,2024-01-25 05:44:57.540,0
1320,02,01,2024-01-25 09:12:26.670,2024-01-25 09:43:32.787,0
1324,02,03,2024-01-25 17:07:48.763,2024-01-25 17:44:57.597,0
1325,02,04,2024-01-25 21:12:41.540,2024-01-25 21:46:51.693,0
1327,02,05,2024-01-26 01:49:24.137,2024-01-26 02:34:42.593,0
1329,02,06,2024-01-26 05:08:57.060,2024-01-26 05:49:03.773,0
1331,02,01,2024-01-26 09:15:36.890,2024-01-26 09:45:34.570,0
1333,02,02,2024-01-26 13:45:44.343,2024-01-26 14:23:44.877,0
1337,02,03,2024-01-26 17:08:01.637,2024-01-26 17:41:18.967,0
1339,02,04,2024-01-26 21:16:09.317,2024-01-26 21:47:35.043,0
1344,02,06,2024-01-27 05:08:01.157,2024-01-27 05:48:30.293,0
1347,02,01,2024-01-29 09:14:05.360,2024-01-29 09:48:04.787,0
1349,02,02,2024-01-29 13:47:57.823,2024-01-29 14:38:51.987,0
1353,02,03,2024-01-29 17:45:08.060,2024-01-29 17:45:21.187,0
1356,02,04,2024-01-29 21:15:10.767,2024-01-30 01:49:00.993,0
1361,02,05,2024-01-30 01:49:01.600,2024-01-30 02:15:16.637,0
1363,02,06,2024-01-30 05:03:41.110,2024-01-30 05:34:21.917,0
1366,02,01,2024-01-30 09:13:01.440,2024-01-30 09:51:32.617,0
1368,02,02,2024-01-30 13:46:31.660,2024-01-30 14:40:17.390,0
1372,02,03,2024-01-30 17:04:01.457,2024-01-30 17:43:42.510,0
1377,02,05,2024-01-31 01:45:58.593,2024-01-31 02:20:16.510,0
1379,02,06,2024-01-31 05:03:55.107,2024-01-31 05:38:45.363,0
1382,02,01,2024-01-31 09:19:43.070,2024-01-31 09:48:28.690,0
1384,02,02,2024-01-31 13:47:34.867,2024-01-31 14:34:25.047,0
1388,02,03,2024-01-31 17:04:03.920,2024-01-31 17:47:11.380,0
1391,02,04,2024-01-31 21:20:23.480,2024-02-01 01:46:00.787,0
1395,02,05,2024-02-01 01:46:01.333,2024-02-01 02:12:00.100,0
1397,02,06,2024-02-01 05:06:15.253,2024-02-01 05:40:04.857,0
1400,02,01,2024-02-01 09:16:34.723,2024-02-01 09:48:19.837,0
1402,02,02,2024-02-01 13:46:49.933,2024-02-01 14:37:04.227,0
1406,02,03,2024-02-01 17:05:57.943,2024-02-01 17:46:24.050,0
1409,02,04,2024-02-01 21:14:57.563,2024-02-01 21:37:19.207,0
1413,02,05,2024-02-02 01:48:01.710,2024-02-02 02:20:37.327,0
1415,02,06,2024-02-02 05:05:19.037,2024-02-02 05:43:03.393,0
1418,02,01,2024-02-02 09:15:38.083,2024-02-02 09:52:42.527,0
1420,02,02,2024-02-02 13:47:49.353,2024-02-02 14:36:21.477,0
1424,02,03,2024-02-02 17:44:41.097,2024-02-02 17:44:50.127,0
1427,02,04,2024-02-02 21:18:08.593,2024-02-03 01:47:27.850,0
1431,02,05,2024-02-03 01:47:28.470,2024-02-03 02:11:35.360,0
1433,02,06,2024-02-03 05:04:00.553,2024-02-03 05:38:01.440,0
1437,02,01,2024-02-05 09:14:59.123,2024-02-05 09:46:07.127,0
1439,02,02,2024-02-05 13:55:40.610,2024-02-05 17:06:18.043,0
1441,02,03,2024-02-05 17:06:18.213,2024-02-05 17:44:14.167,0
1442,02,04,2024-02-05 21:16:50.120,2024-02-05 21:49:18.847,0
1444,02,05,2024-02-06 01:54:03.230,2024-02-06 02:37:27.503,0
1445,02,06,2024-02-06 05:06:22.603,2024-02-06 05:51:20.863,0
1448,02,01,2024-02-06 09:15:24.433,2024-02-06 09:47:12.060,0
1449,02,0K,2024-02-06 13:10:05.107,2024-02-06 13:56:53.217,0
1451,02,02,2024-02-06 13:56:53.663,2024-02-06 14:33:22.763,0
1453,02,03,2024-02-06 17:06:08.930,2024-02-06 17:43:38.490,0
1454,02,04,2024-02-06 21:15:10.413,2024-02-06 21:48:12.520,0
1456,02,05,2024-02-07 01:49:54.583,2024-02-07 02:35:29.817,0
1457,02,06,2024-02-07 05:05:33.997,2024-02-07 05:52:08.347,0
1460,02,01,2024-02-07 09:11:47.587,2024-02-07 09:43:37.817,0
1462,02,02,2024-02-07 13:50:37.860,2024-02-07 14:25:07.267,0
1464,02,03,2024-02-07 17:05:17.590,2024-02-07 17:37:59.873,0
1465,02,04,2024-02-07 21:14:31.107,2024-02-07 21:47:41.143,0
1467,02,05,2024-02-08 01:49:00.830,2024-02-08 02:35:00.013,0
1468,02,06,2024-02-08 05:53:45.713,2024-02-08 05:53:55.407,0
1471,02,01,2024-02-08 09:15:59.093,2024-02-08 09:42:32.160,0
1474,02,02,2024-02-08 14:01:01.833,2024-02-08 14:38:51.027,0
1476,02,03,2024-02-08 17:04:18.347,2024-02-08 17:35:11.833,0
1477,02,04,2024-02-08 21:16:53.387,2024-02-08 21:49:54.940,0
1479,02,05,2024-02-09 01:49:09.917,2024-02-09 02:37:35.593,0
1482,02,01,2024-02-09 09:12:01.437,2024-02-09 09:44:29.153,0
1484,02,02,2024-02-09 13:52:29.653,2024-02-09 14:32:48.477,0
1486,02,03,2024-02-09 17:05:45.827,2024-02-09 17:34:36.297,0
1487,02,04,2024-02-09 21:16:17.657,2024-02-09 21:49:09.860,0
1489,02,05,2024-02-10 01:52:24.220,2024-02-10 02:36:42.123,0
1490,02,06,2024-02-10 05:14:36.023,2024-02-10 05:51:30.350,0
1493,02,01,2024-02-12 09:56:34.000,2024-02-12 09:56:43.717,0
1495,02,02,2024-02-12 13:51:50.223,2024-02-12 14:37:49.700,0
1497,02,03,2024-02-12 17:05:23.957,2024-02-12 17:37:30.667,0
1498,02,04,2024-02-12 21:12:50.737,2024-02-13 01:44:42.960,0
1500,02,05,2024-02-13 01:44:43.370,2024-02-13 02:14:52.330,0
1501,02,06,2024-02-13 05:07:41.747,2024-02-13 05:39:17.077,0
1504,02,01,2024-02-13 09:16:28.563,2024-02-13 09:50:29.590,0
1507,02,03,2024-02-13 17:09:03.447,2024-02-13 17:47:59.357,0
1508,02,04,2024-02-13 21:12:11.243,2024-02-13 21:39:36.767,0
1510,02,05,2024-02-14 01:44:23.220,2024-02-14 02:14:42.183,0
1511,02,06,2024-02-14 05:01:43.580,2024-02-14 05:35:27.723,0
1514,02,01,2024-02-14 09:15:00.023,2024-02-14 09:49:27.710,0
1516,02,02,2024-02-14 13:49:21.490,2024-02-14 14:36:13.227,0
1518,02,03,2024-02-14 17:05:59.467,2024-02-14 17:46:18.077,0
1519,02,04,2024-02-14 21:12:03.290,2024-02-14 21:39:38.830,0
1521,02,05,2024-02-15 01:45:46.623,2024-02-15 02:13:55.790,0
1522,02,06,2024-02-15 05:03:48.287,2024-02-15 05:43:16.787,0
1525,02,01,2024-02-15 09:15:29.280,2024-02-15 09:54:38.193,0
1527,02,02,2024-02-15 13:52:35.907,2024-02-15 14:35:38.860,0
1529,02,03,2024-02-15 17:05:23.937,2024-02-15 17:44:36.617,0
1530,02,04,2024-02-15 21:12:25.907,2024-02-15 21:40:26.120,0
1532,02,05,2024-02-16 01:48:47.717,2024-02-16 02:15:19.537,0
1533,02,06,2024-02-16 05:01:56.883,2024-02-16 05:32:46.690,0
1536,02,01,2024-02-16 09:15:38.363,2024-02-16 09:49:31.653,0
1539,02,03,2024-02-16 17:04:11.443,2024-02-16 17:41:36.657,0
1540,02,04,2024-02-16 21:13:21.187,2024-02-16 21:40:01.523,0
1542,02,05,2024-02-17 01:46:14.983,2024-02-17 02:19:06.803,0
1543,02,06,2024-02-17 05:03:03.150,2024-02-17 05:36:51.283,0
1546,02,01,2024-02-19 09:12:55.257,2024-02-19 09:46:21.893,0
1547,02,0K,2024-02-19 13:22:56.463,2024-02-19 13:53:32.227,0
1549,02,02,2024-02-19 13:53:33.237,2024-02-19 14:30:26.757,0
1551,02,03,2024-02-19 17:03:24.557,2024-02-19 17:39:16.830,0
1552,02,04,2024-02-19 21:15:30.240,2024-02-19 21:49:35.210,0
1554,02,05,2024-02-20 01:49:28.847,2024-02-20 02:35:51.727,0
1555,02,06,2024-02-20 05:47:23.827,2024-02-20 05:47:39.127,0
1558,02,01,2024-02-20 09:13:53.730,2024-02-20 09:46:02.777,0
1560,02,02,2024-02-20 13:57:09.293,2024-02-20 14:39:12.630,0
1562,02,03,2024-02-20 17:04:22.717,2024-02-20 17:35:07.803,0
1563,02,04,2024-02-20 21:17:51.027,2024-02-20 21:48:27.297,0
1565,02,05,2024-02-21 01:51:48.697,2024-02-21 02:37:24.963,0
1566,02,06,2024-02-21 05:06:44.667,2024-02-21 05:45:30.447,0
1569,02,01,2024-02-21 09:13:34.077,2024-02-21 09:50:18.377,0
1571,02,02,2024-02-21 13:55:28.730,2024-02-21 14:32:52.030,0
1573,02,03,2024-02-21 17:05:19.243,2024-02-21 21:16:06.227,0
1574,02,04,2024-02-21 21:16:06.750,2024-02-21 21:46:52.663,0
1576,02,05,2024-02-22 01:49:43.007,2024-02-22 02:34:32.113,0
1577,02,06,2024-02-22 05:05:49.133,2024-02-22 05:48:14.220,0
1580,02,01,2024-02-22 09:14:08.470,2024-02-22 09:43:45.847,0
1582,02,02,2024-02-22 13:52:28.930,2024-02-22 14:37:40.247,0
1584,02,03,2024-02-22 17:03:27.917,2024-02-22 17:34:29.680,0
1586,02,05,2024-02-23 01:48:54.737,2024-02-23 02:35:12.893,0
1587,02,06,2024-02-23 05:05:13.800,2024-02-23 05:47:02.940,0
1590,02,01,2024-02-23 09:13:46.577,2024-02-23 09:52:30.557,0
1592,02,02,2024-02-23 13:57:57.783,2024-02-23 14:28:59.497,0
1594,02,03,2024-02-23 17:04:54.063,2024-02-23 17:36:18.747,0
1595,02,04,2024-02-23 21:47:59.880,2024-02-23 21:48:09.223,0
1597,02,05,2024-02-24 01:54:37.823,2024-02-24 02:36:01.307,0
1598,02,06,2024-02-24 05:06:42.107,2024-02-24 05:45:44.083,0
1600,02,02,2024-02-26 13:55:42.590,2024-02-26 14:42:33.447,0
1602,02,03,2024-02-26 17:05:22.263,2024-02-26 17:43:56.343,0
1603,02,04,2024-02-26 21:23:01.530,2024-02-27 01:47:00.600,0
1605,02,05,2024-02-27 01:47:01.327,2024-02-27 02:23:06.377,0
1606,02,06,2024-02-27 05:03:39.343,2024-02-27 05:39:01.610,0
1609,02,01,2024-02-27 09:15:25.007,2024-02-27 09:49:44.530,0
1611,02,02,2024-02-27 13:52:58.743,2024-02-27 14:37:54.100,0
1613,02,03,2024-02-27 17:04:51.210,2024-02-27 17:41:00.383,0
1614,02,04,2024-02-27 21:15:39.537,2024-02-27 21:45:46.797,0
1616,02,05,2024-02-28 01:46:35.947,2024-02-28 02:17:49.277,0
1617,02,06,2024-02-28 05:02:13.207,2024-02-28 05:44:46.863,0
1620,02,01,2024-02-28 09:15:05.070,2024-02-28 09:52:35.473,0
1622,02,02,2024-02-28 13:52:40.610,2024-02-28 14:36:22.990,0
1624,02,03,2024-02-28 17:07:45.510,2024-02-28 17:50:34.147,0
1625,02,04,2024-02-28 21:15:28.767,2024-02-28 21:43:44.910,0
1627,02,05,2024-02-29 01:48:42.660,2024-02-29 02:23:55.137,0
1628,02,06,2024-02-29 05:05:07.900,2024-02-29 05:44:24.730,0
1631,02,01,2024-02-29 09:15:01.990,2024-02-29 09:48:46.833,0
1633,02,02,2024-02-29 13:51:25.803,2024-02-29 14:36:55.417,0
1635,02,04,2024-02-29 21:22:17.520,2024-03-01 01:44:38.607,0
1637,02,05,2024-03-01 01:44:39.070,2024-03-01 02:20:23.333,0
1638,02,06,2024-03-01 05:04:39.503,2024-03-01 05:42:21.983,0
1641,02,01,2024-03-01 09:15:16.463,2024-03-01 09:49:15.397,0
1643,02,02,2024-03-01 13:50:19.200,2024-03-01 14:36:26.273,0
1645,02,03,2024-03-01 17:09:33.037,2024-03-01 17:33:41.073,0
1646,02,04,2024-03-01 21:26:27.100,2024-03-02 01:50:58.667,0
1648,02,05,2024-03-02 01:50:59.743,2024-03-02 02:21:18.840,0
1649,02,06,2024-03-02 05:05:10.457,2024-03-02 05:40:09.660,0
1653,02,01,2024-03-04 09:17:21.090,2024-03-04 09:49:42.657,0
1656,02,02,2024-03-04 13:54:24.357,2024-03-04 14:37:53.583,0
1658,02,03,2024-03-04 17:06:32.530,2024-03-04 17:37:59.437,0
1659,02,04,2024-03-04 21:15:03.250,2024-03-04 21:50:32.397,0
1661,02,05,2024-03-05 01:49:52.100,2024-03-05 02:33:46.383,0
1662,02,06,2024-03-05 05:05:25.133,2024-03-05 05:46:49.433,0
1666,02,01,2024-03-05 09:18:24.253,2024-03-05 09:45:44.163,0
1669,02,02,2024-03-05 13:54:50.933,2024-03-05 17:03:25.450,0
1671,02,03,2024-03-05 17:03:25.713,2024-03-05 17:42:54.220,0
1672,02,04,2024-03-05 21:15:09.590,2024-03-05 21:50:55.133,0
1674,02,05,2024-03-06 01:54:29.133,2024-03-06 02:32:28.557,0
1675,02,06,2024-03-06 05:05:01.990,2024-03-06 05:46:53.930,0
1679,02,01,2024-03-06 09:17:08.947,2024-03-06 09:51:23.227,0
1682,02,02,2024-03-06 13:56:16.047,2024-03-06 14:33:53.677,0
1684,02,03,2024-03-06 17:03:33.603,2024-03-06 17:40:37.240,0
1685,02,04,2024-03-06 21:15:58.347,2024-03-06 21:52:46.097,0
1687,02,05,2024-03-07 01:49:21.060,2024-03-07 02:31:22.487,0
1688,02,06,2024-03-07 05:05:31.027,2024-03-07 05:48:02.227,0
1692,02,01,2024-03-07 09:12:42.293,2024-03-07 09:44:20.200,0
1695,02,02,2024-03-07 13:55:21.923,2024-03-07 14:35:21.180,0
1697,02,03,2024-03-07 17:39:26.900,2024-03-07 17:39:36.140,0
1698,02,04,2024-03-07 21:15:27.850,2024-03-07 21:50:30.127,0
1700,02,05,2024-03-08 01:52:27.353,2024-03-08 02:33:33.527,0
1701,02,06,2024-03-08 05:48:47.080,2024-03-08 05:48:56.990,0
1705,02,01,2024-03-08 09:15:37.013,2024-03-08 09:49:08.067,0
1708,02,02,2024-03-08 13:53:40.680,2024-03-08 14:31:10.567,0
1710,02,03,2024-03-08 17:04:58.397,2024-03-08 17:41:33.243,0
1711,02,04,2024-03-08 21:17:29.903,2024-03-08 21:50:50.963,0
1713,02,05,2024-03-09 01:52:03.400,2024-03-09 02:34:12.390,0
1714,02,06,2024-03-09 05:04:49.617,2024-03-09 05:46:09.360,0
1717,02,01,2024-03-11 09:17:03.670,2024-03-11 09:47:13.210,0
1719,02,02,2024-03-11 13:47:33.973,2024-03-11 14:30:27.723,0
1720,02,05,2024-03-11 14:48:02.490,2024-03-11 17:45:15.193,0
1722,02,04,2024-03-11 21:12:44.357,2024-03-12 01:48:03.387,0
1725,02,05,2024-03-12 01:48:04.513,2024-03-12 02:25:22.443,0
1726,02,06,2024-03-12 05:03:18.933,2024-03-12 05:47:02.477,0
1729,02,01,2024-03-12 09:15:36.723,2024-03-12 09:52:31.343,0
1731,02,03,2024-03-12 17:13:05.710,2024-03-12 17:42:47.760,0
1733,02,04,2024-03-12 21:11:28.853,2024-03-12 21:36:12.763,0
1736,02,05,2024-03-13 01:45:00.647,2024-03-13 02:25:40.937,0
1737,02,06,2024-03-13 05:05:24.887,2024-03-13 05:44:33.923,0
1740,02,01,2024-03-13 09:16:30.990,2024-03-13 09:47:07.037,0
1742,02,02,2024-03-13 13:50:20.983,2024-03-13 14:33:40.907,0
1744,02,03,2024-03-13 17:04:46.807,2024-03-13 17:49:08.647,0
1746,02,04,2024-03-13 21:13:27.717,2024-03-14 01:48:05.843,0
1749,02,05,2024-03-14 01:48:06.680,2024-03-14 02:22:49.490,0
1750,02,06,2024-03-14 05:04:56.927,2024-03-14 05:46:36.193,0
1753,02,01,2024-03-14 09:15:34.610,2024-03-14 09:51:08.003,0
1755,02,02,2024-03-14 13:52:21.837,2024-03-14 14:36:15.850,0
1757,02,03,2024-03-14 17:42:52.623,2024-03-14 17:43:08.663,0
1759,02,04,2024-03-14 21:17:13.220,2024-03-14 21:44:01.403,0
1762,02,05,2024-03-15 01:46:54.070,2024-03-15 02:25:47.033,0
1763,02,06,2024-03-15 05:05:52.053,2024-03-15 05:42:33.033,0
1766,02,01,2024-03-15 09:14:54.893,2024-03-15 09:47:03.010,0
1768,02,02,2024-03-15 13:51:19.460,2024-03-15 14:34:40.803,0
1770,02,03,2024-03-15 17:10:10.280,2024-03-15 17:43:52.983,0
1772,02,04,2024-03-15 21:13:43.330,2024-03-15 21:43:13.913,0
1775,02,05,2024-03-16 01:47:13.970,2024-03-16 02:20:31.367,0
1776,02,06,2024-03-16 05:07:06.867,2024-03-16 05:40:30.670,0
1778,02,01,2024-03-18 09:14:48.090,2024-03-18 09:50:27.187,0
1779,02,02,2024-03-18 13:53:31.543,2024-03-18 14:34:52.250,0
1781,02,03,2024-03-18 17:03:39.847,2024-03-18 17:37:12.817,0
1783,02,04,2024-03-18 21:14:49.980,2024-03-18 21:50:50.707,0
1786,02,05,2024-03-19 01:48:31.713,2024-03-19 02:30:19.737,0
1787,02,06,2024-03-19 05:06:25.207,2024-03-19 05:42:38.620,0
1790,02,01,2024-03-19 09:18:29.157,2024-03-19 09:43:55.627,0
1792,02,02,2024-03-19 13:53:22.747,2024-03-19 17:05:03.650,0
1794,02,03,2024-03-19 17:05:04.773,2024-03-19 17:41:58.947,0
1796,02,04,2024-03-19 21:14:58.203,2024-03-19 21:50:20.497,0
1799,02,05,2024-03-20 01:52:02.213,2024-03-20 02:35:04.363,0
1800,02,06,2024-03-20 05:47:25.750,2024-03-20 05:47:29.953,0
1803,02,01,2024-03-20 09:15:01.000,2024-03-20 09:52:37.300,0
1805,02,02,2024-03-20 13:52:22.860,2024-03-20 14:27:53.643,0
1807,02,03,2024-03-20 17:05:13.670,2024-03-20 17:43:56.277,0
1809,02,04,2024-03-20 21:15:06.400,2024-03-20 21:50:51.013,0
1812,02,05,2024-03-21 01:50:51.663,2024-03-21 02:36:39.197,0
1813,02,06,2024-03-21 05:04:33.257,2024-03-21 05:46:58.637,0
1816,02,01,2024-03-21 09:16:48.420,2024-03-21 09:52:10.920,0
1818,02,02,2024-03-21 13:53:32.523,2024-03-21 14:34:27.423,0
1820,02,03,2024-03-21 17:04:38.917,2024-03-21 17:43:59.110,0
1822,02,04,2024-03-21 21:16:19.473,2024-03-21 21:51:12.390,0
1825,02,05,2024-03-22 01:53:14.410,2024-03-22 02:30:43.087,0
1826,02,06,2024-03-22 05:03:53.093,2024-03-22 05:45:29.720,0
1829,02,01,2024-03-22 09:15:12.570,2024-03-22 09:57:37.190,0
1831,02,02,2024-03-22 13:52:22.827,2024-03-22 14:33:31.020,0
1833,02,03,2024-03-22 17:05:02.677,2024-03-22 17:38:21.067,0
1835,02,04,2024-03-22 21:15:09.977,2024-03-22 21:49:42.387,0
1838,02,05,2024-03-23 01:49:03.237,2024-03-23 02:34:17.633,0
1839,02,06,2024-03-23 05:05:16.987,2024-03-23 05:50:52.317,0
1842,02,01,2024-03-25 09:17:40.063,2024-03-25 09:50:52.883,0
1846,02,04,2024-03-25 21:22:27.630,2024-03-25 21:48:02.597,0
1849,02,05,2024-03-26 01:47:44.767,2024-03-26 02:20:57.547,0
1850,02,06,2024-03-26 05:05:59.160,2024-03-26 09:15:42.587,0
1853,02,01,2024-03-26 09:15:43.413,2024-03-26 09:49:52.503,0
1854,02,02,2024-03-26 13:57:04.107,2024-03-26 14:41:34.190,0
1857,02,04,2024-03-26 21:16:28.437,2024-03-26 21:45:24.320,0
1860,02,05,2024-03-27 01:46:48.667,2024-03-27 02:25:04.330,0
1861,02,06,2024-03-27 05:06:03.757,2024-03-27 05:43:30.437,0
1864,02,01,2024-03-27 09:14:08.390,2024-03-27 09:50:18.207,0
1866,02,02,2024-03-27 13:56:48.963,2024-03-27 14:38:08.380,0
1868,02,03,2024-03-27 17:05:54.253,2024-03-27 17:46:54.770,0
1870,02,04,2024-03-27 21:16:49.513,2024-03-27 21:45:15.013,0
1873,02,05,2024-03-28 01:48:12.703,2024-03-28 02:30:06.387,0
1874,02,06,2024-03-28 05:05:15.897,2024-03-28 05:41:27.497,0
1877,02,01,2024-03-28 09:16:49.817,2024-03-28 09:51:05.350,0
1881,02,04,2024-03-28 21:20:14.857,2024-03-29 01:50:06.093,0
1884,02,05,2024-03-29 01:50:06.400,2024-03-29 02:18:33.637,0
1885,02,06,2024-03-29 05:03:22.303,2024-03-29 05:41:07.050,0
1888,02,01,2024-03-29 09:15:46.677,2024-03-29 09:48:49.613,0
1896,02,01,2024-04-01 09:17:27.427,2024-04-01 09:51:30.490,0
1899,02,03,2024-04-01 17:05:29.483,2024-04-01 17:37:51.053,0
1901,02,04,2024-04-01 21:15:56.037,2024-04-01 21:56:11.523,0
1904,02,05,2024-04-02 01:52:04.330,2024-04-02 02:32:42.497,0
1905,02,06,2024-04-02 05:05:09.837,2024-04-02 05:50:22.040,0
1908,02,01,2024-04-02 09:16:47.127,2024-04-02 09:48:41.937,0
1910,02,02,2024-04-02 13:58:17.157,2024-04-02 17:06:25.303,0
1912,02,03,2024-04-02 17:06:25.570,2024-04-02 17:41:10.477,0
1914,02,04,2024-04-02 21:17:44.097,2024-04-02 21:50:08.360,0
1917,02,05,2024-04-03 01:48:25.913,2024-04-03 02:31:48.047,0
1920,02,01,2024-04-03 09:16:42.063,2024-04-03 09:50:48.417,0
1922,02,02,2024-04-03 13:57:43.440,2024-04-03 14:29:18.240,0
1924,02,03,2024-04-03 17:05:35.157,2024-04-03 17:40:00.083,0
1926,02,04,2024-04-03 21:16:27.913,2024-04-03 21:50:31.803,0
1929,02,05,2024-04-04 01:49:58.737,2024-04-04 02:30:49.460,0
1930,02,06,2024-04-04 05:05:38.780,2024-04-04 05:45:22.727,0
