,品番,年,週番号,在庫数（箱）,入庫数（箱）,出庫数（箱）,日量数（箱数）,発注〜印刷LT,発注〜検収LT,発注〜順立装置入庫LT,発注〜順立装置出庫LT,発注〜回収LT,基準在庫日数,基準在庫日数（基準在庫枚数込み）,基準在庫枚数,納入回数（間隔）,納入回数（回数）,納入回数（遅れ）,回収かんばん数,印刷検収LT,検収入庫LT,入庫出庫LT,出庫回収LT,社内LT（検収〜回収LT）,不等ピッチ係数,社内LT/設計値LT,社内LT/設計値LT（基準在庫枚数込み）,順立装置在庫量/設計値MIN,順立装置在庫量/設計値MAX,時間稼働率,加工数,先週からの順立装置在庫量増加率,先週からの社内LT増加率,先週からの回収かんばん増加率,納入かんばん数,納入数/日量数,入庫数/納入数,出庫数/入庫数,回収数/出庫数,回収数/納入数,便Ave,仕入先名_アイシン機工（株）,仕入先名_アイシン精機（株）,仕入先名_サトープレス工業（株）,仕入先名_サンコール（株）,仕入先名_マレリ（株）,仕入先名_ミズショー（株）,仕入先名_三共鋼業（株）,仕入先名_住友商事（株）鉄鋼部輸送機材,仕入先名_住友電装（株）,仕入先名_佐藤工業（株）,仕入先名_岡谷鋼機（株）,仕入先名_愛産樹脂工業（株）,仕入先名_新光ゴム工業（株）,仕入先名_日本精工（株）,仕入先名_（株）オンド,仕入先名_（株）ギフ加藤製作所,仕入先名_（株）ジェイテクト,仕入先名_（株）ニフコ,仕入先名_（株）バルカー,仕入先名_（株）旭工業所,仕入先名_（株）槌屋,仕入先名_（株）浅賀井製作所,箱種類_TP341ﾌﾀﾅｼ,箱種類_サンボックス＃２０Ｂフタナシ,箱種類_サンボックス＃９Ｆフタナシ,箱種類_ＴＰ３４１フタナシ,箱種類_ＴＰ３４２フタアリ,箱種類_ｻﾝﾎﾞｯｸｽ＃24Aﾌﾀｱﾘ,箱種類_ﾃﾝﾊﾞｺ10ﾌﾀﾅｼ,使用工程_1.デフ・大物ギヤ・Brg,使用工程_2.MGケース,使用工程_3.ギヤサブ・共通部品,使用工程_4.TA・カバー・メイン,使用工程_7.ファイナル前半,使用工程_8.ファイナル後半,年＆週番号_2023-36,年＆週番号_2023-37,年＆週番号_2023-38
0,01912ECB040    ,2023,36,30.5,85.0,84.0,17.9,0.25,4.37,4.38,6.26,6.5,0.67,0.8363524453809471,3.0,1.0,4.0,4.0,93.0,4.12,0.009999999999999787,1.88,0.2400000000000002,2.13,0.0,3.17910447761194,2.5467732075917042,13.631284916201114,1.6051546058337718,97.81,480.0,0.0,0.0,0.0,85.0,4.748603351955309,1.0,0.9882352941176472,1.1071428571428572,1.0941176470588236,4.475,0,0,0,0,0,0,0,0,0,0,0,1,0,0,0,0,0,0,0,0,0,0,0,0,0,0,0,1,0,0,0,0,0,0,1,1,0,0
1,01912ECB040    ,2023,37,26.0,92.0,81.0,17.9,0.26,4.4,4.38,5.365,5.7,0.67,0.8363524453809471,3.0,1.0,4.0,4.0,90.0,4.1400000000000015,-0.020000000000000462,0.9850000000000004,0.335,1.2999999999999998,0.0,1.9402985074626864,1.554368624351744,11.620111731843574,1.5303018844349163,93.505,462.0,-0.14754098360655746,-0.3896713615023475,-0.032258064516129004,93.0,5.195530726256983,0.989247311827957,0.8804347826086957,1.1111111111111112,0.967741935483871,4.475,0,0,0,0,0,0,0,0,0,0,0,1,0,0,0,0,0,0,0,0,0,0,0,0,0,0,0,1,0,0,0,0,0,0,1,0,1,0
2,01912ECB040    ,2023,38,27.0,83.0,79.0,17.9,0.25,4.42,4.37,5.93,6.2,0.67,0.8363524453809471,3.0,1.0,4.0,4.0,87.0,4.17,-0.049999999999999815,1.5599999999999996,0.2700000000000005,1.7800000000000002,0.0,2.6567164179104483,2.128289347189312,12.06703910614525,1.5484280235676322,97.085,450.0,0.03846153846153855,0.3692307692307697,-0.033333333333333326,58.0,3.240223463687151,1.4310344827586208,0.9518072289156626,1.1012658227848102,1.5,4.475,0,0,0,0,0,0,0,0,0,0,0,1,0,0,0,0,0,0,0,0,0,0,0,0,0,0,0,1,0,0,0,0,0,0,1,0,0,1
3,01912ECB060    ,2023,36,3.0,4.0,5.0,0.42,0.12,5.41,5.37,11.64,13.135000000000002,0.78,3.9821347565043372,3.0,1.0,4.0,4.0,4.0,5.29,-0.040000000000000036,6.2700000000000005,1.495000000000001,7.725000000000001,0.0,9.903846153846157,1.939914260154593,57.14285714285714,0.05238449219471067,97.81,480.0,0.0,0.0,0.0,4.0,9.523809523809524,1.0,1.25,0.8,1.0,0.105,0,0,0,0,0,0,0,0,0,0,0,0,1,0,0,0,0,0,0,0,0,0,0,0,0,0,0,1,0,0,0,0,0,0,1,1,0,0
4,01912ECB060    ,2023,37,2.0,5.0,4.0,0.84,0.12,5.4,5.36,8.03,9.41,0.78,3.9821347565043372,3.0,1.0,4.0,4.0,5.0,5.28,-0.040000000000000036,2.669999999999999,1.3800000000000008,4.01,0.0,5.1410256410256405,1.0069975641708628,19.047619047619047,0.10362898848237813,93.505,462.0,-0.33333333333333337,-0.4809061488673141,0.25,5.0,5.9523809523809526,1.0,0.8,1.25,1.0,0.21,0,0,0,0,0,0,0,0,0,0,0,0,1,0,0,0,0,0,0,0,0,0,0,0,0,0,0,1,0,0,0,0,0,0,1,0,1,0
5,01912ECB060    ,2023,38,1.0,5.0,3.0,0.96,0.12,5.41,5.36,6.99,8.72,0.78,3.9821347565043372,3.0,1.0,4.0,4.0,5.0,5.29,-0.049999999999999815,1.63,1.7300000000000004,3.3100000000000005,0.0,4.2435897435897445,0.8312124532183435,8.333333333333334,0.11599133931333125,97.085,450.0,-0.5,-0.17456359102244368,0.0,2.0,2.083333333333333,2.5,0.6,1.6666666666666667,2.5,0.24,0,0,0,0,0,0,0,0,0,0,0,0,1,0,0,0,0,0,0,0,0,0,0,0,0,0,0,1,0,0,0,0,0,0,1,0,0,1
6,1040043104R    ,2023,36,4.0,8.0,8.0,1.676,0.22,2.05,2.53,6.76,7.78,0.9,2.563524453809471,3.0,1.0,6.0,4.92,7.0,1.83,0.48,4.23,1.0200000000000005,5.73,0.12,6.366666666666667,2.235203955821469,24.188866670966906,0.16291951772969238,97.81,480.0,0.0,0.0,0.0,7.0,4.176610978520286,1.1428571428571428,1.0,0.875,1.0,0.2793333333333333,0,0,0,0,0,0,0,0,0,0,0,0,0,0,0,1,0,0,0,0,0,0,1,0,0,0,0,0,0,0,1,0,0,0,0,1,0,0
7,1040043104R    ,2023,37,3.0,10.0,8.0,1.79,0.17,3.98,4.41,6.2,7.77,0.9,2.563524453809471,3.0,1.0,6.0,4.92,7.0,3.81,0.43000000000000016,1.79,1.5699999999999994,3.79,0.12,4.211111111111111,1.4784333320354917,16.98626000301978,0.17267088082938267,93.505,462.0,-0.25,-0.3385689354275743,0.0,7.0,3.910614525139665,1.4285714285714286,0.8,0.875,1.0,0.2983333333333333,0,0,0,0,0,0,0,0,0,0,0,0,0,0,0,1,0,0,0,0,0,0,1,0,0,0,0,0,0,0,1,0,0,0,0,0,1,0
8,1040043104R    ,2023,38,4.0,8.0,8.0,1.8519999999999999,0.185,2.035,2.475,6.27,8.055,0.9,2.563524453809471,3.0,1.0,6.0,4.92,6.0,1.85,0.44,3.795,1.785,6.02,0.12,6.688888888888887,2.34832946143896,21.89014068063744,0.17944133978080815,97.085,450.0,0.3333333333333333,0.5883905013192612,-0.1428571428571429,1.0,0.5399568034557235,8.0,1.0,0.75,6.0,0.3086666666666667,0,0,0,0,0,0,0,0,0,0,0,0,0,0,0,1,0,0,0,0,0,0,1,0,0,0,0,0,0,0,1,0,0,0,0,0,0,1
9,33490ECB010    ,2023,36,54.0,435.0,464.0,90.0,0.32,2.31,2.61,4.94,5.13,1.02,1.0520213475650433,3.0,1.0,6.0,4.92,514.0,1.99,0.2999999999999998,2.3300000000000005,0.1899999999999995,2.82,0.23,2.764705882352941,2.6805539702469283,6.081081081081082,2.1109350237717908,97.81,480.0,0.0,0.0,0.0,486.0,5.4,0.8950617283950617,1.0666666666666669,1.1077586206896552,1.0576131687242798,15.0,0,0,0,0,1,0,0,0,0,0,0,0,0,0,0,0,0,0,0,0,0,0,1,0,0,0,0,0,0,0,0,0,0,1,0,1,0,0
10,33490ECB010    ,2023,37,39.0,444.0,436.0,84.0,0.15,4.07,4.25,4.9,5.03,1.02,1.0520213475650433,3.0,1.0,6.0,4.92,486.0,3.92,0.17999999999999972,0.6500000000000004,0.1299999999999999,0.96,0.23,0.9411764705882352,0.9125290111478904,4.705598455598455,1.7026405171469268,93.505,462.0,-0.2777777777777778,-0.6595744680851063,-0.054474708171206254,497.0,5.916666666666668,0.8933601609657947,0.981981981981982,1.1146788990825691,0.977867203219316,14.0,0,0,0,0,1,0,0,0,0,0,0,0,0,0,0,0,0,0,0,0,0,0,1,0,0,0,0,0,0,0,0,0,0,1,0,0,1,0
11,33490ECB010    ,2023,38,46.0,410.0,432.0,96.0,0.15,2.32,2.61,4.93,5.065,1.02,1.0520213475650433,3.0,1.0,6.0,4.92,470.0,2.17,0.29000000000000004,2.32,0.1349999999999998,2.745,0.23,2.6911764705882355,2.609262641250999,4.856418918918919,1.7929236400984951,97.085,450.0,0.17948717948717952,1.859375,-0.03292181069958844,408.0,4.25,1.0049019607843137,1.053658536585366,1.087962962962963,1.1519607843137254,16.0,0,0,0,0,1,0,0,0,0,0,0,0,0,0,0,0,0,0,0,0,0,0,1,0,0,0,0,0,0,0,0,0,0,1,0,0,0,1
12,33490ECE010    ,2023,36,98.0,605.0,620.0,133.75,0.32,2.31,2.64,5.115,5.27,1.02,1.042772559066325,3.0,1.0,6.0,4.92,680.0,1.99,0.3300000000000001,2.475,0.15499999999999936,2.9599999999999995,0.23,2.9019607843137254,2.8385863957240267,7.426117706491537,2.6919168930391844,97.81,480.0,0.0,0.0,0.0,651.0,4.867289719626168,0.9293394777265744,1.0247933884297522,1.0967741935483872,1.0445468509984641,22.29166666666667,0,0,0,0,1,0,0,0,0,0,0,0,0,0,0,0,0,0,0,0,0,0,1,0,0,0,0,0,0,0,0,0,0,1,0,1,0,0
13,33490ECE010    ,2023,37,74.5,592.0,588.0,138.25,0.15,4.07,4.38,5.02,5.21,1.02,1.042772559066325,3.0,1.0,6.0,4.92,647.0,3.92,0.3099999999999996,0.6399999999999997,0.1900000000000004,1.1399999999999997,0.23,1.117647058823529,1.093239355109929,5.461609891989638,2.1035822799653037,93.505,462.0,-0.2397959183673469,-0.6148648648648649,-0.04852941176470593,666.0,4.817359855334539,0.8888888888888888,0.9932432432432432,1.1003401360544218,0.9714714714714716,23.04166666666667,0,0,0,0,1,0,0,0,0,0,0,0,0,0,0,0,0,0,0,0,0,0,1,0,0,0,0,0,0,0,0,0,0,1,0,0,1,0
14,33490ECE010    ,2023,38,92.0,546.0,574.0,127.75,0.15,2.32,2.59,5.14,5.3,1.02,1.042772559066325,3.0,1.0,6.0,4.92,625.0,2.17,0.27,2.55,0.16000000000000014,2.98,0.23,2.92156862745098,2.857766033532973,7.298884011212777,2.6302209018806737,97.085,450.0,0.2348993288590604,1.6140350877192988,-0.03400309119010814,515.0,4.031311154598826,1.0601941747572816,1.051282051282051,1.088850174216028,1.2135922330097086,21.291666666666668,0,0,0,0,1,0,0,0,0,0,0,0,0,0,0,0,0,0,0,0,0,0,1,0,0,0,0,0,0,0,0,0,0,1,0,0,0,1
15,34989ECB010    ,2023,37,2.0,2.0,2.0,0.342,0.255,3.475,3.87,14.32,17.295,0.88,8.24196319018405,3.0,1.0,6.0,4.92,2.0,3.22,0.3950000000000005,10.45,2.9750000000000014,13.820000000000002,0.0,15.704545454545455,1.6767849699279462,59.26979611190137,0.033701865415589075,93.505,462.0,0.0,0.0,0.0,2.0,5.847953216374267,1.0,1.0,1.0,1.0,0.057,0,0,0,0,0,0,0,0,0,0,0,0,0,0,0,0,0,0,0,0,1,0,0,0,0,1,0,0,0,0,0,0,0,1,0,0,1,0
17,34989ECB020    ,2023,36,7.0,6.0,9.0,1.79,0.26,3.475,3.905,8.745000000000001,9.405,0.88,2.543524453809471,3.0,1.0,6.0,4.92,6.0,3.215,0.4300000000000006,4.840000000000002,0.6600000000000001,5.9300000000000015,0.0,6.738636363636365,2.331410649942272,39.634606673712824,0.17490188001450224,97.81,480.0,0.0,0.0,0.0,7.0,3.910614525139665,0.8571428571428571,1.5,0.6666666666666666,0.8571428571428571,0.2983333333333333,0,0,0,0,0,0,0,0,0,0,0,0,0,0,0,0,0,0,0,0,1,0,1,0,0,0,0,0,0,0,0,0,0,0,1,1,0,0
18,34989ECB020    ,2023,37,6.0,8.0,9.0,1.79,0.26,2.54,2.95,8.91,9.34,0.88,2.543524453809471,3.0,1.0,6.0,4.92,9.0,2.28,0.41000000000000014,5.96,0.4299999999999997,6.8,0.0,7.7272727272727275,2.673455720001256,33.97252000603956,0.17461985739025307,93.505,462.0,-0.1428571428571429,0.14671163575042126,0.5,8.0,4.46927374301676,1.0,1.125,1.0,1.125,0.2983333333333333,0,0,0,0,0,0,0,0,0,0,0,0,0,0,0,0,0,0,0,0,1,0,1,0,0,0,0,0,0,0,0,0,0,0,1,0,1,0
19,34989ECB020    ,2023,38,6.0,7.0,9.0,1.79,0.27,4.5,4.8,8.71,10.18,0.88,2.543524453809471,3.0,1.0,6.0,4.92,9.0,4.23,0.2999999999999998,3.910000000000001,1.4699999999999989,5.68,0.0,6.454545454545454,2.2331218367069314,33.97252000603956,0.17461985739025307,97.085,450.0,0.0,-0.16470588235294115,0.0,2.0,1.11731843575419,3.5,1.2857142857142858,1.0,4.5,0.2983333333333333,0,0,0,0,0,0,0,0,0,0,0,0,0,0,0,0,0,0,0,0,1,0,1,0,0,0,0,0,0,0,0,0,0,0,1,0,0,1
21,34989ECB030    ,2023,37,4.0,4.0,4.0,0.895,0.26,4.5,4.85,11.31,13.0,0.88,4.207048907618941,3.0,1.0,6.0,4.92,3.0,4.24,0.34999999999999964,6.460000000000001,1.6899999999999995,8.5,0.0,9.659090909090908,2.020418632311725,45.29669334138608,0.08793023437786217,93.505,462.0,0.0,0.6129032258064517,0.0,4.0,4.46927374301676,1.0,1.0,0.75,0.75,0.14916666666666667,0,0,0,0,0,0,0,0,0,0,0,0,0,0,0,0,0,0,0,0,1,0,1,0,0,0,0,0,0,0,0,0,0,0,1,0,1,0
22,34989ECB030    ,2023,38,3.0,2.0,4.0,0.895,0.27,4.5,4.8,8.92,11.52,0.88,4.207048907618941,3.0,1.0,6.0,4.92,5.0,4.23,0.2999999999999998,4.12,2.6,7.02,0.0,7.9772727272727275,1.6686280939798015,33.97252000603956,0.08780546911397824,97.085,450.0,-0.25,-0.1741176470588236,0.6666666666666667,1.0,1.11731843575419,2.0,2.0,1.25,5.0,0.14916666666666667,0,0,0,0,0,0,0,0,0,0,0,0,0,0,0,0,0,0,0,0,1,0,1,0,0,0,0,0,0,0,0,0,0,0,1,0,0,1
25,34989ECE020    ,2023,37,2.0,3.0,2.0,0.434,0.25,4.49,4.85,8.44,13.89,0.88,7.437377049180328,3.0,1.0,6.0,4.92,3.0,4.24,0.35999999999999943,3.59,5.450000000000001,9.4,0.0,10.681818181818182,1.2638864397813436,46.705691866982185,0.04273529366763282,93.505,462.0,0.0,0.0,0.0,2.0,4.6082949308755765,1.5,0.6666666666666666,1.5,1.5,0.07233333333333332,0,0,0,0,0,0,0,0,0,0,0,0,0,0,0,0,0,0,0,0,1,0,1,0,0,0,0,0,0,0,0,0,0,1,0,0,1,0
28,35145ECB010    ,2023,36,7.0,18.0,19.0,3.48,0.1,1.87,2.17,5.025,5.83,0.82,1.6205336891260838,3.0,1.0,4.0,4.0,20.0,1.77,0.2999999999999998,2.8550000000000004,0.8049999999999997,3.96,0.0,4.829268292682927,2.4436394174165774,16.091954022988507,0.4084978280525989,97.81,480.0,0.0,0.0,0.0,18.0,5.172413793103448,1.0,1.0555555555555556,1.0526315789473684,1.1111111111111112,0.87,0,0,0,0,0,0,1,0,0,0,0,0,0,0,0,0,0,0,0,0,0,0,0,0,0,0,0,1,0,0,1,0,0,0,0,1,0,0
29,35145ECB010    ,2023,37,7.0,21.0,17.0,3.36,0.1,3.82,3.91,5.3,5.7,0.82,1.6205336891260838,3.0,1.0,4.0,4.0,17.0,3.72,0.0900000000000003,1.3899999999999997,0.4000000000000004,1.8800000000000003,0.0,2.292682926829269,1.160111642611911,16.666666666666664,0.3960470730235366,93.505,462.0,0.0,-0.5252525252525251,-0.15000000000000002,18.0,5.3571428571428585,1.1666666666666667,0.8095238095238095,1.0,0.9444444444444444,0.84,0,0,0,0,0,0,1,0,0,0,0,0,0,0,0,0,0,0,0,0,0,0,0,0,0,0,0,1,0,0,1,0,0,0,0,0,1,0
30,35145ECB010    ,2023,38,7.0,20.0,20.0,3.84,0.11,1.87,2.29,5.98,6.2,0.82,1.6205336891260838,3.0,1.0,4.0,4.0,19.0,1.76,0.4199999999999999,3.69,0.21999999999999967,4.33,0.0,5.2804878048780495,2.6719592619731767,14.583333333333336,0.4448587044019828,97.085,450.0,0.0,1.3031914893617018,0.11764705882352945,12.0,3.125,1.6666666666666667,1.0,0.95,1.5833333333333333,0.96,0,0,0,0,0,0,1,0,0,0,0,0,0,0,0,0,0,0,0,0,0,0,0,0,0,0,0,1,0,0,1,0,0,0,0,0,0,1
31,35145ECE010    ,2023,36,7.0,24.0,23.0,5.35,0.1,1.86,2.22,5.13,5.78,0.82,1.3893139766581268,3.0,1.0,4.0,4.0,27.0,1.76,0.3600000000000001,2.91,0.6500000000000004,3.92,0.0,4.780487804878049,2.8215364315481923,10.467289719626168,0.5798402923200192,97.81,480.0,0.0,0.0,0.0,24.0,4.485981308411216,1.0,0.9583333333333334,1.173913043478261,1.125,1.3375,0,0,0,0,0,0,1,0,0,0,0,0,0,0,0,0,0,0,0,0,0,0,0,0,0,0,0,1,0,0,1,0,0,0,0,1,0,0
32,35145ECE010    ,2023,37,7.0,26.0,23.0,5.47,0.1,1.87,2.23,5.01,5.57,0.82,1.3893139766581268,3.0,1.0,4.0,4.0,21.0,1.77,0.3599999999999999,2.78,0.5600000000000005,3.7,0.0,4.512195121951219,2.663184897124569,10.237659963436931,0.5892920600089848,93.505,462.0,0.0,-0.05612244897959173,-0.2222222222222222,21.0,3.839122486288848,1.238095238095238,0.8846153846153846,0.9130434782608696,1.0,1.3675,0,0,0,0,0,0,1,0,0,0,0,0,0,0,0,0,0,0,0,0,0,0,0,0,0,0,0,1,0,0,1,0,0,0,0,0,1,0
33,35145ECE010    ,2023,38,6.0,24.0,22.0,4.945,0.105,1.87,2.29,5.38,6.09,0.82,1.3893139766581268,3.0,1.0,4.0,4.0,24.0,1.765,0.4199999999999999,3.09,0.71,4.22,0.0,5.146341463414634,3.03747034212586,9.706774519716886,0.5361798756078954,97.085,450.0,-0.1428571428571429,0.14054054054054044,0.1428571428571428,17.0,3.4378159757330637,1.4117647058823528,0.9166666666666666,1.0909090909090908,1.4117647058823528,1.23625,0,0,0,0,0,0,1,0,0,0,0,0,0,0,0,0,0,0,0,0,0,0,0,0,0,0,0,1,0,0,1,0,0,0,0,0,0,1
34,35145ECE020    ,2023,36,6.0,23.0,25.0,5.35,0.56,1.84,2.17,4.43,4.61,0.87,1.4393139766581269,3.0,1.0,4.0,4.0,27.0,1.28,0.32999999999999985,2.26,0.1800000000000006,2.7700000000000005,0.13,3.1839080459770117,1.924527966046386,8.97196261682243,0.5672706066349454,97.81,480.0,0.0,0.0,0.0,25.0,4.672897196261682,0.92,1.0869565217391304,1.08,1.08,1.3375,0,0,0,0,0,0,0,0,0,0,0,0,0,0,0,0,0,0,0,0,0,1,0,0,0,0,0,1,0,0,1,0,0,0,0,1,0,0
35,35145ECE020    ,2023,37,5.0,24.0,23.0,5.53,0.56,1.85,2.17,4.41,5.0,0.87,1.4393139766581269,3.0,1.0,4.0,4.0,25.0,1.29,0.31999999999999984,2.24,0.5899999999999999,3.15,0.13,3.6206896551724137,2.188542632868633,7.2332730560578655,0.5622859271728895,93.505,462.0,-0.16666666666666666,0.13718411552346546,-0.07407407407407407,26.0,4.701627486437613,0.9230769230769232,0.9583333333333334,1.0869565217391304,0.9615384615384616,1.3825,0,0,0,0,0,0,0,0,0,0,0,0,0,0,0,0,0,0,0,0,0,1,0,0,0,0,0,1,0,0,1,0,0,0,0,0,1,0
36,35145ECE020    ,2023,38,5.0,22.0,22.0,5.11,0.29,1.83,2.15,4.81,5.24,0.87,1.4393139766581269,3.0,1.0,4.0,4.0,25.0,1.54,0.31999999999999984,2.66,0.4300000000000006,3.41,0.13,3.9195402298850577,2.369184247010172,7.8277886497064575,0.5341430286599617,97.085,450.0,0.0,0.08253968253968269,0.0,17.0,3.3268101761252438,1.2941176470588236,1.0,1.1363636363636365,1.4705882352941178,1.2775,0,0,0,0,0,0,0,0,0,0,0,0,0,0,0,0,0,0,0,0,0,1,0,0,0,0,0,1,0,0,1,0,0,0,0,0,0,1
37,35174ECB010    ,2023,36,16.0,88.0,93.0,18.0,0.53,1.84,2.0,4.29,4.5,0.87,1.0301067378252171,3.0,1.0,4.0,4.0,103.0,1.31,0.15999999999999992,2.29,0.21,2.66,0.13,3.0574712643678166,2.5822566752799303,7.111111111111112,1.2788632326820604,97.81,480.0,0.0,0.0,0.0,98.0,5.4444444444444455,0.8979591836734694,1.056818181818182,1.10752688172043,1.0510204081632653,4.5,0,0,0,0,0,0,0,0,0,0,0,0,0,0,0,0,0,0,0,0,0,1,0,0,0,0,0,1,0,0,1,0,0,0,0,1,0,0
38,35174ECB010    ,2023,37,14.0,83.0,90.0,16.8,0.56,1.85,2.0,4.04,4.29,0.87,1.0301067378252171,3.0,1.0,4.0,4.0,99.0,1.29,0.1499999999999999,2.04,0.25,2.44,0.13,2.8045977011494254,2.3686865743169285,6.666666666666666,1.1958997722095672,93.505,462.0,-0.125,-0.08270676691729327,-0.03883495145631066,100.0,5.9523809523809526,0.83,1.0843373493975903,1.1,0.99,4.2,0,0,0,0,0,0,0,0,0,0,0,0,0,0,0,0,0,0,0,0,0,1,0,0,0,0,0,1,0,0,1,0,0,0,0,0,1,0
39,35174ECB010    ,2023,38,13.0,81.0,86.0,19.2,0.52,1.825,2.08,4.1400000000000015,4.455,0.87,1.0301067378252171,3.0,1.0,4.0,4.0,94.0,1.3050000000000002,0.2549999999999999,2.0600000000000005,0.3149999999999995,2.63,0.13,3.022988505747126,2.5531334796940666,5.416666666666666,1.1631374888159858,97.085,450.0,-0.0714285714285714,0.07786885245901631,-0.0505050505050505,73.0,3.8020833333333335,1.1095890410958904,1.0617283950617284,1.0930232558139534,1.2876712328767124,4.8,0,0,0,0,0,0,0,0,0,0,0,0,0,0,0,0,0,0,0,0,0,1,0,0,0,0,0,1,0,0,1,0,0,0,0,0,0,1
40,35174ECE010    ,2023,36,15.5,54.0,60.0,13.375,0.29,1.835,2.0,5.0950000000000015,5.555,0.87,1.0977255906632508,3.0,1.0,4.0,4.0,66.0,1.545,0.16500000000000006,3.0950000000000006,0.4599999999999991,3.72,0.13,4.275862068965518,3.3888250685240555,9.271028037383177,1.1668586806441117,97.81,480.0,0.0,0.0,0.0,61.0,4.5607476635514015,0.8852459016393442,1.1111111111111112,1.1,1.0819672131147542,3.34375,0,0,0,0,0,0,0,0,0,0,0,0,0,0,0,0,0,0,0,0,0,1,0,0,0,0,0,1,0,0,1,0,0,0,0,1,0,0
41,35174ECE010    ,2023,37,15.0,55.0,57.0,13.825,0.56,1.85,2.0,4.61,5.03,0.87,1.0977255906632508,3.0,1.0,4.0,4.0,63.0,1.29,0.1499999999999999,2.6100000000000003,0.4199999999999999,3.18,0.13,3.655172413793104,2.896898848899596,8.679927667269439,1.1693692912628235,93.505,462.0,-0.032258064516129004,-0.14516129032258066,-0.04545454545454541,65.0,4.701627486437613,0.8461538461538461,1.0363636363636364,1.1052631578947372,0.9692307692307692,3.45625,0,0,0,0,0,0,0,0,0,0,0,0,0,0,0,0,0,0,0,0,0,1,0,0,0,0,0,1,0,0,1,0,0,0,0,0,1,0
42,35174ECE010    ,2023,38,15.0,51.0,56.0,12.775,0.53,1.83,2.14,4.47,4.91,0.87,1.0977255906632508,3.0,1.0,4.0,4.0,61.0,1.3,0.31000000000000005,2.33,0.4400000000000004,3.08,0.13,3.5402298850574714,2.805801400820992,9.393346379647749,1.134142917543815,97.085,450.0,0.0,-0.03144654088050314,-0.031746031746031744,39.0,3.0528375733855184,1.3076923076923077,1.0980392156862746,1.0892857142857142,1.5641025641025639,3.19375,0,0,0,0,0,0,0,0,0,0,0,0,0,0,0,0,0,0,0,0,0,1,0,0,0,0,0,1,0,0,1,0,0,0,0,0,0,1
43,35174ECE020    ,2023,36,9.0,25.0,28.0,5.761111111111113,0.41,1.83,1.985,5.6400000000000015,5.75,0.87,1.3823825789923143,3.0,1.0,6.0,4.92,30.0,1.42,0.1549999999999998,3.6550000000000007,0.10999999999999943,3.92,0.13,4.505747126436781,2.8356838834423668,15.833094425186994,0.5268908965589743,97.81,480.0,0.0,0.0,0.0,27.0,4.6865959498553496,0.925925925925926,1.12,1.0714285714285714,1.1111111111111112,0.9601851851851856,0,0,0,0,0,0,0,0,0,0,0,0,0,0,0,0,0,0,0,0,0,1,0,0,0,1,0,0,0,0,1,0,0,0,0,1,0,0
44,35174ECE020    ,2023,37,8.0,26.0,26.0,6.144444444444448,0.56,1.85,2.0,4.67,5.6,0.87,1.3823825789923143,3.0,1.0,6.0,4.92,29.0,1.29,0.1499999999999999,2.67,0.9299999999999996,3.75,0.13,4.310344827586206,2.7127077966604274,13.195835980646098,0.5506936845820339,93.505,462.0,-0.11111111111111116,-0.04336734693877553,-0.033333333333333326,29.0,4.719710669077755,0.8965517241379308,1.0,1.1153846153846154,1.0,1.0240740740740746,0,0,0,0,0,0,0,0,0,0,0,0,0,0,0,0,0,0,0,0,0,1,0,0,0,1,0,0,0,0,1,0,0,0,0,0,1,0
45,35174ECE020    ,2023,38,8.0,27.0,25.0,5.677777777777778,0.29,1.845,2.145,5.07,5.4049999999999985,0.87,1.3823825789923143,3.0,1.0,6.0,4.92,28.0,1.5550000000000002,0.2999999999999998,2.9250000000000003,0.3349999999999991,3.5599999999999987,0.13,4.091954022988504,2.5752639349629645,14.28042523932935,0.5157759611675884,97.085,450.0,0.0,-0.05066666666666697,-0.03448275862068961,18.0,3.1702544031311155,1.5,0.925925925925926,1.12,1.5555555555555556,0.9462962962962964,0,0,0,0,0,0,0,0,0,0,0,0,0,0,0,0,0,0,0,0,0,1,0,0,0,1,0,0,0,0,1,0,0,0,0,0,0,1
46,35195ECE010    ,2023,36,7.0,12.0,12.0,2.675,0.1,2.86,3.08,5.94,6.42,0.82,1.9586279533162536,3.0,1.0,4.0,4.0,14.0,2.76,0.2200000000000002,2.8599999999999994,0.4800000000000004,3.56,0.0,4.341463414634147,1.8175988931294385,20.93457943925233,0.3220303822122284,97.81,480.0,0.0,0.0,0.0,12.0,4.485981308411216,1.0,1.0,1.1666666666666667,1.1666666666666667,0.66875,0,0,0,0,0,0,1,0,0,0,0,0,0,0,0,0,0,0,0,0,0,0,0,0,0,0,0,1,0,0,0,0,1,0,0,1,0,0
47,35195ECE010    ,2023,37,8.0,13.0,12.0,2.735,0.1,1.87,2.185,6.72,6.8450000000000015,0.82,1.9586279533162536,3.0,1.0,4.0,4.0,10.0,1.77,0.31499999999999995,4.535,0.1250000000000009,4.9750000000000005,0.0,6.0670731707317085,2.5400433969997067,23.40036563071298,0.33029372781192823,93.505,462.0,0.1428571428571428,0.3974719101123596,-0.2857142857142857,10.0,3.6563071297989036,1.3,0.9230769230769232,0.8333333333333334,1.0,0.68375,0,0,0,0,0,0,1,0,0,0,0,0,0,0,0,0,0,0,0,0,0,0,0,0,0,0,0,1,0,0,0,0,1,0,0,0,1,0
48,35195ECE010    ,2023,38,6.0,13.0,11.0,2.39,0.105,3.835,3.93,7.215,7.814999999999999,0.82,1.9586279533162536,3.0,1.0,4.0,4.0,12.0,3.73,0.0950000000000002,3.285,0.5999999999999996,3.98,0.0,4.853658536585366,2.0320347175997653,20.0836820083682,0.2884520804455438,97.085,450.0,-0.25,-0.20000000000000007,0.2,6.0,2.510460251046025,2.1666666666666665,0.8461538461538461,1.0909090909090908,2.0,0.5975,0,0,0,0,0,0,1,0,0,0,0,0,0,0,0,0,0,0,0,0,0,0,0,0,0,0,0,1,0,0,0,0,1,0,0,0,0,1
49,35195TFG010    ,2023,36,6.0,11.0,12.0,2.675,0.1,3.85,4.055,6.96,7.575,0.82,1.9586279533162536,3.0,1.0,4.0,4.0,12.0,3.75,0.20499999999999965,2.905,0.6150000000000002,3.725,0.0,4.5426829268292686,1.901841538457067,17.94392523364486,0.32006102097970085,97.81,480.0,0.0,0.0,0.0,11.0,4.112149532710281,1.0,1.0909090909090908,1.0,1.0909090909090908,0.66875,0,0,0,0,0,0,1,0,0,0,0,0,0,0,0,0,0,0,0,0,0,0,0,0,0,0,0,1,0,0,1,0,0,0,0,1,0,0
50,35195TFG010    ,2023,37,5.5,13.0,12.0,2.75,0.1,2.845,3.075,5.205,6.27,0.82,1.9586279533162536,3.0,1.0,4.0,4.0,12.0,2.745,0.23000000000000045,2.13,1.0649999999999995,3.425,0.0,4.176829268292684,1.7486730924068332,16.0,0.32689450222882616,93.505,462.0,-0.08333333333333337,-0.08053691275167796,0.0,10.0,3.636363636363636,1.3,0.9230769230769232,1.0,1.2,0.6875,0,0,0,0,0,0,1,0,0,0,0,0,0,0,0,0,0,0,0,0,0,0,0,0,0,0,0,1,0,0,1,0,0,0,0,0,1,0
51,35195TFG010    ,2023,38,5.0,13.0,11.0,2.39,0.1,1.87,2.29,5.85,6.54,0.82,1.9586279533162536,3.0,1.0,4.0,4.0,11.0,1.77,0.4199999999999999,3.56,0.6900000000000004,4.67,0.0,5.695121951219512,2.3843221435153032,16.736401673640167,0.2864771059243705,97.085,450.0,-0.09090909090909094,0.36350364963503656,-0.08333333333333337,8.0,3.3472803347280333,1.625,0.8461538461538461,1.0,1.375,0.5975,0,0,0,0,0,0,1,0,0,0,0,0,0,0,0,0,0,0,0,0,0,0,0,0,0,0,0,1,0,0,1,0,0,0,0,0,0,1
52,35198ECE010    ,2023,36,6.0,12.0,12.0,2.51,0.12,1.95,2.44,6.69,6.81,0.82,1.9586279533162536,3.0,1.0,4.0,4.0,13.0,1.83,0.49,4.25,0.11999999999999922,4.8599999999999985,0.0,5.926829268292682,2.481328826013784,19.123505976095622,0.3018639195045583,97.81,480.0,0.0,0.0,0.0,12.0,4.7808764940239055,1.0,1.0,1.0833333333333333,1.0833333333333333,0.6275,0,0,1,0,0,0,0,0,0,0,0,0,0,0,0,0,0,0,0,0,0,0,0,0,0,0,0,1,0,0,1,0,0,0,0,1,0,0
53,35198ECE010    ,2023,37,6.0,13.0,12.0,2.75,0.12,1.96,2.2,5.045,5.225,0.82,1.9586279533162536,3.0,1.0,4.0,4.0,12.0,1.84,0.2400000000000002,2.845,0.17999999999999972,3.265,0.0,3.981707317073171,1.6669832545133756,17.454545454545453,0.3282357329354719,93.505,462.0,0.0,-0.3281893004115225,-0.07692307692307687,13.0,4.727272727272728,1.0,0.9230769230769232,1.0,0.9230769230769232,0.6875,0,0,1,0,0,0,0,0,0,0,0,0,0,0,0,0,0,0,0,0,0,0,0,0,0,0,0,1,0,0,1,0,0,0,0,0,1,0
54,35198ECE010    ,2023,38,6.0,13.0,11.0,2.555,0.12,3.94,4.11,6.73,7.01,0.82,1.9586279533162536,3.0,1.0,4.0,4.0,13.0,3.82,0.17000000000000035,2.62,0.27999999999999936,3.07,0.0,3.7439024390243913,1.5674237645807234,18.786692759295498,0.30685525754598963,97.085,450.0,0.0,-0.059724349157733614,0.08333333333333326,7.0,2.7397260273972597,1.8571428571428568,0.8461538461538461,1.181818181818182,1.8571428571428568,0.63875,0,0,1,0,0,0,0,0,0,0,0,0,0,0,0,0,0,0,0,0,0,0,0,0,0,0,0,1,0,0,1,0,0,0,0,0,0,1
55,35300ECB010    ,2023,36,121.5,323.0,352.0,74.58333333333333,0.21,1.18,1.7,4.97,5.2,0.91,0.9499245868914272,3.0,1.0,2.0,1.82,392.0,0.97,0.52,3.27,0.23000000000000045,4.0200000000000005,0.14,4.417582417582418,4.2319148861650335,11.553548080351836,2.3110114990030763,97.81,480.0,0.0,0.0,0.0,376.0,5.041340782122905,0.8590425531914894,1.0897832817337458,1.1136363636363635,1.0425531914893618,37.29166666666666,0,1,0,0,0,0,0,0,0,0,0,0,0,0,0,0,0,0,0,0,0,0,0,1,0,0,0,0,0,0,0,1,0,0,0,1,0,0
56,35300ECB010    ,2023,37,134.0,328.0,339.0,74.58333333333333,0.18,1.18,1.68,5.16,5.33,0.91,0.9499245868914272,3.0,1.0,2.0,1.82,377.0,1.0,0.5,3.4800000000000004,0.16999999999999993,4.15,0.14,4.560439560439562,4.368767855120619,12.742184714132886,2.4924196011781605,93.505,462.0,0.10288065843621408,0.03233830845771135,-0.03826530612244894,389.0,5.215642458100558,0.8431876606683805,1.0335365853658536,1.1120943952802358,0.9691516709511568,37.29166666666666,0,1,0,0,0,0,0,0,0,0,0,0,0,0,0,0,0,0,0,0,0,0,0,1,0,0,0,0,0,0,0,1,0,0,0,0,1,0
57,35300ECB010    ,2023,38,126.5,270.0,331.0,74.58333333333333,0.2,1.18,1.53,5.335,5.53,0.91,0.9499245868914272,3.0,1.0,2.0,1.82,358.0,0.98,0.3500000000000001,3.805,0.19500000000000028,4.3500000000000005,0.14,4.780219780219781,4.579310884283059,12.029002733864255,2.3845502527050977,97.085,450.0,-0.05597014925373134,0.04819277108433728,-0.05039787798408489,180.0,2.4134078212290504,1.5,1.225925925925926,1.081570996978852,1.9888888888888892,37.29166666666666,0,1,0,0,0,0,0,0,0,0,0,0,0,0,0,0,0,0,0,0,0,0,0,1,0,0,0,0,0,0,0,1,0,0,0,0,0,1
58,35312ECB010    ,2023,36,6.0,30.0,29.0,5.7142857142857135,0.67,2.03,2.5,4.95,5.39,0.83,1.3343362241494328,3.0,1.0,4.0,4.0,33.0,1.36,0.4700000000000002,2.45,0.4399999999999995,3.36,0.0,4.048192771084337,2.518105960993316,8.4,0.5932203389830508,97.81,480.0,0.0,0.0,0.0,30.0,5.250000000000001,1.0,0.9666666666666668,1.137931034482759,1.1,1.4285714285714284,0,0,0,0,0,0,0,0,0,0,0,0,0,0,0,0,0,0,0,1,0,0,0,0,0,0,0,1,0,0,1,0,0,0,0,1,0,0
59,35312ECB010    ,2023,37,5.0,30.0,27.0,5.333333333333333,0.67,2.02,2.28,4.575,5.29,0.83,1.3343362241494328,3.0,1.0,4.0,4.0,32.0,1.35,0.2599999999999998,2.2950000000000004,0.7149999999999999,3.27,0.0,3.9397590361445785,2.4506566941809953,7.5,0.5494505494505494,93.505,462.0,-0.16666666666666666,-0.02678571428571419,-0.03030303030303028,30.0,5.625,1.0,0.9,1.1851851851851851,1.0666666666666669,1.3333333333333333,0,0,0,0,0,0,0,0,0,0,0,0,0,0,0,0,0,0,0,1,0,0,0,0,0,0,0,1,0,0,1,0,0,0,0,0,1,0
60,35312ECB010    ,2023,38,5.0,31.0,27.0,6.095238095238094,0.68,2.03,2.265,4.635,4.955,0.83,1.3343362241494328,3.0,1.0,4.0,4.0,30.0,1.3499999999999996,0.2349999999999999,2.37,0.3200000000000003,2.9250000000000003,0.0,3.5240963855421694,2.192101171400432,6.5625,0.5958714620131943,97.085,450.0,0.0,-0.10550458715596324,-0.0625,23.0,3.7734375000000013,1.3478260869565215,0.8709677419354839,1.1111111111111112,1.3043478260869563,1.5238095238095235,0,0,0,0,0,0,0,0,0,0,0,0,0,0,0,0,0,0,0,1,0,0,0,0,0,0,0,1,0,0,1,0,0,0,0,0,0,1
61,3539450A010    ,2023,36,2.0,2.0,1.0,0.895,0.225,3.075,3.465,3.705,6.005000000000001,0.84,4.167048907618942,3.0,1.0,4.0,4.0,2.0,2.85,0.3899999999999997,0.2400000000000002,2.3000000000000007,2.9300000000000006,0.0,3.488095238095239,0.7031354958764348,17.877094972067038,0.11021958789881288,97.81,480.0,0.0,0.0,0.0,4.0,4.46927374301676,0.5,0.5,2.0,0.5,0.22375,0,0,0,0,0,1,0,0,0,0,0,0,0,0,0,0,0,0,0,0,0,0,0,0,0,0,0,1,0,0,0,1,0,0,0,1,0,0
62,3539450A010    ,2023,37,2.0,2.0,1.0,0.895,0.23,2.07,2.4850000000000003,8.67,10.035,0.84,4.167048907618942,3.0,1.0,4.0,4.0,4.0,1.84,0.4150000000000005,6.185,1.3650000000000002,7.965,0.0,9.482142857142858,1.9114246500531744,17.877094972067038,0.11021958789881288,93.505,462.0,0.0,1.718430034129692,1.0,3.0,3.35195530726257,0.6666666666666666,0.5,4.0,1.3333333333333333,0.22375,0,0,0,0,0,1,0,0,0,0,0,0,0,0,0,0,0,0,0,0,0,0,0,0,0,0,0,1,0,0,0,1,0,0,0,0,1,0
64,35409ECB010    ,2023,36,5.0,7.0,9.0,1.74,0.11,4.365,4.635,5.92,6.475,0.87,2.471067378252168,3.0,1.0,4.0,8.04,8.0,4.255,0.2699999999999996,1.285,0.5549999999999997,2.1099999999999994,0.0,2.4252873563218382,0.8538820181797073,12.714881497304447,0.3777324743005517,97.81,480.0,0.0,0.0,0.0,7.0,4.022988505747127,1.0,1.2857142857142858,0.8888888888888888,1.1428571428571428,0.435,0,0,0,1,0,0,0,0,0,0,0,0,0,0,0,0,0,0,0,0,0,0,0,0,0,0,1,0,0,0,0,0,1,0,0,1,0,0
65,35409ECB010    ,2023,37,3.0,9.0,8.0,1.6949999999999998,0.1,4.36,4.61,6.245,6.88,0.87,2.471067378252168,3.0,1.0,4.0,8.04,10.0,4.260000000000002,0.25,1.6349999999999998,0.6349999999999998,2.52,0.0,2.896551724137931,1.0198022207643902,7.8314668337379585,0.35971366071433225,93.505,462.0,-0.4,0.19431279620853115,0.25,9.0,5.3097345132743365,1.0,0.8888888888888888,1.25,1.1111111111111112,0.42375,0,0,0,1,0,0,0,0,0,0,0,0,0,0,0,0,0,0,0,0,0,0,0,0,0,0,1,0,0,0,0,0,1,0,0,0,1,0
66,35409ECB010    ,2023,38,3.0,10.0,9.0,1.86,0.1,4.355,4.625,6.18,6.795,0.87,2.471067378252168,3.0,1.0,4.0,8.04,10.0,4.255000000000001,0.2699999999999996,1.5549999999999995,0.6150000000000002,2.4399999999999995,0.0,2.8045977011494245,0.98742754708933,7.136739937196689,0.3898767241629411,97.085,450.0,0.0,-0.031746031746031966,0.0,6.0,3.2258064516129035,1.6666666666666667,0.9,1.1111111111111112,1.6666666666666667,0.465,0,0,0,1,0,0,0,0,0,0,0,0,0,0,0,0,0,0,0,0,0,0,0,0,0,0,1,0,0,0,0,0,1,0,0,0,0,1
67,35441ECB010    ,2023,36,27.0,89.0,91.0,18.64583333333333,0.07,2.23,2.57,6.01,6.08,0.86,1.019698347565709,3.0,1.0,4.0,8.04,99.0,2.16,0.33999999999999986,3.44,0.07000000000000027,3.85,0.0,4.476744186046512,3.775626398915888,6.4072774014930545,2.249807378711669,97.81,480.0,0.0,0.0,0.0,89.0,4.7731843575419015,1.0,1.0224719101123596,1.0879120879120878,1.1123595505617978,4.661458333333332,0,0,0,0,0,0,0,0,0,0,0,0,0,0,0,0,0,1,0,0,0,0,0,0,0,0,1,0,0,0,1,0,0,0,0,1,0,0
68,35441ECB010    ,2023,37,21.5,76.0,86.0,18.64583333333333,0.09,2.23,2.71,5.22,5.3,0.86,1.019698347565709,3.0,1.0,4.0,8.04,95.0,2.14,0.48,2.51,0.08000000000000007,3.07,0.0,3.569767441860465,3.0106942973173445,5.102091264151877,2.0101270642505966,93.505,462.0,-0.20370370370370366,-0.20259740259740264,-0.040404040404040435,98.0,5.255865921787711,0.7755102040816326,1.131578947368421,1.1046511627906976,0.9693877551020408,4.661458333333332,0,0,0,0,0,0,0,0,0,0,0,0,0,0,0,0,0,1,0,0,0,0,0,0,0,0,1,0,0,0,1,0,0,0,0,0,1,0
69,35441ECB010    ,2023,38,25.0,88.0,82.0,18.64583333333333,0.09,2.23,2.625,5.41,5.630000000000001,0.86,1.019698347565709,3.0,1.0,4.0,8.04,90.0,2.14,0.395,2.785,0.22000000000000064,3.4000000000000012,0.0,3.9534883720930236,3.334319417224421,5.932664260641718,2.168931242161356,97.085,450.0,0.16279069767441867,0.1074918566775247,-0.05263157894736848,61.0,3.2715083798882687,1.4426229508196722,0.9318181818181818,1.0975609756097562,1.475409836065574,4.661458333333332,0,0,0,0,0,0,0,0,0,0,0,0,0,0,0,0,0,1,0,0,0,0,0,0,0,0,1,0,0,0,1,0,0,0,0,0,0,1
70,35441TFA010    ,2023,36,6.0,16.0,18.0,3.6,0.07,2.23,2.55,6.19,6.65,0.86,1.6605336891260838,3.0,1.0,1.0,1.9,19.0,2.16,0.31999999999999984,3.640000000000001,0.46,4.42,0.0,5.1395348837209305,2.661794836770933,5.747126436781608,0.6297806625968198,97.81,480.0,0.0,0.0,0.0,16.0,4.4444444444444455,1.0,1.125,1.0555555555555556,1.1875,3.6,0,0,0,0,0,0,0,0,0,0,0,0,0,0,0,0,0,1,0,0,0,0,0,0,1,0,0,0,0,0,1,0,0,0,0,1,0,0
71,35441TFA010    ,2023,37,4.0,15.0,17.0,3.36,0.09,2.23,2.71,5.01,5.82,0.86,1.6605336891260838,3.0,1.0,1.0,1.9,21.0,2.14,0.48,2.3,0.8100000000000005,3.5900000000000003,0.0,4.174418604651163,2.16195553484336,4.105090311986864,0.524034150849555,93.505,462.0,-0.33333333333333337,-0.1877828054298641,0.10526315789473696,19.0,5.654761904761906,0.7894736842105263,1.1333333333333333,1.2352941176470589,1.1052631578947372,3.36,0,0,0,0,0,0,0,0,0,0,0,0,0,0,0,0,0,1,0,0,0,0,0,0,1,0,0,0,0,0,1,0,0,0,0,0,1,0
72,35441TFA010    ,2023,38,3.0,19.0,17.0,3.72,0.09,2.23,2.62,5.025,5.63,0.86,1.6605336891260838,3.0,1.0,1.0,1.9,18.0,2.14,0.3900000000000001,2.405,0.6049999999999995,3.4,0.0,3.953488372093023,2.047534489823795,2.7808676307007785,0.44864055424491817,97.085,450.0,-0.25,-0.05292479108635106,-0.1428571428571429,13.0,3.4946236559139785,1.4615384615384617,0.8947368421052632,1.0588235294117647,1.3846153846153846,3.72,0,0,0,0,0,0,0,0,0,0,0,0,0,0,0,0,0,1,0,0,0,0,0,0,1,0,0,0,0,0,1,0,0,0,0,0,0,1
73,3548255A010    ,2023,36,6.0,6.0,8.0,1.7833333333333334,0.115,1.945,2.44,6.665,6.83,0.82,2.527941929974381,3.0,1.0,4.0,4.0,6.0,1.83,0.4950000000000001,4.225,0.16500000000000006,4.885,0.0,5.9573170731707314,1.9324019836363515,26.91588785046729,0.21857216541350827,97.81,480.0,0.0,0.0,0.0,6.0,3.364485981308411,1.0,1.3333333333333333,0.75,1.0,0.44583333333333336,0,0,1,0,0,0,0,0,0,0,0,0,0,0,0,0,0,0,0,0,0,0,0,0,0,0,0,1,0,0,0,0,1,0,0,1,0,0
74,3548255A010    ,2023,37,4.0,8.0,7.0,1.8433333333333333,0.12,1.96,2.18,4.55,4.92,0.82,2.527941929974381,3.0,1.0,4.0,4.0,9.0,1.84,0.2200000000000002,2.37,0.3700000000000001,2.96,0.0,3.609756097560976,1.1709129726844627,17.359855334538878,0.22330331626624336,93.505,462.0,-0.33333333333333337,-0.3940634595701126,0.5,7.0,3.79746835443038,1.1428571428571428,0.875,1.2857142857142858,1.2857142857142858,0.4608333333333333,0,0,1,0,0,0,0,0,0,0,0,0,0,0,0,0,0,0,0,0,0,0,0,0,0,0,0,1,0,0,0,0,1,0,0,0,1,0
75,3548255A010    ,2023,38,4.0,7.0,8.0,1.6483333333333334,0.12,2.95,3.155,5.77,5.8900000000000015,0.82,2.527941929974381,3.0,1.0,4.0,4.0,8.0,2.83,0.20500000000000007,2.615,0.12000000000000098,2.9400000000000004,0.0,3.585365853658537,1.1630013985447027,19.41354903943377,0.20092375662109424,97.085,450.0,0.0,-0.006756756756756578,-0.11111111111111116,5.0,3.0333670374115265,1.4,1.1428571428571428,1.0,1.6,0.41208333333333336,0,0,1,0,0,0,0,0,0,0,0,0,0,0,0,0,0,0,0,0,0,0,0,0,0,0,0,1,0,0,0,0,1,0,0,0,0,1
78,35556ECB010    ,2023,36,4.0,17.0,18.0,3.6,0.15,3.02,3.485,4.945,5.335,0.9,1.7005336891260838,3.0,1.0,6.0,4.92,20.0,2.87,0.4649999999999999,1.4600000000000004,0.3899999999999997,2.315,0.12,2.572222222222222,1.3613373347455966,11.26126126126126,0.3321911146358617,97.81,480.0,0.0,0.0,0.0,18.0,5.0,0.9444444444444444,1.0588235294117647,1.1111111111111112,1.1111111111111112,0.6,0,0,0,0,0,0,0,0,0,0,0,0,0,0,0,1,0,0,0,0,0,0,1,0,0,0,0,0,0,0,0,0,1,0,0,1,0,0
79,35556ECB010    ,2023,37,4.0,19.0,18.0,3.36,0.17,2.07,2.49,4.89,5.03,0.9,1.7005336891260838,3.0,1.0,6.0,4.92,13.0,1.9,0.4200000000000004,2.3999999999999995,0.14000000000000054,2.9600000000000004,0.12,3.2888888888888888,1.7406300262837868,12.065637065637064,0.3126554223383245,93.505,462.0,0.0,0.27861771058315354,-0.35,13.0,3.8690476190476186,1.4615384615384617,0.9473684210526316,0.7222222222222222,1.0,0.5599999999999999,0,0,0,0,0,0,0,0,0,0,0,0,0,0,0,1,0,0,0,0,0,0,1,0,0,0,0,0,0,0,0,0,1,0,0,0,1,0
80,35556ECB010    ,2023,38,3.0,18.0,17.0,3.6,0.15,2.07,2.5,5.0,5.27,0.9,1.7005336891260838,3.0,1.0,6.0,4.92,17.0,1.92,0.43000000000000016,2.5,0.2699999999999996,3.2,0.12,3.5555555555555562,1.8817621905770667,8.445945945945946,0.32516990860089057,97.085,450.0,-0.25,0.08108108108108092,0.3076923076923077,13.0,3.611111111111111,1.3846153846153846,0.9444444444444444,1.0,1.3076923076923077,0.6,0,0,0,0,0,0,0,0,0,0,0,0,0,0,0,1,0,0,0,0,0,0,1,0,0,0,0,0,0,0,0,0,1,0,0,0,0,1
81,35580ECB011    ,2023,36,54.0,232.0,306.0,60.0,0.17,1.17,1.9,4.045,4.28,0.91,0.9580320213475648,3.0,1.0,2.0,1.82,338.0,1.0,0.73,2.145,0.2350000000000003,3.1100000000000003,0.14,3.417582417582418,3.2462380491473386,6.382978723404253,1.3711507293354943,97.81,480.0,0.0,0.0,0.0,332.0,5.533333333333332,0.6987951807228916,1.3189655172413792,1.1045751633986929,1.0180722891566265,30.0,0,1,0,0,0,0,0,0,0,0,0,0,0,0,0,0,0,0,0,0,0,0,0,1,0,0,0,0,0,0,0,0,0,0,1,1,0,0
82,35580ECB011    ,2023,37,33.0,320.0,304.0,56.0,0.21,1.18,2.11,2.8,3.93,0.91,0.9580320213475648,3.0,1.0,2.0,1.82,329.0,0.97,0.93,0.69,1.1300000000000003,2.75,0.14,3.021978021978022,2.8704677283457167,4.179331306990882,0.9434142611355382,93.505,462.0,-0.3888888888888888,-0.11575562700964635,-0.026627218934911268,338.0,6.0357142857142865,0.9467455621301776,0.95,1.0822368421052628,0.9733727810650888,28.0,0,1,0,0,0,0,0,0,0,0,0,0,0,0,0,0,0,0,0,0,0,0,0,1,0,0,0,0,0,0,0,0,0,0,1,0,1,0
83,35580ECB011    ,2023,38,78.0,309.0,284.0,64.0,0.2,1.18,2.05,5.02,5.23,0.91,0.9580320213475648,3.0,1.0,2.0,1.82,312.0,0.98,0.8699999999999999,2.97,0.21000000000000085,4.050000000000002,0.14,4.4505494505494525,4.22741610901824,8.643617021276594,1.7790502996627275,97.085,450.0,1.3636363636363638,0.4727272727272733,-0.05167173252279633,177.0,2.765625,1.7457627118644068,0.9190938511326858,1.0985915492957747,1.7627118644067796,32.0,0,1,0,0,0,0,0,0,0,0,0,0,0,0,0,0,0,0,0,0,0,0,0,1,0,0,0,0,0,0,0,0,0,0,1,0,0,1
84,35595ECB010    ,2023,36,10.0,45.0,47.0,9.0,0.12,1.95,2.44,4.48,4.99,0.82,1.1402134756504336,3.0,1.0,4.0,4.0,51.0,1.83,0.49,2.0400000000000005,0.5099999999999998,3.04,0.0,3.7073170731707314,2.6661674019120283,8.888888888888891,0.862895493767977,97.81,480.0,0.0,0.0,0.0,45.0,5.0,1.0,1.0444444444444445,1.0851063829787233,1.1333333333333333,2.25,0,0,1,0,0,0,0,0,0,0,0,0,0,0,0,0,0,0,0,0,0,0,0,0,0,0,0,1,0,0,0,0,1,0,0,1,0,0
85,35595ECB010    ,2023,37,7.0,50.0,44.0,8.4,0.12,1.96,2.18,3.93,4.63,0.82,1.1402134756504336,3.0,1.0,4.0,4.0,50.0,1.84,0.2200000000000002,1.7499999999999996,0.7000000000000002,2.67,0.0,3.25609756097561,2.341666764179314,6.666666666666666,0.7619738751814225,93.505,462.0,-0.30000000000000004,-0.12171052631578948,-0.019607843137254943,50.0,5.9523809523809526,1.0,0.88,1.1363636363636365,1.0,2.1,0,0,1,0,0,0,0,0,0,0,0,0,0,0,0,0,0,0,0,0,0,0,0,0,0,0,0,1,0,0,0,0,1,0,0,0,1,0
86,35595ECB010    ,2023,38,8.0,47.0,43.0,9.6,0.12,1.95,2.19,4.5,4.74,0.82,1.1402134756504336,3.0,1.0,4.0,4.0,47.0,1.83,0.24,2.31,0.2400000000000002,2.79,0.0,3.4024390243902443,2.446910214254789,6.666666666666666,0.8379888268156425,97.085,450.0,0.1428571428571428,0.04494382022471921,-0.06000000000000005,39.0,4.0625,1.205128205128205,0.9148936170212766,1.0930232558139534,1.205128205128205,2.4,0,0,1,0,0,0,0,0,0,0,0,0,0,0,0,0,0,0,0,0,0,0,0,0,0,0,0,1,0,0,0,0,1,0,0,0,0,1
87,35771ECB010    ,2023,36,27.0,437.0,459.0,90.0,0.39,1.19,1.41,1.68,1.82,0.7,0.7320213475650433,3.0,1.0,4.0,4.0,502.0,0.7999999999999999,0.22,0.27,0.14000000000000012,0.6300000000000001,0.07,0.9000000000000002,0.8606306388407913,2.4,0.9183673469387756,97.81,480.0,0.0,0.0,0.0,487.0,5.411111111111111,0.8973305954825462,1.0503432494279177,1.093681917211329,1.0308008213552362,22.5,1,0,0,0,0,0,0,0,0,0,0,0,0,0,0,0,0,0,0,0,0,0,0,0,0,0,0,1,0,0,1,0,0,0,0,1,0,0
88,35771ECB010    ,2023,37,19.0,449.0,443.0,84.0,0.39,1.17,1.4,1.59,1.75,0.7,0.7320213475650433,3.0,1.0,4.0,4.0,435.0,0.7799999999999999,0.23,0.1900000000000001,0.15999999999999992,0.5800000000000001,0.07,0.8285714285714287,0.7923266198851728,1.809523809523809,0.7034555712270804,93.505,462.0,-0.2962962962962963,-0.07936507936507943,-0.13346613545816732,441.0,5.25,1.0181405895691609,0.9866369710467706,0.981941309255079,0.9863945578231292,21.0,1,0,0,0,0,0,0,0,0,0,0,0,0,0,0,0,0,0,0,0,0,0,0,0,0,0,0,1,0,0,1,0,0,0,0,0,1,0
89,35771ECB010    ,2023,38,26.5,431.0,433.0,96.0,0.39,1.16,1.35,1.56,1.73,0.7,0.7320213475650433,3.0,1.0,4.0,4.0,450.0,0.7699999999999999,0.1900000000000001,0.21,0.16999999999999993,0.5700000000000001,0.07,0.8142857142857144,0.7786658160940492,2.208333333333333,0.8546089760816985,97.085,450.0,0.3947368421052631,-0.017241379310344862,0.034482758620689724,396.0,4.125,1.0883838383838385,1.0046403712296983,1.039260969976905,1.1363636363636365,24.0,1,0,0,0,0,0,0,0,0,0,0,0,0,0,0,0,0,0,0,0,0,0,0,0,0,0,0,1,0,0,1,0,0,0,0,0,0,1
90,35771ECE010    ,2023,36,47.0,381.0,400.0,89.16666666666669,0.39,1.19,1.42,2.13,2.34,0.7,0.7341588385994876,3.0,1.0,8.0,9.0,434.0,0.7999999999999999,0.23,0.71,0.21,1.15,0.07,1.6428571428571428,1.5664185180877048,4.216822429906541,2.371223745243152,97.81,480.0,0.0,0.0,0.0,421.0,4.721495327102803,0.9049881235154394,1.0498687664041997,1.085,1.0308788598574825,11.145833333333336,1,0,0,0,0,0,0,0,0,0,0,0,0,0,0,0,0,0,0,0,0,0,0,0,0,0,0,0,1,0,1,0,0,0,0,1,0,0
91,35771ECE010    ,2023,37,47.0,384.0,380.0,91.16666666666669,0.39,1.16,1.4,1.87,2.66,0.7,0.7341588385994876,3.0,1.0,8.0,9.0,367.0,0.7699999999999999,0.24,0.4700000000000002,0.79,1.5000000000000002,0.07,2.1428571428571432,2.0431545888100504,4.124314442413162,2.3408145140394008,93.505,462.0,0.0,0.3043478260869568,-0.15437788018433185,378.0,4.146252285191955,1.0158730158730158,0.9895833333333334,0.9657894736842104,0.9708994708994708,11.395833333333336,1,0,0,0,0,0,0,0,0,0,0,0,0,0,0,0,0,0,0,0,0,0,0,0,0,0,0,0,1,0,1,0,0,0,0,0,1,0
92,35771ECE010    ,2023,38,52.0,364.0,372.0,82.41666666666667,0.38,1.16,1.36,2.705,2.925,0.7,0.7341588385994876,3.0,1.0,8.0,9.0,388.0,0.7799999999999999,0.20000000000000007,1.345,0.21999999999999967,1.765,0.07,2.521428571428572,2.4041118994998256,5.047522750252781,2.6707152769656024,97.085,450.0,0.1063829787234043,0.17666666666666653,0.05722070844686655,307.0,3.7249747219413543,1.1856677524429968,1.021978021978022,1.043010752688172,1.263843648208469,10.302083333333334,1,0,0,0,0,0,0,0,0,0,0,0,0,0,0,0,0,0,0,0,0,0,0,0,0,0,0,0,1,0,1,0,0,0,0,0,0,1
93,41310ECB010    ,2023,36,55.0,978.0,924.0,180.0,0.19,1.18,1.62,1.88,1.96,1.1,1.1160106737825215,3.0,1.0,6.0,4.92,974.0,0.99,0.44000000000000017,0.2599999999999998,0.08000000000000007,0.78,0.05,0.7090909090909091,0.6989180465060675,3.096846846846846,1.3065111551013855,97.81,480.0,0.0,0.0,0.0,893.0,4.961111111111111,1.09518477043673,0.9447852760736196,1.0541125541125542,1.0907054871220605,30.0,0,0,0,0,0,0,0,0,0,0,0,0,0,0,1,0,0,0,0,0,0,0,1,0,0,0,0,0,0,1,0,0,0,0,0,1,0,0
94,41310ECB010    ,2023,37,47.0,876.0,905.0,168.0,0.19,1.14,1.54,1.87,1.955,1.1,1.1160106737825215,3.0,1.0,6.0,4.92,790.0,0.95,0.4000000000000001,0.3300000000000001,0.08499999999999996,0.8150000000000002,0.05,0.740909090909091,0.7302797537210834,2.8354247104247103,1.1978970623328635,93.505,462.0,-0.1454545454545455,0.04487179487179516,-0.188911704312115,858.0,5.107142857142857,1.020979020979021,1.0331050228310503,0.8729281767955801,0.9207459207459208,28.0,0,0,0,0,0,0,0,0,0,0,0,0,0,0,1,0,0,0,0,0,0,0,1,0,0,0,0,0,0,1,0,0,0,0,0,0,1,0
95,41310ECB010    ,2023,38,57.5,802.0,862.0,180.0,0.19,1.2,1.46,1.78,1.93,1.1,1.1160106737825215,3.0,1.0,6.0,4.92,871.0,1.01,0.26,0.3200000000000001,0.1499999999999999,0.73,0.05,0.6636363636363636,0.6541156076274733,3.2376126126126117,1.3613458821020077,97.085,450.0,0.22340425531914887,-0.10429447852760754,0.10253164556962037,765.0,4.25,1.0483660130718957,1.0748129675810474,1.0104408352668213,1.138562091503268,30.0,0,0,0,0,0,0,0,0,0,0,0,0,0,0,1,0,0,0,0,0,0,0,1,0,0,0,0,0,0,1,0,0,0,0,0,0,0,1
96,41310ECE010    ,2023,36,136.0,1175.0,1202.0,267.5,0.19,1.18,1.74,2.44,2.53,1.1,1.1113862795331626,3.0,1.0,6.0,4.92,1264.0,0.99,0.56,0.7,0.08999999999999986,1.35,0.05,1.2272727272727273,1.2146991778295726,5.1528163677696375,2.1549282598099007,97.81,480.0,0.0,0.0,0.0,1142.0,4.2691588785046735,1.0288966725043782,1.022978723404255,1.0515806988352745,1.1068301225919441,44.58333333333334,0,0,0,0,0,0,0,0,0,0,0,0,0,0,1,0,0,0,0,0,0,0,1,0,0,0,0,0,0,1,0,0,0,0,0,1,0,0
97,41310ECE010    ,2023,37,152.5,1148.0,1150.0,276.5,0.19,1.14,1.68,2.295,2.47,1.1,1.1113862795331626,3.0,1.0,6.0,4.92,982.0,0.95,0.54,0.615,0.17500000000000027,1.3300000000000003,0.05,1.2090909090909092,1.1967036344543198,5.589902741801477,2.328306976466711,93.505,462.0,0.12132352941176472,-0.014814814814814612,-0.2231012658227848,1099.0,3.974683544303797,1.0445859872611465,1.0017421602787455,0.8539130434782609,0.8935395814376706,46.08333333333334,0,0,0,0,0,0,0,0,0,0,0,0,0,0,1,0,0,0,0,0,0,0,1,0,0,0,0,0,0,1,0,0,0,0,0,0,1,0
98,41310ECE010    ,2023,38,145.0,1047.0,1123.0,255.5,0.19,1.13,1.53,2.395,2.545,1.1,1.1113862795331626,3.0,1.0,6.0,4.92,1142.0,0.94,0.4000000000000001,0.865,0.1499999999999999,1.415,0.05,1.2863636363636364,1.2731846937991445,5.7518379436187645,2.372763763708959,97.085,450.0,-0.049180327868852514,0.06390977443608993,0.1629327902240325,897.0,3.5107632093933465,1.1672240802675586,1.072588347659981,1.0169189670525378,1.2731326644370122,42.583333333333336,0,0,0,0,0,0,0,0,0,0,0,0,0,0,1,0,0,0,0,0,0,0,1,0,0,0,0,0,0,1,0,0,0,0,0,0,0,1
99,5040056001E    ,2023,36,5.0,32.0,29.0,5.8,0.12,1.95,2.33,4.3450000000000015,5.2,0.82,1.3003202134756504,3.0,1.0,4.0,4.0,34.0,1.83,0.3800000000000001,2.015000000000001,0.8549999999999995,3.25,0.0,3.963414634146342,2.4993843564986298,6.896551724137932,0.5789347600415238,97.81,480.0,0.0,0.0,0.0,32.0,5.517241379310344,1.0,0.90625,1.1724137931034482,1.0625,1.45,0,0,1,0,0,0,0,0,0,0,0,0,0,0,0,0,0,0,0,0,0,0,0,0,0,0,0,1,0,0,0,1,0,0,0,1,0,0
100,5040056001E    ,2023,37,5.0,32.0,30.0,5.7,0.12,1.96,2.18,4.375,5.27,0.82,1.3003202134756504,3.0,1.0,4.0,4.0,30.0,1.84,0.2200000000000002,2.195,0.8949999999999996,3.31,0.0,4.036585365853659,2.5455268369262973,7.0175438596491215,0.5728988682734637,93.505,462.0,0.0,0.018461538461538533,-0.11764705882352945,33.0,5.789473684210527,0.9696969696969696,0.9375,1.0,0.9090909090909092,1.425,0,0,1,0,0,0,0,0,0,0,0,0,0,0,0,0,0,0,0,0,0,0,0,0,0,0,0,1,0,0,0,1,0,0,0,0,1,0
101,5040056001E    ,2023,38,5.0,32.0,26.0,6.0,0.12,1.94,2.16,2.95,5.34,0.82,1.3003202134756504,3.0,1.0,4.0,4.0,35.0,1.82,0.2200000000000002,0.79,2.39,3.4,0.0,4.146341463414634,2.6147405575677976,6.666666666666668,0.590551181102362,97.085,450.0,0.0,0.027190332326283876,0.16666666666666674,25.0,4.166666666666667,1.28,0.8125,1.3461538461538465,1.4,1.5,0,0,1,0,0,0,0,0,0,0,0,0,0,0,0,0,0,0,0,0,0,0,0,0,0,0,0,1,0,0,0,1,0,0,0,0,0,1
102,82824ECE010    ,2023,36,17.5,52.0,53.0,11.888888888888893,1.45,5.4,5.37,6.76,6.91,0.78,1.0361912894961571,3.0,1.0,4.0,4.0,59.0,3.95,-0.03000000000000025,1.3899999999999997,0.15000000000000036,1.5099999999999998,0.0,1.9358974358974357,1.457259885608795,11.775700934579435,1.1406322971024794,97.81,480.0,0.0,0.0,0.0,53.0,4.457943925233644,0.981132075471698,1.0192307692307692,1.1132075471698113,1.1132075471698113,2.972222222222223,0,0,0,0,0,0,0,0,1,0,0,0,0,0,0,0,0,0,0,0,0,0,0,0,0,0,0,1,0,0,1,0,0,0,0,1,0,0
103,82824ECE010    ,2023,37,15.0,74.0,69.0,12.288888888888893,1.45,5.4,5.38,6.39,6.94,0.78,1.0361912894961571,3.0,1.0,4.0,4.0,57.0,3.95,-0.020000000000000462,1.0099999999999998,0.5500000000000007,1.54,0.0,1.9743589743589745,1.4862120687665858,9.764918625678117,1.1151102025525876,93.505,462.0,-0.1428571428571429,0.019867549668874274,-0.03389830508474578,57.0,4.6383363471971055,1.2982456140350878,0.9324324324324323,0.8260869565217391,1.0,3.0722222222222237,0,0,0,0,0,0,0,0,1,0,0,0,0,0,0,0,0,0,0,0,0,0,0,0,0,0,0,1,0,0,1,0,0,0,0,0,1,0
104,82824ECE010    ,2023,38,14.0,67.0,63.0,11.355555555555556,1.46,5.425,5.37,6.285,6.765,0.78,1.0361912894961571,3.0,1.0,4.0,4.0,54.0,3.965,-0.054999999999999716,0.915,0.4799999999999995,1.34,0.0,1.717948717948718,1.293197514381315,9.863013698630136,1.0550367163788772,97.085,450.0,-0.06666666666666665,-0.1298701298701298,-0.05263157894736848,40.0,3.522504892367906,1.675,0.9402985074626866,0.8571428571428571,1.35,2.838888888888889,0,0,0,0,0,0,0,0,1,0,0,0,0,0,0,0,0,0,0,0,0,0,0,0,0,0,0,1,0,0,1,0,0,0,0,0,0,1
105,9025006A007    ,2023,36,2.0,17.0,14.0,3.36,0.185,3.98,4.38,4.62,5.7799999999999985,0.9,1.7005336891260838,3.0,1.0,6.0,4.92,18.0,3.795,0.3999999999999999,0.2400000000000002,1.1599999999999993,1.7999999999999994,0.12,1.9999999999999996,1.0584912321995996,6.032818532818532,0.2958221686163517,97.81,480.0,0.0,0.0,0.0,20.0,5.9523809523809526,0.85,0.8235294117647058,1.2857142857142858,0.9,0.5599999999999999,0,0,0,0,0,0,0,0,0,0,0,0,0,0,0,1,0,0,0,0,0,0,1,0,0,0,0,0,0,0,1,0,0,0,0,1,0,0
106,9025006A007    ,2023,37,3.0,17.0,15.0,3.36,0.17,2.045,2.495,3.18,4.505000000000001,0.9,1.7005336891260838,3.0,1.0,6.0,4.92,16.0,1.875,0.4500000000000002,0.685,1.3250000000000006,2.460000000000001,0.12,2.7333333333333343,1.4466046840061204,9.0492277992278,0.3068354406385968,93.505,462.0,0.5,0.3666666666666676,-0.11111111111111116,12.0,3.571428571428572,1.4166666666666667,0.8823529411764706,1.0666666666666669,1.3333333333333333,0.5599999999999999,0,0,0,0,0,0,0,0,0,0,0,0,0,0,0,1,0,0,0,0,0,0,1,0,0,0,0,0,0,0,1,0,0,0,0,0,1,0
107,9025006A007    ,2023,38,2.0,16.0,17.0,3.6,0.23,2.07,2.49,4.6,5.0,0.9,1.7005336891260838,3.0,1.0,6.0,4.92,11.0,1.84,0.4200000000000004,2.1099999999999994,0.4000000000000004,2.93,0.12,3.2555555555555555,1.7229885057471268,5.63063063063063,0.3119817870091909,97.085,450.0,-0.33333333333333337,0.19105691056910531,-0.3125,8.0,2.2222222222222223,2.0,1.0625,0.6470588235294118,1.375,0.6,0,0,0,0,0,0,0,0,0,0,0,0,0,0,0,1,0,0,0,0,0,0,1,0,0,0,0,0,0,0,1,0,0,0,0,0,0,1
108,9033904A002    ,2023,36,3.0,5.0,3.0,0.895,0.12,3.95,4.19,6.69,6.99,0.82,4.147048907618942,3.0,1.0,4.0,4.0,3.0,3.83,0.2400000000000002,2.5,0.2999999999999998,3.04,0.0,3.7073170731707314,0.7330513981677246,26.81564245810056,0.11076592159567283,97.81,480.0,0.0,0.0,0.0,5.0,5.58659217877095,1.0,0.6,1.0,0.6,0.22375,0,0,1,0,0,0,0,0,0,0,0,0,0,0,0,0,0,0,0,0,0,0,0,0,0,0,0,1,0,0,0,0,1,0,0,1,0,0
109,9033904A002    ,2023,37,2.0,5.0,5.0,0.895,0.12,1.96,2.2,5.575,7.045,0.82,4.147048907618942,3.0,1.0,4.0,4.0,4.0,1.84,0.2400000000000002,3.375,1.4699999999999998,5.085,0.0,6.201219512195122,1.226173144632526,17.877094972067038,0.11021958789881288,93.505,462.0,-0.33333333333333337,0.6726973684210527,0.3333333333333333,4.0,4.46927374301676,1.25,1.0,0.8,1.0,0.22375,0,0,1,0,0,0,0,0,0,0,0,0,0,0,0,0,0,0,0,0,0,0,0,0,0,0,0,1,0,0,0,0,1,0,0,0,1,0
110,9033904A002    ,2023,38,2.0,3.0,3.0,0.957,0.12,1.94,3.46,5.75,7.03,0.82,4.147048907618942,3.0,1.0,4.0,4.0,5.0,1.82,1.52,2.29,1.2800000000000002,5.09,0.0,6.207317073170732,1.2273788212742494,16.718913270637408,0.11760545920854955,97.085,450.0,0.0,0.000983284169124854,0.25,2.0,2.089864158829676,1.5,1.0,1.6666666666666667,2.5,0.23925,0,0,1,0,0,0,0,0,0,0,0,0,0,0,0,0,0,0,0,0,0,0,0,0,0,0,0,1,0,0,0,0,1,0,0,0,0,1
113,9034118060,2023,36,7.0,7.0,8.0,1.7833333333333334,0.23,4.91,5.18,9.87,10.73,0.94,2.6479419299743805,3.0,1.0,4.0,4.0,5.0,4.68,0.2699999999999996,4.69,0.8600000000000012,5.82,0.0,6.1914893617021285,2.1979333965440517,31.401869158878498,0.21918241156253068,97.81,480.0,0.0,0.0,0.0,7.0,3.925233644859813,1.0,1.1428571428571428,0.625,0.7142857142857143,0.44583333333333336,0,0,0,0,0,0,0,1,0,0,0,0,0,0,0,0,0,0,0,0,0,0,0,0,0,0,0,1,0,0,1,0,0,0,0,1,0,0
114,9034118060,2023,37,6.0,8.0,7.0,1.8333333333333333,0.205,4.9,5.15,7.525,9.32,0.94,2.6479419299743805,3.0,1.0,4.0,4.0,8.0,4.695,0.25,2.375,1.795,4.42,0.0,4.702127659574468,1.669220895657166,26.181818181818183,0.2244516238734909,93.505,462.0,-0.1428571428571429,-0.2405498281786942,0.6000000000000001,6.0,3.272727272727273,1.3333333333333333,0.875,1.1428571428571428,1.3333333333333333,0.4583333333333333,0,0,0,0,0,0,0,1,0,0,0,0,0,0,0,0,0,0,0,0,0,0,0,0,0,0,0,1,0,0,1,0,0,0,0,0,1,0
115,9034118060,2023,38,7.0,7.0,8.0,1.7033333333333334,0.2,4.88,5.14,7.51,8.85,0.94,2.6479419299743805,3.0,1.0,4.0,4.0,9.0,4.68,0.2599999999999998,2.37,1.34,3.97,0.0,4.223404255319149,1.499277591800667,32.87671232876712,0.20965797030570266,97.085,450.0,0.16666666666666674,-0.1018099547511312,0.125,3.0,1.761252446183953,2.333333333333333,1.1428571428571428,1.125,3.0,0.4258333333333333,0,0,0,0,0,0,0,1,0,0,0,0,0,0,0,0,0,0,0,0,0,0,0,0,0,0,0,1,0,0,1,0,0,0,0,0,0,1
116,9036324A003    ,2023,36,7.0,86.0,84.0,16.363636363636363,0.15,1.34,1.55,1.94,2.1900000000000004,0.74,0.9161174116077384,3.0,1.0,4.0,4.0,88.0,1.1900000000000002,0.21,0.3899999999999999,0.25000000000000044,0.8500000000000003,0.09,1.1486486486486491,0.9278286704629864,3.4222222222222225,0.8402036857419981,97.81,480.0,0.0,0.0,0.0,84.0,5.133333333333334,1.0238095238095235,0.9767441860465116,1.0476190476190477,1.0476190476190477,4.090909090909091,0,0,0,0,0,0,0,0,0,0,0,0,0,1,0,0,0,0,0,0,0,0,0,0,0,0,0,1,0,1,0,0,0,0,0,1,0,0
117,9036324A003    ,2023,37,7.0,84.0,80.0,15.272727272727273,0.12,1.32,1.55,1.83,2.13,0.74,0.9161174116077384,3.0,1.0,4.0,4.0,69.0,1.2000000000000002,0.23,0.28,0.2999999999999998,0.8099999999999998,0.09,1.0945945945945943,0.8841661447941394,3.666666666666666,0.8486407053637032,93.505,462.0,0.0,-0.04705882352941226,-0.2159090909090909,72.0,4.714285714285714,1.1666666666666667,0.9523809523809524,0.8625,0.9583333333333334,3.8181818181818175,0,0,0,0,0,0,0,0,0,0,0,0,0,1,0,0,0,0,0,0,0,0,0,0,0,0,0,1,0,1,0,0,0,0,0,0,1,0
118,9036324A003    ,2023,38,7.0,76.0,78.0,16.363636363636363,0.11,1.33,1.54,1.8,2.08,0.74,0.9161174116077384,3.0,1.0,4.0,4.0,77.0,1.22,0.21,0.26,0.28,0.75,0.09,1.0135135135135136,0.81867235629087,3.4222222222222225,0.8402036857419981,97.085,450.0,0.0,-0.07407407407407385,0.11594202898550733,68.0,4.155555555555557,1.1176470588235294,1.0263157894736843,0.9871794871794872,1.1323529411764706,4.090909090909091,0,0,0,0,0,0,0,0,0,0,0,0,0,1,0,0,0,0,0,0,0,0,0,0,0,0,0,1,0,1,0,0,0,0,0,0,0,1
119,9036324A004    ,2023,36,19.0,147.0,145.0,27.93333333333333,0.16,1.34,1.55,2.14,2.29,0.74,0.8398114672285683,3.0,1.0,4.0,4.0,149.0,1.1800000000000002,0.21,0.5900000000000001,0.1499999999999999,0.95,0.09,1.2837837837837838,1.1312062731592138,5.441527446300716,1.374667168575879,97.81,480.0,0.0,0.0,0.0,143.0,5.119331742243436,1.027972027972028,0.9863945578231292,1.0275862068965518,1.041958041958042,6.9833333333333325,0,0,0,0,0,0,0,0,0,0,0,0,0,1,0,0,0,0,0,0,0,0,0,0,0,0,0,1,0,1,0,0,0,0,0,1,0,0
120,9036324A004    ,2023,37,17.0,145.0,140.0,29.83333333333333,0.12,1.32,1.55,2.11,2.26,0.74,0.8398114672285683,3.0,1.0,4.0,4.0,120.0,1.2000000000000002,0.23,0.5599999999999998,0.1499999999999999,0.9399999999999996,0.09,1.2702702702702695,1.119298838704906,4.558659217877096,1.2584520584768717,93.505,462.0,-0.10526315789473684,-0.01052631578947405,-0.19463087248322156,124.0,4.156424581005587,1.1693548387096775,0.9655172413793104,0.8571428571428571,0.967741935483871,7.458333333333332,0,0,0,0,0,0,0,0,0,0,0,0,0,1,0,0,0,0,0,0,0,0,0,0,0,0,0,1,0,1,0,0,0,0,0,0,1,0
121,9036324A004    ,2023,38,17.5,129.0,134.0,27.93333333333333,0.11,1.32,1.54,2.135,2.29,0.74,0.8398114672285683,3.0,1.0,4.0,4.0,132.0,1.21,0.22,0.5949999999999998,0.15500000000000025,0.97,0.09,1.3108108108108107,1.1550211420678291,5.0119331742243425,1.3067568193726142,97.085,450.0,0.02941176470588225,0.03191489361702171,0.10000000000000007,112.0,4.0095465393794765,1.1517857142857142,1.0387596899224807,0.9850746268656716,1.1785714285714286,6.9833333333333325,0,0,0,0,0,0,0,0,0,0,0,0,0,1,0,0,0,0,0,0,0,0,0,0,0,0,0,1,0,1,0,0,0,0,0,0,0,1
122,9036324A005    ,2023,36,18.0,112.0,113.0,24.318181818181817,0.15,1.34,1.54,2.29,2.46,0.74,0.8652490748647879,3.0,1.0,8.0,9.0,115.0,1.1900000000000002,0.2,0.75,0.16999999999999993,1.12,0.09,1.5135135135135136,1.294424961014864,5.921495327102805,1.7686633280565343,97.81,480.0,0.0,0.0,0.0,108.0,4.441121495327104,1.037037037037037,1.0089285714285714,1.0176991150442478,1.0648148148148149,3.039772727272727,0,0,0,0,0,0,0,0,0,0,0,0,0,1,0,0,0,0,0,0,0,0,0,0,0,0,0,0,1,1,0,0,0,0,0,1,0,0
123,9036324A005    ,2023,37,16.0,111.0,108.0,24.863636363636363,0.15,1.32,1.55,2.2300000000000004,2.43,0.74,0.8652490748647879,3.0,1.0,8.0,9.0,92.0,1.1700000000000002,0.23,0.6800000000000004,0.19999999999999973,1.11,0.09,1.5000000000000002,1.2828675952915172,5.148080438756856,1.6843493872009512,93.505,462.0,-0.11111111111111116,-0.008928571428571397,-0.2,95.0,3.8208409506398535,1.168421052631579,0.972972972972973,0.8518518518518519,0.9684210526315791,3.1079545454545454,0,0,0,0,0,0,0,0,0,0,0,0,0,1,0,0,0,0,0,0,0,0,0,0,0,0,0,0,1,1,0,0,0,0,0,0,1,0
124,9036324A005    ,2023,38,16.5,101.0,103.0,21.727272727272727,0.14,1.31,1.54,2.24,2.43,0.74,0.8652490748647879,3.0,1.0,8.0,9.0,103.0,1.17,0.23,0.7000000000000002,0.18999999999999995,1.12,0.09,1.5135135135135136,1.294424961014864,6.075313807531381,1.6704485394141098,97.085,450.0,0.03125,0.009009009009008915,0.11956521739130445,85.0,3.9121338912133883,1.188235294117647,1.0198019801980198,1.0,1.2117647058823529,2.715909090909091,0,0,0,0,0,0,0,0,0,0,0,0,0,1,0,0,0,0,0,0,0,0,0,0,0,0,0,0,1,1,0,0,0,0,0,0,0,1
125,9036340A010    ,2023,36,15.0,109.0,106.0,21.6625,0.16,1.34,1.55,2.255,2.545,0.76,0.8930819563047576,3.0,1.0,4.0,4.0,112.0,1.1800000000000002,0.21,0.7049999999999998,0.29000000000000004,1.2049999999999998,0.09,1.5855263157894737,1.34926026832503,5.539526832083093,1.2460255075729485,97.81,480.0,0.0,0.0,0.0,106.0,4.893248701673398,1.028301886792453,0.9724770642201837,1.0566037735849056,1.0566037735849056,5.415625,0,0,0,0,0,0,0,0,0,0,0,0,0,1,0,0,0,0,0,0,0,0,0,0,0,0,0,1,0,0,0,0,0,0,0,1,0,0
126,9036340A010    ,2023,37,15.0,107.0,102.0,22.375,0.12,1.32,1.55,2.24,2.62,0.76,0.8930819563047576,3.0,1.0,4.0,4.0,89.0,1.2000000000000002,0.23,0.6900000000000002,0.3799999999999999,1.3,0.09,1.7105263157894737,1.4556334845000325,5.363128491620111,1.242171371072674,93.505,462.0,0.0,0.07883817427385909,-0.2053571428571429,93.0,4.156424581005586,1.1505376344086022,0.9532710280373832,0.8725490196078431,0.956989247311828,5.59375,0,0,0,0,0,0,0,0,0,0,0,0,0,1,0,0,0,0,0,0,0,0,0,0,0,0,0,1,0,0,0,0,0,0,0,0,1,0
127,9036340A010    ,2023,38,15.0,96.0,100.0,20.95,0.11,1.32,1.54,2.2350000000000003,2.62,0.76,0.8930819563047576,3.0,1.0,4.0,4.0,98.0,1.21,0.22,0.6950000000000003,0.3849999999999998,1.3,0.09,1.7105263157894737,1.4556334845000325,5.727923627684962,1.2486552370507895,97.085,450.0,0.0,0.0,0.101123595505618,78.0,3.7231503579952263,1.2307692307692308,1.0416666666666667,0.98,1.2564102564102564,5.2375,0,0,0,0,0,0,0,0,0,0,0,0,0,1,0,0,0,0,0,0,0,0,0,0,0,0,0,1,0,0,0,0,0,0,0,0,0,1
128,9036345A004    ,2023,36,16.0,35.0,47.0,9.944444444444443,0.13,2.46,2.71,5.6850000000000005,5.8,0.87,1.1694344016857048,3.0,1.0,6.0,4.92,52.0,2.33,0.25,2.9750000000000005,0.11499999999999932,3.34,0.0,3.839080459770115,2.8560815341035712,16.30680960289899,0.8666713249424441,97.81,480.0,0.0,0.0,0.0,47.0,4.726256983240225,0.7446808510638298,1.3428571428571427,1.1063829787234043,1.1063829787234043,1.6574074074074072,0,0,0,0,0,0,0,0,0,0,1,0,0,0,0,0,0,0,0,0,0,0,1,0,0,0,0,0,0,0,0,0,1,0,0,1,0,0
129,9036345A004    ,2023,37,12.0,39.0,46.0,9.944444444444443,0.14,2.45,2.815,5.805,5.9700000000000015,0.87,1.1694344016857048,3.0,1.0,6.0,4.92,50.0,2.31,0.36499999999999977,2.99,0.16500000000000092,3.5200000000000005,0.0,4.045977011494252,3.0100020958217284,12.230107202174244,0.8342175557545587,93.505,462.0,-0.25,0.05389221556886237,-0.038461538461538436,50.0,5.027932960893856,0.78,1.1794871794871795,1.0869565217391304,1.0,1.6574074074074072,0,0,0,0,0,0,0,0,0,0,1,0,0,0,0,0,0,0,0,0,0,0,1,0,0,0,0,0,0,0,0,0,1,0,0,0,1,0
130,9036345A004    ,2023,38,12.0,37.0,44.0,9.944444444444443,0.13,2.44,2.85,5.725,5.93,0.87,1.1694344016857048,3.0,1.0,6.0,4.92,48.0,2.31,0.41000000000000014,2.875,0.20500000000000007,3.49,0.0,4.011494252873564,2.9843486688687015,12.230107202174244,0.8342175557545587,97.085,450.0,0.0,-0.008522727272727293,-0.040000000000000036,31.0,3.1173184357541905,1.1935483870967742,1.1891891891891893,1.0909090909090908,1.5483870967741935,1.6574074074074072,0,0,0,0,0,0,0,0,0,0,1,0,0,0,0,0,0,0,0,0,0,0,1,0,0,0,0,0,0,0,0,0,1,0,0,0,0,1
131,9036628A005    ,2023,36,8.0,30.0,31.0,6.0,0.09,2.03,2.35,5.14,5.68,0.81,1.2903202134756504,3.0,1.0,6.0,4.92,35.0,1.94,0.3200000000000003,2.79,0.54,3.65,0.0,4.5061728395061715,2.8287551895108547,13.513513513513516,0.5400474365991607,97.81,480.0,0.0,0.0,0.0,30.0,5.0,1.0,1.0333333333333334,1.1290322580645162,1.1666666666666667,1.0,0,0,0,0,0,0,0,0,0,0,0,0,0,0,0,0,1,0,0,0,0,0,1,0,0,0,0,0,0,1,0,0,0,0,0,1,0,0
132,9036628A005    ,2023,37,6.0,33.0,30.0,5.6,0.09,2.02,2.29,4.82,5.12,0.81,1.2903202134756504,3.0,1.0,6.0,4.92,33.0,1.93,0.27,2.53,0.2999999999999998,3.1,0.0,3.82716049382716,2.4025044075297672,10.85907335907336,0.4970011492218766,93.505,462.0,-0.25,-0.15068493150684925,-0.05714285714285716,32.0,5.7142857142857135,1.03125,0.9090909090909092,1.1,1.03125,0.9333333333333332,0,0,0,0,0,0,0,0,0,0,0,0,0,0,0,0,1,0,0,0,0,0,1,0,0,0,0,0,0,1,0,0,0,0,0,0,1,0
133,9036628A005    ,2023,38,5.0,30.0,28.0,6.2,0.09,2.02,2.65,4.87,5.125,0.81,1.2903202134756504,3.0,1.0,6.0,4.92,30.0,1.93,0.6299999999999999,2.22,0.2549999999999999,3.105,0.0,3.833333333333333,2.4063794146386863,8.173496076721882,0.5253850609865025,97.085,450.0,-0.16666666666666666,0.001612903225806317,-0.09090909090909094,25.0,4.032258064516129,1.2,0.9333333333333332,1.0714285714285714,1.2,1.0333333333333334,0,0,0,0,0,0,0,0,0,0,0,0,0,0,0,0,1,0,0,0,0,0,1,0,0,0,0,0,0,1,0,0,0,0,0,0,0,1
134,9036628A006    ,2023,36,7.0,20.0,23.0,4.5,0.09,2.03,2.35,5.69,6.05,0.81,1.4504269513008672,3.0,1.0,6.0,4.92,25.0,1.94,0.3200000000000003,3.3400000000000003,0.35999999999999943,4.02,0.0,4.962962962962962,2.7715976984532165,15.765765765765765,0.4181409678591129,97.81,480.0,0.0,0.0,0.0,21.0,4.666666666666667,0.9523809523809524,1.15,1.0869565217391304,1.1904761904761905,0.75,0,0,0,0,0,0,0,0,0,0,0,0,0,0,0,0,1,0,0,0,0,0,1,0,0,0,0,0,0,1,0,0,0,0,0,1,0,0
135,9036628A006    ,2023,37,4.0,24.0,23.0,4.2,0.09,2.02,2.28,4.82,5.33,0.81,1.4504269513008672,3.0,1.0,6.0,4.92,25.0,1.93,0.2599999999999998,2.5400000000000005,0.5099999999999998,3.31,0.0,4.086419753086419,2.282086662159241,9.652509652509652,0.37869787878012495,93.505,462.0,-0.4285714285714286,-0.1766169154228855,0.0,25.0,5.9523809523809526,0.96,0.9583333333333334,1.0869565217391304,1.0,0.7000000000000001,0,0,0,0,0,0,0,0,0,0,0,0,0,0,0,0,1,0,0,0,0,0,1,0,0,0,0,0,0,1,0,0,0,0,0,0,1,0
136,9036628A006    ,2023,38,4.0,22.0,21.0,4.8,0.09,2.02,2.34,4.84,5.41,0.81,1.4504269513008672,3.0,1.0,6.0,4.92,24.0,1.93,0.31999999999999984,2.5,0.5700000000000003,3.39,0.0,4.185185185185185,2.337242835262788,8.445945945945946,0.4216764488005014,97.085,450.0,0.0,0.024169184290030232,-0.040000000000000036,18.0,3.75,1.2222222222222223,0.9545454545454546,1.1428571428571428,1.3333333333333333,0.7999999999999999,0,0,0,0,0,0,0,0,0,0,0,0,0,0,0,0,1,0,0,0,0,0,1,0,0,0,0,0,0,1,0,0,0,0,0,0,0,1
137,9036628A007    ,2023,36,11.0,33.0,33.0,7.430555555555554,0.09,2.03,2.35,5.31,5.71,0.81,1.2199060631938514,3.0,1.0,6.0,4.92,37.0,1.94,0.3200000000000003,2.9599999999999995,0.4000000000000004,3.68,0.0,4.5432098765432105,3.016625714905741,15.003788835564539,0.6621024717338913,97.81,480.0,0.0,0.0,0.0,33.0,4.441121495327104,1.0,1.0,1.1212121212121209,1.1212121212121209,1.2384259259259256,0,0,0,0,0,0,0,0,0,0,0,0,0,0,0,0,1,0,0,0,0,0,1,0,0,0,0,0,0,1,0,0,0,0,0,1,0,0
138,9036628A007    ,2023,37,8.0,37.0,31.0,7.680555555555554,0.09,2.02,2.62,5.11,5.37,0.81,1.2199060631938514,3.0,1.0,6.0,4.92,35.0,1.93,0.6000000000000001,2.49,0.2599999999999998,3.35,0.0,4.135802469135802,2.7461130828625637,10.556668784516887,0.6546222096304388,93.505,462.0,-0.2727272727272727,-0.08967391304347827,-0.054054054054054064,36.0,4.687160940325499,1.0277777777777777,0.8378378378378378,1.1290322580645162,0.9722222222222222,1.2800925925925923,0,0,0,0,0,0,0,0,0,0,0,0,0,0,0,0,1,0,0,0,0,0,1,0,0,0,0,0,0,1,0,0,0,0,0,0,1,0
139,9036628A007    ,2023,38,9.0,32.0,31.0,7.097222222222222,0.09,2.02,2.34,5.64,5.9,0.81,1.2199060631938514,3.0,1.0,6.0,4.92,33.0,1.93,0.31999999999999984,3.3,0.2600000000000007,3.88,0.0,4.790123456790123,3.1805727646288786,12.852382715396411,0.6254293660819353,97.085,450.0,0.125,0.15820895522388054,-0.05714285714285716,23.0,3.2407045009784734,1.391304347826087,0.96875,1.064516129032258,1.4347826086956519,1.1828703703703705,0,0,0,0,0,0,0,0,0,0,0,0,0,0,0,0,1,0,0,0,0,0,1,0,0,0,0,0,0,1,0,0,0,0,0,0,0,1
140,9036628A008    ,2023,36,8.0,24.0,24.0,5.35,0.09,2.03,2.475,5.7650000000000015,6.035,0.81,1.379313976658127,3.0,1.0,6.0,4.92,26.0,1.94,0.44499999999999984,3.2900000000000014,0.2699999999999996,4.005000000000001,0.0,4.9444444444444455,2.903617354551515,15.155342258145998,0.4903610667577518,97.81,480.0,0.0,0.0,0.0,24.0,4.485981308411216,1.0,1.0,1.0833333333333333,1.0833333333333333,0.8916666666666666,0,0,0,0,0,0,0,0,0,0,0,0,0,0,0,0,1,0,0,0,0,0,1,0,0,0,0,0,0,1,0,0,0,0,0,1,0,0
141,9036628A008    ,2023,37,6.0,26.0,23.0,5.53,0.09,2.02,2.435,5.24,5.8000000000000025,0.81,1.379313976658127,3.0,1.0,6.0,4.92,26.0,1.93,0.4149999999999996,2.8050000000000006,0.5600000000000005,3.7800000000000007,0.0,4.666666666666667,2.7404927840710926,10.996529983871756,0.4920171589290897,93.505,462.0,-0.25,-0.0561797752808989,0.0,26.0,4.701627486437613,1.0,0.8846153846153846,1.1304347826086956,1.0,0.9216666666666667,0,0,0,0,0,0,0,0,0,0,0,0,0,0,0,0,1,0,0,0,0,0,1,0,0,0,0,0,0,1,0,0,0,0,0,0,1,0
142,9036628A008    ,2023,38,7.0,22.0,23.0,4.945,0.09,2.02,2.475,5.285,5.76,0.81,1.379313976658127,3.0,1.0,6.0,4.92,24.0,1.93,0.4549999999999996,2.8100000000000005,0.4749999999999997,3.74,0.0,4.617283950617284,2.7114928604301283,14.34700625802749,0.4540023343625369,97.085,450.0,0.16666666666666674,-0.010582010582010692,-0.07692307692307687,16.0,3.2355915065722947,1.375,1.0454545454545454,1.0434782608695652,1.5,0.8241666666666667,0,0,0,0,0,0,0,0,0,0,0,0,0,0,0,0,1,0,0,0,0,0,1,0,0,0,0,0,0,1,0,0,0,0,0,0,0,1
143,9036630A017    ,2023,36,15.0,60.0,58.0,12.430555555555555,0.09,2.03,2.62,5.15,5.61,0.81,1.049547521348564,3.0,1.0,6.0,4.92,65.0,1.94,0.5900000000000003,2.53,0.46,3.5800000000000005,0.0,4.419753086419753,3.4109937160349415,12.230107202174239,1.0051332665719868,97.81,480.0,0.0,0.0,0.0,60.0,4.826815642458102,1.0,0.9666666666666668,1.1206896551724137,1.0833333333333333,2.071759259259259,0,0,0,0,0,0,0,0,0,0,0,0,0,0,0,0,1,0,0,0,0,0,1,0,0,0,0,0,0,1,0,0,0,0,0,1,0,0
144,9036630A017    ,2023,37,11.0,63.0,56.0,12.430555555555555,0.09,2.02,2.285,4.75,5.16,0.81,1.049547521348564,3.0,1.0,6.0,4.92,62.0,1.93,0.2650000000000001,2.465,0.41000000000000014,3.14,0.0,3.8765432098765427,2.9917654380865124,8.968745281594444,0.943231822675212,93.505,462.0,-0.2666666666666667,-0.122905027932961,-0.0461538461538461,63.0,5.068156424581006,1.0,0.8888888888888888,1.1071428571428572,0.984126984126984,2.071759259259259,0,0,0,0,0,0,0,0,0,0,0,0,0,0,0,0,1,0,0,0,0,0,1,0,0,0,0,0,0,1,0,0,0,0,0,0,1,0
145,9036630A017    ,2023,38,13.5,59.0,55.0,12.430555555555555,0.09,2.02,2.32,4.855,5.18,0.81,1.049547521348564,3.0,1.0,6.0,4.92,60.0,1.93,0.2999999999999998,2.5350000000000006,0.3249999999999993,3.16,0.0,3.9012345679012346,3.01082126890235,11.007096481956816,0.9853738752118838,97.085,450.0,0.2272727272727273,0.006369426751592354,-0.032258064516129004,46.0,3.7005586592178767,1.2826086956521738,0.9322033898305084,1.0909090909090908,1.3043478260869563,2.071759259259259,0,0,0,0,0,0,0,0,0,0,0,0,0,0,0,0,1,0,0,0,0,0,1,0,0,0,0,0,0,1,0,0,0,0,0,0,0,1
146,9036630A018    ,2023,36,22.0,116.0,112.0,23.552631578947373,0.09,2.03,2.62,4.67,4.82,0.54,0.6664278584895198,3.0,1.0,6.0,4.92,123.0,1.94,0.5900000000000003,2.05,0.15000000000000036,2.7900000000000005,0.0,5.166666666666667,4.1864996555270455,9.467008908349689,1.5099437603244568,97.81,480.0,0.0,0.0,0.0,114.0,4.840223463687151,1.0175438596491229,0.9655172413793104,1.0982142857142858,1.0789473684210529,3.925438596491228,0,0,0,0,0,0,0,0,0,0,0,0,0,0,0,0,1,0,0,0,0,0,1,0,0,0,0,0,0,1,0,0,0,0,0,1,0,0
147,9036630A018    ,2023,37,16.0,121.0,108.0,23.552631578947373,0.09,2.02,2.29,4.57,4.78,0.54,0.6664278584895198,3.0,1.0,6.0,4.92,119.0,1.93,0.27,2.28,0.21,2.76,0.0,5.111111111111111,4.141483530198795,6.885097387890682,1.3346493461555002,93.505,462.0,-0.2727272727272727,-0.010752688172043223,-0.03252032520325199,121.0,5.137430167597763,1.0,0.8925619834710744,1.101851851851852,0.9834710743801652,3.925438596491228,0,0,0,0,0,0,0,0,0,0,0,0,0,0,0,0,1,0,0,0,0,0,1,0,0,0,0,0,0,1,0,0,0,0,0,0,1,0
148,9036630A018    ,2023,38,19.0,112.0,103.0,23.552631578947373,0.09,2.02,2.31,4.81,5.05,0.54,0.6664278584895198,3.0,1.0,6.0,4.92,113.0,1.93,0.29000000000000004,2.5,0.2400000000000002,3.03,0.0,5.611111111111112,4.5466286581530255,8.176053148120186,1.4308173466761682,97.085,450.0,0.1875,0.09782608695652173,-0.05042016806722693,94.0,3.9910614525139656,1.1914893617021276,0.9196428571428572,1.0970873786407769,1.2021276595744679,3.925438596491228,0,0,0,0,0,0,0,0,0,0,0,0,0,0,0,0,1,0,0,0,0,0,1,0,0,0,0,0,0,1,0,0,0,0,0,0,0,1
149,9036652A003    ,2023,36,12.0,41.0,40.0,8.641666666666666,0.09,2.03,2.63,5.42,5.855,0.81,1.1515883859948761,3.0,1.0,6.0,4.92,44.0,1.94,0.6000000000000001,2.79,0.4350000000000005,3.8250000000000006,0.0,4.722222222222221,3.321499284395371,14.073861711277333,0.752529306385462,97.81,480.0,0.0,0.0,0.0,41.0,4.744455159112826,1.0,0.975609756097561,1.1,1.0731707317073171,1.4402777777777775,0,0,0,0,0,0,0,0,0,0,0,0,0,0,0,0,1,0,0,0,0,0,1,0,0,0,0,0,0,1,0,0,0,0,0,1,0,0
150,9036652A003    ,2023,37,9.0,43.0,38.0,9.216666666666667,0.09,2.02,2.615,5.24,5.67,0.81,1.1515883859948761,3.0,1.0,6.0,4.92,42.0,1.93,0.5950000000000002,2.625,0.4299999999999997,3.65,0.0,4.5061728395061715,3.1695352648478696,9.89687698548458,0.7566954029890548,93.505,462.0,-0.25,-0.04575163398692828,-0.04545454545454541,43.0,4.665461121157325,1.0,0.8837209302325582,1.1052631578947372,0.9767441860465116,1.5361111111111112,0,0,0,0,0,0,0,0,0,0,0,0,0,0,0,0,1,0,0,0,0,0,1,0,0,0,0,0,0,1,0,0,0,0,0,0,1,0
151,9036652A003    ,2023,38,10.0,39.0,37.0,8.516666666666667,0.09,2.02,2.48,5.305,5.745,0.81,1.1515883859948761,3.0,1.0,6.0,4.92,40.0,1.93,0.46,2.825,0.4400000000000004,3.725,0.0,4.598765432098765,3.2346627017967986,11.900354366107788,0.7275038277849064,97.085,450.0,0.11111111111111116,0.02054794520547953,-0.04761904761904767,28.0,3.287671232876712,1.3928571428571428,0.9487179487179488,1.0810810810810811,1.4285714285714286,1.4194444444444445,0,0,0,0,0,0,0,0,0,0,0,0,0,0,0,0,1,0,0,0,0,0,1,0,0,0,0,0,0,1,0,0,0,0,0,0,0,1
152,9036652A004    ,2023,36,10.0,38.0,37.0,8.492063492063492,0.09,2.03,2.485,4.91,5.305,0.81,1.16866780529462,3.0,1.0,4.0,4.0,42.0,1.94,0.4550000000000001,2.4250000000000003,0.3949999999999996,3.275,0.0,4.0432098765432105,2.802336117383139,9.42056074766355,0.8355489448731059,97.81,480.0,0.0,0.0,0.0,38.0,4.474766355140186,1.0,0.9736842105263158,1.135135135135135,1.1052631578947372,2.123015873015873,0,0,0,0,0,0,0,0,0,0,0,0,0,0,0,0,1,0,0,0,0,0,0,0,0,0,0,1,0,1,0,0,0,0,0,1,0,0
153,9036652A004    ,2023,37,7.0,42.0,36.0,8.777777777777779,0.09,2.02,2.62,5.045,5.38,0.81,1.16866780529462,3.0,1.0,4.0,4.0,40.0,1.93,0.6000000000000001,2.425,0.335,3.36,0.0,4.148148148148148,2.875068505162549,6.3797468354430364,0.7766490332849586,93.505,462.0,-0.30000000000000004,0.025954198473282508,-0.04761904761904767,41.0,4.670886075949367,1.024390243902439,0.8571428571428571,1.1111111111111112,0.975609756097561,2.1944444444444446,0,0,0,0,0,0,0,0,0,0,0,0,0,0,0,0,1,0,0,0,0,0,0,0,0,0,0,1,0,1,0,0,0,0,0,0,1,0
154,9036652A004    ,2023,38,9.0,38.0,36.0,8.11111111111111,0.09,2.02,2.34,5.27,5.6,0.81,1.16866780529462,3.0,1.0,4.0,4.0,39.0,1.93,0.31999999999999984,2.93,0.3300000000000001,3.58,0.0,4.419753086419753,3.0633170382386683,8.876712328767121,0.7957527554604549,97.085,450.0,0.2857142857142858,0.06547619047619048,-0.025000000000000026,29.0,3.5753424657534247,1.3103448275862069,0.9473684210526316,1.0833333333333333,1.3448275862068966,2.0277777777777777,0,0,0,0,0,0,0,0,0,0,0,0,0,0,0,0,1,0,0,0,0,0,0,0,0,0,0,1,0,1,0,0,0,0,0,0,0,1
155,9036658A001    ,2023,36,9.0,40.0,40.0,8.0,0.09,2.025,2.3200000000000003,4.605,4.855,0.81,1.1702401601067378,3.0,1.0,4.0,4.0,46.0,1.935,0.2950000000000004,2.285,0.25,2.8300000000000005,0.0,3.493827160493828,2.4183070248946814,9.0,0.7894736842105263,97.81,480.0,0.0,0.0,0.0,40.0,5.0,1.0,1.0,1.15,1.15,2.0,0,0,0,0,0,0,0,0,0,0,0,0,0,0,0,0,1,0,0,0,0,0,0,0,0,0,0,1,0,1,0,0,0,0,0,1,0,0
156,9036658A001    ,2023,37,5.0,44.0,38.0,7.466666666666668,0.09,2.02,2.61,4.7,4.86,0.81,1.1702401601067378,3.0,1.0,4.0,4.0,43.0,1.93,0.5899999999999999,2.0900000000000003,0.16000000000000014,2.8400000000000003,0.0,3.5061728395061733,2.426852279399609,5.357142857142857,0.6581421587062806,93.505,462.0,-0.4444444444444444,0.0035335689045936647,-0.06521739130434777,44.0,5.892857142857142,1.0,0.8636363636363636,1.131578947368421,0.9772727272727272,1.866666666666667,0,0,0,0,0,0,0,0,0,0,0,0,0,0,0,0,1,0,0,0,0,0,0,0,0,0,0,1,0,1,0,0,0,0,0,0,1,0
157,9036658A001    ,2023,38,5.0,39.0,36.0,8.533333333333333,0.09,2.02,2.32,4.68,5.1,0.81,1.1702401601067378,3.0,1.0,4.0,4.0,40.0,1.93,0.2999999999999998,2.36,0.4199999999999999,3.08,0.0,3.8024691358024687,2.6319383875178857,4.6875,0.6898930665746811,97.085,450.0,0.0,0.08450704225352101,-0.06976744186046513,33.0,3.8671875,1.181818181818182,0.9230769230769232,1.1111111111111112,1.2121212121212122,2.1333333333333333,0,0,0,0,0,0,0,0,0,0,0,0,0,0,0,0,1,0,0,0,0,0,0,0,0,0,0,1,0,1,0,0,0,0,0,0,0,1
158,9036658A002    ,2023,36,10.0,48.0,50.0,10.0,0.09,2.03,2.33,4.695,5.18,0.81,1.0981921280853904,3.0,1.0,4.0,4.0,56.0,1.94,0.3000000000000003,2.365,0.4849999999999994,3.15,0.0,3.888888888888888,2.868350554917719,8.0,0.9090909090909092,97.81,480.0,0.0,0.0,0.0,48.0,4.8,1.0,1.0416666666666667,1.12,1.1666666666666667,2.5,0,0,0,0,0,0,0,0,0,0,0,0,0,0,0,0,1,0,0,0,0,0,0,0,0,0,0,1,0,1,0,0,0,0,0,1,0,0
159,9036658A002    ,2023,37,5.0,57.0,45.0,9.333333333333334,0.09,2.02,2.37,3.445,4.87,0.81,1.0981921280853904,3.0,1.0,4.0,4.0,54.0,1.93,0.3500000000000001,1.0749999999999995,1.4250000000000005,2.85,0.0,3.5185185185185186,2.5951743115922214,4.285714285714286,0.7056451612903226,93.505,462.0,-0.5,-0.09523809523809523,-0.0357142857142857,56.0,6.0,1.0178571428571428,0.7894736842105263,1.2,0.9642857142857144,2.333333333333333,0,0,0,0,0,0,0,0,0,0,0,0,0,0,0,0,1,0,0,0,0,0,0,0,0,0,0,1,0,1,0,0,0,0,0,0,1,0
160,9036658A002    ,2023,38,8.0,51.0,47.0,10.666666666666666,0.09,2.02,2.445,4.675,5.1099999999999985,0.81,1.0981921280853904,3.0,1.0,4.0,4.0,52.0,1.93,0.4249999999999998,2.23,0.4349999999999996,3.0899999999999994,0.0,3.8148148148148135,2.813715306252619,6.0,0.8695652173913044,97.085,450.0,0.6000000000000001,0.08421052631578929,-0.03703703703703709,42.0,3.9375,1.2142857142857142,0.9215686274509804,1.1063829787234043,1.238095238095238,2.6666666666666665,0,0,0,0,0,0,0,0,0,0,0,0,0,0,0,0,1,0,0,0,0,0,0,0,0,0,0,1,0,1,0,0,0,0,0,0,0,1
161,9036659A009    ,2023,36,27.0,118.0,116.0,24.86111111111111,0.09,2.03,2.33,4.7,4.915,0.81,0.929773760674282,3.0,1.0,4.0,4.0,130.0,1.94,0.3000000000000003,2.37,0.21499999999999986,2.885,0.0,3.561728395061728,3.102905375505292,8.688268156424579,1.6721785087175522,97.81,480.0,0.0,0.0,0.0,120.0,4.826815642458102,0.9833333333333332,0.9830508474576272,1.1206896551724137,1.0833333333333333,6.215277777777778,0,0,0,0,0,0,0,0,0,0,0,0,0,0,0,0,1,0,0,0,0,0,0,0,0,0,0,1,0,1,0,0,0,0,0,1,0,0
162,9036659A009    ,2023,37,20.0,129.0,113.0,24.86111111111111,0.09,2.02,2.37,4.71,4.88,0.81,0.929773760674282,3.0,1.0,4.0,4.0,125.0,1.93,0.3500000000000001,2.34,0.16999999999999993,2.86,0.0,3.530864197530864,3.0760171140191104,6.4357541899441335,1.4394612072576187,93.505,462.0,-0.2592592592592593,-0.008665511265164572,-0.038461538461538436,128.0,5.148603351955306,1.0078125,0.875968992248062,1.106194690265487,0.9765625,6.215277777777778,0,0,0,0,0,0,0,0,0,0,0,0,0,0,0,0,1,0,0,0,0,0,0,0,0,0,0,1,0,1,0,0,0,0,0,0,1,0
163,9036659A009    ,2023,38,22.0,117.0,109.0,24.86111111111111,0.09,2.02,2.65,4.855,5.0950000000000015,0.81,0.929773760674282,3.0,1.0,4.0,4.0,120.0,1.93,0.6299999999999999,2.2050000000000005,0.2400000000000002,3.0750000000000006,0.0,3.7962962962962967,3.307256162800268,7.079329608938546,1.513310639224515,97.085,450.0,0.10000000000000007,0.07517482517482542,-0.040000000000000036,95.0,3.82122905027933,1.2315789473684209,0.9316239316239316,1.1009174311926606,1.263157894736842,6.215277777777778,0,0,0,0,0,0,0,0,0,0,0,0,0,0,0,0,1,0,0,0,0,0,0,0,0,0,0,1,0,1,0,0,0,0,0,0,0,1
164,9036659A010    ,2023,36,28.0,121.0,117.0,24.86111111111111,0.09,2.03,2.35,5.03,5.25,0.81,0.929773760674282,3.0,1.0,4.0,4.0,131.0,1.94,0.3200000000000003,2.68,0.21999999999999967,3.22,0.0,3.975308641975309,3.4632080794201183,9.010055865921787,1.7002270022417532,97.81,480.0,0.0,0.0,0.0,121.0,4.867039106145252,1.0,0.9669421487603306,1.1196581196581197,1.0826446280991735,6.215277777777778,0,0,0,0,0,0,0,0,0,0,0,0,0,0,0,0,1,0,0,0,0,0,0,0,0,0,0,1,0,1,0,0,0,0,0,1,0,0
165,9036659A010    ,2023,37,19.0,127.0,113.0,24.86111111111111,0.09,2.02,2.61,4.84,5.07,0.81,0.929773760674282,3.0,1.0,4.0,4.0,125.0,1.93,0.5899999999999999,2.23,0.23000000000000045,3.0500000000000003,0.0,3.765432098765432,3.2803679013140865,6.113966480446926,1.3999101302425454,93.505,462.0,-0.3214285714285714,-0.05279503105590056,-0.04580152671755722,128.0,5.148603351955306,0.9921875,0.8897637795275591,1.106194690265487,0.9765625,6.215277777777778,0,0,0,0,0,0,0,0,0,0,0,0,0,0,0,0,1,0,0,0,0,0,0,0,0,0,0,1,0,1,0,0,0,0,0,0,1,0
166,9036659A010    ,2023,38,22.0,116.0,109.0,24.86111111111111,0.09,2.02,2.65,5.08,5.25,0.81,0.929773760674282,3.0,1.0,4.0,4.0,120.0,1.93,0.6299999999999999,2.43,0.16999999999999993,3.23,0.0,3.987654320987654,3.47396338401459,7.079329608938546,1.513310639224515,97.085,450.0,0.1578947368421053,0.059016393442622876,-0.040000000000000036,95.0,3.82122905027933,1.2210526315789474,0.9396551724137931,1.1009174311926606,1.263157894736842,6.215277777777778,0,0,0,0,0,0,0,0,0,0,0,0,0,0,0,0,1,0,0,0,0,0,0,0,0,0,0,1,0,1,0,0,0,0,0,0,0,1
167,G1250ECB010    ,2023,36,6.0,18.0,19.0,2.8,0.37,5.05,5.43,6.4849999999999985,6.8599999999999985,1.14,2.023435582822086,3.0,1.0,4.0,4.0,20.0,4.68,0.3799999999999999,1.0549999999999995,0.375,1.81,0.24,1.5877192982456143,0.8945182220605179,17.142857142857142,0.3336510962821735,97.81,480.0,0.0,0.0,0.0,18.0,6.428571428571429,1.0,1.0555555555555556,1.0526315789473684,1.1111111111111112,0.7,0,0,0,0,0,0,0,0,0,0,0,0,0,0,0,0,0,0,1,0,0,0,0,0,0,0,0,1,0,0,1,0,0,0,0,1,0,0
168,G1250ECB010    ,2023,37,4.0,18.0,18.0,2.7,0.38,5.1400000000000015,5.46,6.1850000000000005,6.5299999999999985,1.14,2.023435582822086,3.0,1.0,4.0,4.0,20.0,4.760000000000002,0.3199999999999994,0.7250000000000005,0.3449999999999989,1.3899999999999988,0.24,1.2192982456140342,0.6869504578254799,11.851851851851851,0.31590955626407696,93.505,462.0,-0.33333333333333337,-0.2320441988950284,0.0,20.0,7.4074074074074066,0.9,1.0,1.1111111111111112,1.0,0.675,0,0,0,0,0,0,0,0,0,0,0,0,0,0,0,0,0,0,1,0,0,0,0,0,0,0,0,1,0,0,1,0,0,0,0,0,1,0
169,G1250ECB010    ,2023,38,4.0,19.0,18.0,3.9,0.37,5.04,5.36,6.5,7.0,1.14,2.023435582822086,3.0,1.0,4.0,4.0,19.0,4.67,0.3200000000000003,1.1399999999999997,0.5,1.96,0.24,1.7192982456140349,0.968649566430174,8.205128205128204,0.4266608319886224,97.085,450.0,0.0,0.4100719424460444,-0.05000000000000005,14.0,3.58974358974359,1.3571428571428572,0.9473684210526316,1.0555555555555556,1.3571428571428572,0.975,0,0,0,0,0,0,0,0,0,0,0,0,0,0,0,0,0,0,1,0,0,0,0,0,0,0,0,1,0,0,1,0,0,0,0,0,0,1
170,G1250ECC010    ,2023,36,5.0,10.0,11.0,3.0,0.37,5.05,5.45,7.82,8.46,1.14,2.1926315789473683,3.0,1.0,4.0,4.0,13.0,4.68,0.4000000000000004,2.37,0.6400000000000006,3.410000000000001,0.24,2.99122807017544,1.5552088334133467,13.333333333333336,0.35128805620608894,97.81,480.0,0.0,0.0,0.0,10.0,3.333333333333333,1.0,1.1,1.181818181818182,1.3,0.75,0,0,0,0,0,0,0,0,0,0,0,0,0,0,0,0,0,0,1,0,0,0,0,0,0,0,0,1,0,0,1,0,0,0,0,1,0,0
171,G1250ECC010    ,2023,37,3.0,12.0,12.0,2.9,0.38,5.05,5.45,6.57,7.13,1.14,2.1926315789473683,3.0,1.0,4.0,4.0,13.0,4.67,0.4000000000000004,1.12,0.5599999999999996,2.08,0.24,1.824561403508772,0.9486317810849736,8.275862068965516,0.3280171926252687,93.505,462.0,-0.4,-0.3900293255131967,0.0,13.0,4.482758620689657,0.9230769230769232,1.0,1.0833333333333333,1.0,0.725,0,0,0,0,0,0,0,0,0,0,0,0,0,0,0,0,0,0,1,0,0,0,0,0,0,0,0,1,0,0,1,0,0,0,0,0,1,0
172,G1250ECC010    ,2023,38,3.0,12.0,11.0,2.45,0.235,5.04,5.385,6.885,7.6,1.14,2.1926315789473683,3.0,1.0,4.0,4.0,12.0,4.805,0.3449999999999997,1.5,0.7149999999999999,2.56,0.24,2.24561403508772,1.1675468074891984,9.795918367346935,0.28487543966745155,97.085,450.0,0.0,0.23076923076923084,-0.07692307692307687,8.0,3.2653061224489783,1.5,0.9166666666666666,1.0909090909090908,1.5,0.6125,0,0,0,0,0,0,0,0,0,0,0,0,0,0,0,0,0,0,1,0,0,0,0,0,0,0,0,1,0,0,1,0,0,0,0,0,0,1
173,G1250ECE010    ,2023,36,15.0,41.0,40.0,8.641666666666666,0.37,5.045,5.395,6.635,6.975,1.14,1.481588385994876,3.0,1.0,4.0,4.0,44.0,4.675,0.34999999999999964,1.2400000000000002,0.33999999999999986,1.93,0.24,1.6929824561403506,1.3026559996311111,13.886210221793638,0.910265415078542,97.81,480.0,0.0,0.0,0.0,41.0,4.744455159112826,1.0,0.975609756097561,1.1,1.0731707317073171,2.1604166666666664,0,0,0,0,0,0,0,0,0,0,0,0,0,0,0,0,0,0,1,0,0,0,0,0,0,0,0,1,0,0,1,0,0,0,0,1,0,0
174,G1250ECE010    ,2023,37,12.0,39.0,38.0,9.216666666666667,0.1,5.05,5.4350000000000005,7.005,7.335,1.14,1.481588385994876,3.0,1.0,4.0,4.0,42.0,4.95,0.3850000000000007,1.5699999999999994,0.3300000000000001,2.285,0.24,2.004385964912281,1.5422637094078184,10.41591320072333,0.9104073304527548,93.505,462.0,-0.2,0.1839378238341971,-0.04545454545454541,42.0,4.556962025316456,0.9285714285714286,0.9743589743589745,1.1052631578947372,1.0,2.3041666666666667,0,0,0,0,0,0,0,0,0,0,0,0,0,0,0,0,0,0,1,0,0,0,0,0,0,0,0,1,0,0,1,0,0,0,0,0,1,0
175,G1250ECE010    ,2023,38,13.0,39.0,37.0,8.241666666666667,0.37,5.045,5.385,6.43,6.8100000000000005,1.14,1.481588385994876,3.0,1.0,4.0,4.0,40.0,4.675,0.33999999999999986,1.045,0.3800000000000008,1.7650000000000006,0.24,1.5482456140350884,1.1912890359320791,12.61880687563195,0.8614230766847105,97.085,450.0,0.08333333333333326,-0.2275711159737416,-0.04761904761904767,26.0,3.154701718907988,1.5,0.9487179487179488,1.0810810810810811,1.5384615384615383,2.060416666666667,0,0,0,0,0,0,0,0,0,0,0,0,0,0,0,0,0,0,1,0,0,0,0,0,0,0,0,1,0,0,1,0,0,0,0,0,0,1
176,G9201ECB030    ,2023,36,43.0,286.0,228.0,45.0,4.08,5.01,6.1,6.64,6.8,0.74,0.8040426951300867,3.0,1.0,4.0,4.0,253.0,0.9299999999999996,1.09,0.54,0.16000000000000014,1.79,0.05,2.418918918918919,2.2262499377727627,7.644444444444446,2.0336311087756167,97.81,480.0,0.0,0.0,0.0,315.0,7.0,0.907936507936508,0.7972027972027972,1.1096491228070176,0.8031746031746032,11.25,0,0,0,0,0,0,0,0,0,1,0,0,0,0,0,0,0,0,0,0,0,0,0,0,0,0,0,1,0,0,0,0,0,0,1,1,0,0
177,G9201ECB030    ,2023,37,35.0,197.0,221.0,42.0,2.62,5.0,5.78,7.15,7.35,0.74,0.8040426951300867,3.0,1.0,4.0,4.0,245.0,2.38,0.7800000000000002,1.37,0.1999999999999993,2.35,0.05,3.1756756756756763,2.9227303652323977,6.666666666666668,1.816608996539792,93.505,462.0,-0.18604651162790695,0.3128491620111733,-0.03162055335968384,156.0,3.7142857142857135,1.2628205128205128,1.1218274111675126,1.1085972850678734,1.5705128205128205,10.5,0,0,0,0,0,0,0,0,0,1,0,0,0,0,0,0,0,0,0,0,0,0,0,0,0,0,0,1,0,0,0,0,0,0,1,0,1,0
178,G9201ECB030    ,2023,38,49.0,198.0,214.0,45.0,4.6,5.06,5.5,6.76,6.94,0.74,0.8040426951300867,3.0,1.0,4.0,4.0,210.0,0.46,0.4400000000000004,1.2599999999999998,0.1800000000000006,1.8800000000000008,0.05,2.5405405405405417,2.3381842921859195,8.71111111111111,2.2061030515257634,97.085,450.0,0.3999999999999999,-0.19999999999999973,-0.1428571428571429,156.0,3.466666666666667,1.2692307692307692,1.0808080808080809,0.9813084112149532,1.3461538461538465,11.25,0,0,0,0,0,0,0,0,0,1,0,0,0,0,0,0,0,0,0,0,0,0,0,0,0,0,0,1,0,0,0,0,0,0,1,0,0,1
179,G9201ECE010    ,2023,36,36.0,306.0,298.0,66.875,2.62,5.01,6.12,6.67,6.78,0.74,0.7855451181326502,3.0,1.0,4.0,4.0,328.0,2.39,1.1100000000000003,0.5499999999999998,0.11000000000000032,1.7700000000000005,0.05,2.391891891891893,2.2532123988085324,4.306542056074767,1.4772841672299482,97.81,480.0,0.0,0.0,0.0,393.0,5.876635514018693,0.7786259541984732,0.9738562091503268,1.1006711409395973,0.8346055979643766,16.71875,0,0,0,0,0,0,0,0,0,1,0,0,0,0,0,0,0,0,0,0,0,0,0,0,0,0,0,1,0,0,0,0,0,0,1,1,0,0
180,G9201ECE010    ,2023,37,29.0,311.0,283.0,69.125,4.08,5.0,6.14,6.68,6.86,0.74,0.7855451181326502,3.0,1.0,4.0,4.0,317.0,0.92,1.1399999999999997,0.54,0.1800000000000006,1.8600000000000003,0.05,2.513513513513514,2.3677825207818466,3.35623869801085,1.203632211815853,93.505,462.0,-0.1944444444444444,0.050847457627118516,-0.03353658536585369,204.0,2.9511754068716094,1.5245098039215683,0.909967845659164,1.1201413427561835,1.553921568627451,17.28125,0,0,0,0,0,0,0,0,0,1,0,0,0,0,0,0,0,0,0,0,0,0,0,0,0,0,0,1,0,0,0,0,0,0,1,0,1,0
181,G9201ECE010    ,2023,38,54.0,260.0,277.0,63.875,4.09,5.03,5.78,6.88,7.01,0.74,0.7855451181326502,3.0,1.0,4.0,4.0,301.0,0.9400000000000004,0.75,1.0999999999999996,0.1299999999999999,1.9799999999999995,0.05,2.6756756756756745,2.520542683412933,6.763209393346378,2.082874538964733,97.085,450.0,0.8620689655172413,0.06451612903225756,-0.050473186119873836,209.0,3.2720156555772992,1.2440191387559811,1.0653846153846154,1.0866425992779782,1.440191387559809,15.96875,0,0,0,0,0,0,0,0,0,1,0,0,0,0,0,0,0,0,0,0,0,0,0,0,0,0,0,1,0,0,0,0,0,0,1,0,0,1
