,品番,年,週番号,在庫数（箱）,入庫数（箱）,出庫数（箱）,仕入先名,日量数（箱数）,発注〜印刷LT,発注〜検収LT,発注〜順立装置入庫LT,発注〜順立装置出庫LT,発注〜回収LT,基準在庫日数,基準在庫日数（基準在庫枚数込み）,基準在庫枚数,箱種類,納入回数（間隔）,納入回数（回数）,納入回数（遅れ）,回収かんばん数,印刷検収LT,検収入庫LT,入庫出庫LT,出庫回収LT,社内LT（検収〜回収LT）,不等ピッチ係数,社内LT/設計値LT,社内LT/設計値LT（基準在庫枚数込み）,順立装置在庫量/設計値MIN,順立装置在庫量/設計値MAX,時間稼働率,加工数,使用工程
0,01912ECB040    ,2023,36,30.5,85.0,84.0,愛産樹脂工業（株）,17.9,0.25,4.37,4.38,6.26,6.5,0.67,0.8363524453809471,3,ｻﾝﾎﾞｯｸｽ＃24Aﾌﾀｱﾘ,1,4,4.0,93,4.12,0.009999999999999787,1.88,0.2400000000000002,2.13,0.0,3.17910447761194,2.5467732075917042,13.631284916201114,1.6051546058337718,97.81,480.0,8.ファイナル後半
1,01912ECB060    ,2023,36,3.0,4.0,5.0,新光ゴム工業（株）,0.42,0.12,5.41,5.37,11.64,13.135000000000002,0.78,3.9821347565043372,3,ｻﾝﾎﾞｯｸｽ＃24Aﾌﾀｱﾘ,1,4,4.0,4,5.29,-0.040000000000000036,6.2700000000000005,1.495000000000001,7.725000000000001,0.0,9.903846153846157,1.939914260154593,57.14285714285714,0.05238449219471067,97.81,480.0,8.ファイナル後半
2,1040043104R    ,2023,36,4.0,8.0,8.0,（株）ギフ加藤製作所,1.676,0.22,2.05,2.53,6.76,7.78,0.9,2.563524453809471,3,TP341ﾌﾀﾅｼ,1,6,4.92,7,1.83,0.48,4.23,1.0200000000000005,5.73,0.12,6.366666666666667,2.235203955821469,24.188866670966906,0.16291951772969238,97.81,480.0,2.MGケース
3,33490ECB010    ,2023,36,54.0,435.0,464.0,マレリ（株）,90.0,0.32,2.31,2.61,4.94,5.13,1.02,1.0520213475650433,3,TP341ﾌﾀﾅｼ,1,6,4.92,514,1.99,0.2999999999999998,2.3300000000000005,0.1899999999999995,2.82,0.23,2.764705882352941,2.6805539702469283,6.081081081081082,2.1109350237717908,97.81,480.0,7.ファイナル前半
4,33490ECE010    ,2023,36,98.0,605.0,620.0,マレリ（株）,133.75,0.32,2.31,2.64,5.115,5.27,1.02,1.042772559066325,3,TP341ﾌﾀﾅｼ,1,6,4.92,680,1.99,0.3300000000000001,2.475,0.15499999999999936,2.9599999999999995,0.23,2.9019607843137254,2.8385863957240267,7.426117706491537,2.6919168930391844,97.81,480.0,7.ファイナル前半
5,34989ECB020    ,2023,36,7.0,6.0,9.0,（株）槌屋,1.79,0.26,3.475,3.905,8.745000000000001,9.405,0.88,2.543524453809471,3,TP341ﾌﾀﾅｼ,1,6,4.92,6,3.215,0.4300000000000006,4.840000000000002,0.6600000000000001,5.9300000000000015,0.0,6.738636363636365,2.331410649942272,39.63460667371281,0.17490188001450224,97.81,480.0,8.ファイナル後半
6,34989ECB030    ,2023,36,4.0,3.0,4.0,（株）槌屋,0.0,0.26,4.49,4.86,7.97,9.76,0.88,4.207048907618941,3,TP341ﾌﾀﾅｼ,1,6,4.92,3,4.23,0.3700000000000001,3.1099999999999994,1.79,5.27,0.0,5.988636363636362,1.2526595520332695,inf,0.0,97.81,480.0,8.ファイナル後半
7,35145ECB010    ,2023,36,7.0,18.0,19.0,三共鋼業（株）,3.48,0.1,1.87,2.17,5.025,5.83,0.82,1.6205336891260838,3,ｻﾝﾎﾞｯｸｽ＃24Aﾌﾀｱﾘ,1,4,4.0,20,1.77,0.2999999999999998,2.8550000000000004,0.8049999999999997,3.96,0.0,4.829268292682927,2.4436394174165774,16.091954022988507,0.4084978280525989,97.81,480.0,2.MGケース
8,35145ECE010    ,2023,36,7.0,24.0,23.0,三共鋼業（株）,5.35,0.1,1.86,2.22,5.13,5.78,0.82,1.3893139766581268,3,ｻﾝﾎﾞｯｸｽ＃24Aﾌﾀｱﾘ,1,4,4.0,27,1.76,0.3600000000000001,2.91,0.6500000000000004,3.92,0.0,4.780487804878049,2.8215364315481923,10.467289719626168,0.5798402923200192,97.81,480.0,2.MGケース
9,35145ECE020    ,2023,36,6.0,23.0,25.0,（株）浅賀井製作所,5.35,0.56,1.84,2.17,4.43,4.61,0.87,1.4393139766581269,3,ｻﾝﾎﾞｯｸｽ＃24Aﾌﾀｱﾘ,1,4,4.0,27,1.28,0.32999999999999985,2.26,0.1800000000000006,2.7700000000000005,0.13,3.1839080459770117,1.924527966046386,8.97196261682243,0.5672706066349454,97.81,480.0,2.MGケース
10,35174ECB010    ,2023,36,16.0,88.0,93.0,（株）浅賀井製作所,18.0,0.53,1.84,2.0,4.29,4.5,0.87,1.0301067378252171,3,ｻﾝﾎﾞｯｸｽ＃24Aﾌﾀｱﾘ,1,4,4.0,103,1.31,0.15999999999999992,2.29,0.21,2.66,0.13,3.057471264367817,2.5822566752799303,7.1111111111111125,1.2788632326820604,97.81,480.0,2.MGケース
11,35174ECE010    ,2023,36,15.5,54.0,60.0,（株）浅賀井製作所,13.375,0.29,1.835,2.0,5.0950000000000015,5.555,0.87,1.0977255906632508,3,ｻﾝﾎﾞｯｸｽ＃24Aﾌﾀｱﾘ,1,4,4.0,66,1.545,0.16500000000000006,3.0950000000000006,0.4599999999999991,3.72,0.13,4.275862068965517,3.388825068524055,9.271028037383177,1.1668586806441117,97.81,480.0,2.MGケース
12,35174ECE020    ,2023,36,9.0,25.0,28.0,（株）浅賀井製作所,5.761111111111113,0.41,1.83,1.985,5.6400000000000015,5.75,0.87,1.3823825789923143,3,ＴＰ３４１フタナシ,1,6,4.92,30,1.42,0.1549999999999998,3.6550000000000007,0.10999999999999943,3.92,0.13,4.505747126436781,2.8356838834423668,15.833094425187,0.5268908965589741,97.81,480.0,2.MGケース
13,35195ECE010    ,2023,36,7.0,12.0,12.0,三共鋼業（株）,2.675,0.1,2.86,3.08,5.94,6.42,0.82,1.9586279533162536,3,ｻﾝﾎﾞｯｸｽ＃24Aﾌﾀｱﾘ,1,4,4.0,14,2.76,0.2200000000000002,2.8599999999999994,0.4800000000000004,3.56,0.0,4.341463414634147,1.8175988931294385,20.934579439252328,0.3220303822122284,97.81,480.0,4.TA・カバー・メイン
14,35195TFG010    ,2023,36,6.0,11.0,12.0,三共鋼業（株）,2.675,0.1,3.85,4.055,6.96,7.575,0.82,1.9586279533162536,3,ｻﾝﾎﾞｯｸｽ＃24Aﾌﾀｱﾘ,1,4,4.0,12,3.75,0.20499999999999965,2.905,0.6150000000000002,3.725,0.0,4.5426829268292686,1.901841538457067,17.94392523364486,0.32006102097970085,97.81,480.0,2.MGケース
15,35198ECE010    ,2023,36,6.0,12.0,12.0,サトープレス工業（株）,2.51,0.12,1.95,2.44,6.69,6.81,0.82,1.9586279533162536,3,ｻﾝﾎﾞｯｸｽ＃24Aﾌﾀｱﾘ,1,4,4.0,13,1.83,0.49,4.25,0.11999999999999922,4.8599999999999985,0.0,5.926829268292682,2.481328826013784,19.123505976095625,0.3018639195045583,97.81,480.0,2.MGケース
16,35300ECB010    ,2023,36,121.5,323.0,352.0,アイシン精機（株）,74.58333333333333,0.21,1.18,1.7,4.97,5.2,0.91,0.9499245868914272,3,サンボックス＃２０Ｂフタナシ,1,2,1.82,392,0.97,0.52,3.27,0.23000000000000045,4.0200000000000005,0.14,4.417582417582418,4.2319148861650335,11.553548080351836,2.3110114990030763,97.81,480.0,3.ギヤサブ・共通部品
17,35312ECB010    ,2023,36,6.0,30.0,29.0,（株）旭工業所,5.7142857142857135,0.67,2.03,2.5,4.95,5.39,0.83,1.3343362241494328,3,ｻﾝﾎﾞｯｸｽ＃24Aﾌﾀｱﾘ,1,4,4.0,33,1.36,0.4700000000000002,2.45,0.4399999999999995,3.36,0.0,4.048192771084337,2.518105960993316,8.4,0.5932203389830508,97.81,480.0,2.MGケース
18,3539450A010    ,2023,36,2.0,2.0,1.0,ミズショー（株）,0.895,0.225,3.075,3.465,3.705,6.005000000000001,0.84,4.167048907618942,3,ｻﾝﾎﾞｯｸｽ＃24Aﾌﾀｱﾘ,1,4,4.0,2,2.85,0.3899999999999997,0.2400000000000002,2.3000000000000007,2.9300000000000006,0.0,3.488095238095239,0.7031354958764348,17.877094972067038,0.11021958789881288,97.81,480.0,3.ギヤサブ・共通部品
19,35409ECB010    ,2023,36,5.0,7.0,9.0,サンコール（株）,1.74,0.11,4.365,4.635,5.92,6.475,0.87,2.471067378252168,3,ＴＰ３４２フタアリ,1,4,8.04,8,4.255,0.2699999999999996,1.285,0.5549999999999997,2.1099999999999994,0.0,2.4252873563218382,0.8538820181797073,12.714881497304447,0.3777324743005517,97.81,480.0,4.TA・カバー・メイン
20,35441ECB010    ,2023,36,27.0,89.0,91.0,（株）ニフコ,18.64583333333333,0.07,2.23,2.57,6.01,6.08,0.86,1.019698347565709,3,ＴＰ３４２フタアリ,1,4,8.04,99,2.16,0.33999999999999986,3.44,0.07000000000000027,3.85,0.0,4.476744186046512,3.775626398915888,6.4072774014930545,2.249807378711669,97.81,480.0,2.MGケース
21,35441TFA010    ,2023,36,6.0,16.0,18.0,（株）ニフコ,3.6,0.07,2.23,2.55,6.19,6.65,0.86,1.6605336891260838,3,サンボックス＃９Ｆフタナシ,1,1,1.9,19,2.16,0.31999999999999984,3.640000000000001,0.46,4.42,0.0,5.1395348837209305,2.661794836770933,5.747126436781608,0.6297806625968198,97.81,480.0,2.MGケース
22,3548255A010    ,2023,36,6.0,6.0,8.0,サトープレス工業（株）,1.7833333333333334,0.115,1.945,2.44,6.665,6.83,0.82,2.527941929974381,3,ｻﾝﾎﾞｯｸｽ＃24Aﾌﾀｱﾘ,1,4,4.0,6,1.83,0.4950000000000001,4.225,0.16500000000000006,4.885,0.0,5.9573170731707314,1.9324019836363515,26.91588785046729,0.21857216541350827,97.81,480.0,4.TA・カバー・メイン
23,35556ECB010    ,2023,36,4.0,17.0,18.0,（株）ギフ加藤製作所,3.6,0.15,3.02,3.485,4.945,5.335,0.9,1.7005336891260838,3,TP341ﾌﾀﾅｼ,1,6,4.92,20,2.87,0.4649999999999999,1.4600000000000004,0.3899999999999997,2.315,0.12,2.572222222222222,1.3613373347455966,11.26126126126126,0.3321911146358617,97.81,480.0,4.TA・カバー・メイン
24,35580ECB011    ,2023,36,54.0,232.0,306.0,アイシン精機（株）,60.0,0.17,1.17,1.9,4.045,4.28,0.91,0.9580320213475648,3,サンボックス＃２０Ｂフタナシ,1,2,1.82,338,1.0,0.73,2.145,0.2350000000000003,3.1100000000000003,0.14,3.417582417582418,3.2462380491473377,6.3829787234042525,1.3711507293354943,97.81,480.0,8.ファイナル後半
25,35595ECB010    ,2023,36,10.0,45.0,47.0,サトープレス工業（株）,9.0,0.12,1.95,2.44,4.48,4.99,0.82,1.1402134756504336,3,ｻﾝﾎﾞｯｸｽ＃24Aﾌﾀｱﾘ,1,4,4.0,51,1.83,0.49,2.0400000000000005,0.5099999999999998,3.04,0.0,3.7073170731707314,2.6661674019120283,8.888888888888891,0.862895493767977,97.81,480.0,4.TA・カバー・メイン
26,35771ECB010    ,2023,36,27.0,437.0,459.0,アイシン機工（株）,90.0,0.39,1.19,1.41,1.68,1.82,0.7,0.7320213475650433,3,ｻﾝﾎﾞｯｸｽ＃24Aﾌﾀｱﾘ,1,4,4.0,502,0.7999999999999999,0.22,0.27,0.14000000000000012,0.6300000000000001,0.07,0.9000000000000002,0.8606306388407913,2.4,0.9183673469387756,97.81,480.0,2.MGケース
27,35771ECE010    ,2023,36,47.0,381.0,400.0,アイシン機工（株）,89.16666666666669,0.39,1.19,1.42,2.13,2.34,0.7,0.7341588385994876,3,ﾃﾝﾊﾞｺ10ﾌﾀﾅｼ,1,8,9.0,434,0.7999999999999999,0.23,0.71,0.21,1.15,0.07,1.6428571428571428,1.5664185180877048,4.216822429906541,2.371223745243152,97.81,480.0,2.MGケース
28,41310ECB010    ,2023,36,55.0,978.0,924.0,（株）オンド,180.0,0.19,1.18,1.62,1.88,1.96,1.1,1.1160106737825215,3,TP341ﾌﾀﾅｼ,1,6,4.92,974,0.99,0.44000000000000017,0.2599999999999998,0.08000000000000007,0.78,0.05,0.7090909090909091,0.6989180465060675,3.096846846846846,1.3065111551013855,97.81,480.0,1.デフ・大物ギヤ・Brg
29,41310ECE010    ,2023,36,136.0,1175.0,1202.0,（株）オンド,267.5,0.19,1.18,1.74,2.44,2.53,1.1,1.1113862795331626,3,TP341ﾌﾀﾅｼ,1,6,4.92,1264,0.99,0.56,0.7,0.08999999999999986,1.35,0.05,1.227272727272727,1.2146991778295724,5.1528163677696375,2.1549282598099007,97.81,480.0,1.デフ・大物ギヤ・Brg
30,5040056001E    ,2023,36,5.0,32.0,29.0,サトープレス工業（株）,5.8,0.12,1.95,2.33,4.3450000000000015,5.2,0.82,1.3003202134756504,3,ｻﾝﾎﾞｯｸｽ＃24Aﾌﾀｱﾘ,1,4,4.0,34,1.83,0.3800000000000001,2.015000000000001,0.8549999999999995,3.25,0.0,3.963414634146342,2.4993843564986298,6.896551724137932,0.5789347600415238,97.81,480.0,3.ギヤサブ・共通部品
31,82824ECE010    ,2023,36,17.5,52.0,53.0,住友電装（株）,11.888888888888893,1.45,5.4,5.37,6.76,6.91,0.78,1.0361912894961571,3,ｻﾝﾎﾞｯｸｽ＃24Aﾌﾀｱﾘ,1,4,4.0,59,3.95,-0.03000000000000025,1.3899999999999997,0.15000000000000036,1.5099999999999998,0.0,1.9358974358974361,1.457259885608795,11.775700934579435,1.1406322971024794,97.81,480.0,2.MGケース
32,9025006A007    ,2023,36,2.0,17.0,14.0,（株）ギフ加藤製作所,3.36,0.185,3.98,4.38,4.62,5.7799999999999985,0.9,1.7005336891260838,3,TP341ﾌﾀﾅｼ,1,6,4.92,18,3.795,0.3999999999999999,0.2400000000000002,1.1599999999999993,1.7999999999999994,0.12,2.0,1.0584912321995996,6.032818532818532,0.2958221686163517,97.81,480.0,2.MGケース
33,9033904A002    ,2023,36,3.0,5.0,3.0,サトープレス工業（株）,0.895,0.12,3.95,4.19,6.69,6.99,0.82,4.147048907618942,3,ｻﾝﾎﾞｯｸｽ＃24Aﾌﾀｱﾘ,1,4,4.0,3,3.83,0.2400000000000002,2.5,0.2999999999999998,3.04,0.0,3.7073170731707314,0.7330513981677246,26.81564245810056,0.11076592159567283,97.81,480.0,4.TA・カバー・メイン
34,9034118060,2023,36,7.0,7.0,8.0,住友商事（株）鉄鋼部輸送機材,1.7833333333333334,0.23,4.91,5.18,9.87,10.73,0.94,2.6479419299743805,3,ｻﾝﾎﾞｯｸｽ＃24Aﾌﾀｱﾘ,1,4,4.0,5,4.68,0.2699999999999996,4.69,0.8600000000000012,5.82,0.0,6.1914893617021285,2.1979333965440517,31.401869158878498,0.21918241156253068,97.81,480.0,2.MGケース
35,9036324A003    ,2023,36,7.0,86.0,84.0,日本精工（株）,16.363636363636363,0.15,1.34,1.55,1.94,2.1900000000000004,0.74,0.9161174116077384,3,ｻﾝﾎﾞｯｸｽ＃24Aﾌﾀｱﾘ,1,4,4.0,88,1.1900000000000002,0.21,0.3899999999999999,0.25000000000000044,0.8500000000000003,0.09,1.1486486486486491,0.9278286704629864,3.4222222222222225,0.8402036857419981,97.81,480.0,1.デフ・大物ギヤ・Brg
36,9036324A004    ,2023,36,19.0,147.0,145.0,日本精工（株）,27.93333333333333,0.16,1.34,1.55,2.14,2.29,0.74,0.8398114672285683,3,ｻﾝﾎﾞｯｸｽ＃24Aﾌﾀｱﾘ,1,4,4.0,149,1.1800000000000002,0.21,0.5900000000000001,0.1499999999999999,0.95,0.09,1.2837837837837838,1.1312062731592138,5.441527446300716,1.3746671685758791,97.81,480.0,1.デフ・大物ギヤ・Brg
37,9036324A005    ,2023,36,18.0,112.0,113.0,日本精工（株）,24.318181818181817,0.15,1.34,1.54,2.29,2.46,0.74,0.8652490748647879,3,ﾃﾝﾊﾞｺ10ﾌﾀﾅｼ,1,8,9.0,115,1.1900000000000002,0.2,0.75,0.16999999999999993,1.12,0.09,1.5135135135135134,1.2944249610148637,5.921495327102805,1.7686633280565345,97.81,480.0,1.デフ・大物ギヤ・Brg
38,9036340A010    ,2023,36,15.0,109.0,106.0,日本精工（株）,21.6625,0.16,1.34,1.55,2.255,2.545,0.76,0.8930819563047576,3,ｻﾝﾎﾞｯｸｽ＃24Aﾌﾀｱﾘ,1,4,4.0,112,1.1800000000000002,0.21,0.7049999999999998,0.29000000000000004,1.2049999999999998,0.09,1.5855263157894737,1.34926026832503,5.539526832083093,1.2460255075729485,97.81,480.0,
39,9036345A004    ,2023,36,16.0,35.0,47.0,岡谷鋼機（株）,9.944444444444443,0.13,2.46,2.71,5.6850000000000005,5.8,0.87,1.1694344016857048,3,TP341ﾌﾀﾅｼ,1,6,4.92,52,2.33,0.25,2.9750000000000005,0.11499999999999932,3.34,0.0,3.839080459770115,2.8560815341035712,16.30680960289899,0.8666713249424441,97.81,480.0,4.TA・カバー・メイン
40,9036628A005    ,2023,36,8.0,30.0,31.0,（株）ジェイテクト,6.0,0.09,2.03,2.35,5.14,5.68,0.81,1.2903202134756504,3,TP341ﾌﾀﾅｼ,1,6,4.92,35,1.94,0.3200000000000003,2.79,0.54,3.65,0.0,4.5061728395061715,2.8287551895108547,13.513513513513516,0.5400474365991607,97.81,480.0,1.デフ・大物ギヤ・Brg
41,9036628A006    ,2023,36,7.0,20.0,23.0,（株）ジェイテクト,4.5,0.09,2.03,2.35,5.69,6.05,0.81,1.4504269513008672,3,TP341ﾌﾀﾅｼ,1,6,4.92,25,1.94,0.3200000000000003,3.3400000000000003,0.35999999999999943,4.02,0.0,4.962962962962962,2.7715976984532165,15.765765765765765,0.4181409678591129,97.81,480.0,1.デフ・大物ギヤ・Brg
42,9036628A007    ,2023,36,11.0,33.0,33.0,（株）ジェイテクト,7.430555555555554,0.09,2.03,2.35,5.31,5.71,0.81,1.2199060631938514,3,TP341ﾌﾀﾅｼ,1,6,4.92,37,1.94,0.3200000000000003,2.9599999999999995,0.4000000000000004,3.68,0.0,4.5432098765432105,3.016625714905741,15.003788835564539,0.6621024717338913,97.81,480.0,1.デフ・大物ギヤ・Brg
43,9036628A008    ,2023,36,8.0,24.0,24.0,（株）ジェイテクト,5.35,0.09,2.03,2.475,5.7650000000000015,6.035,0.81,1.379313976658127,3,TP341ﾌﾀﾅｼ,1,6,4.92,26,1.94,0.44499999999999984,3.2900000000000014,0.2699999999999996,4.005000000000001,0.0,4.9444444444444455,2.903617354551515,15.155342258145998,0.4903610667577518,97.81,480.0,1.デフ・大物ギヤ・Brg
44,9036630A017    ,2023,36,15.0,60.0,58.0,（株）ジェイテクト,12.430555555555555,0.09,2.03,2.62,5.15,5.61,0.81,1.049547521348564,3,TP341ﾌﾀﾅｼ,1,6,4.92,65,1.94,0.5900000000000003,2.53,0.46,3.5800000000000005,0.0,4.419753086419753,3.4109937160349415,12.230107202174239,1.0051332665719868,97.81,480.0,1.デフ・大物ギヤ・Brg
45,9036630A018    ,2023,36,22.0,116.0,112.0,（株）ジェイテクト,23.552631578947373,0.09,2.03,2.62,4.67,4.82,0.54,0.6664278584895198,3,TP341ﾌﾀﾅｼ,1,6,4.92,123,1.94,0.5900000000000003,2.05,0.15000000000000036,2.7900000000000005,0.0,5.166666666666667,4.1864996555270455,9.467008908349689,1.5099437603244568,97.81,480.0,1.デフ・大物ギヤ・Brg
46,9036652A003    ,2023,36,12.0,41.0,40.0,（株）ジェイテクト,8.641666666666666,0.09,2.03,2.63,5.42,5.855,0.81,1.1515883859948761,3,TP341ﾌﾀﾅｼ,1,6,4.92,44,1.94,0.6000000000000001,2.79,0.4350000000000005,3.8250000000000006,0.0,4.722222222222221,3.321499284395371,14.073861711277333,0.752529306385462,97.81,480.0,1.デフ・大物ギヤ・Brg
47,9036652A004    ,2023,36,10.0,38.0,37.0,（株）ジェイテクト,8.492063492063492,0.09,2.03,2.485,4.91,5.305,0.81,1.16866780529462,3,ｻﾝﾎﾞｯｸｽ＃24Aﾌﾀｱﾘ,1,4,4.0,42,1.94,0.4550000000000001,2.4250000000000003,0.3949999999999996,3.275,0.0,4.0432098765432105,2.802336117383139,9.42056074766355,0.8355489448731059,97.81,480.0,1.デフ・大物ギヤ・Brg
48,9036658A001    ,2023,36,9.0,40.0,40.0,（株）ジェイテクト,8.0,0.09,2.025,2.3200000000000003,4.605,4.855,0.81,1.1702401601067378,3,ｻﾝﾎﾞｯｸｽ＃24Aﾌﾀｱﾘ,1,4,4.0,46,1.935,0.2950000000000004,2.285,0.25,2.8300000000000005,0.0,3.493827160493828,2.4183070248946814,9.0,0.7894736842105263,97.81,480.0,1.デフ・大物ギヤ・Brg
49,9036658A002    ,2023,36,10.0,48.0,50.0,（株）ジェイテクト,10.0,0.09,2.03,2.33,4.695,5.18,0.81,1.0981921280853904,3,ｻﾝﾎﾞｯｸｽ＃24Aﾌﾀｱﾘ,1,4,4.0,56,1.94,0.3000000000000003,2.365,0.4849999999999994,3.15,0.0,3.888888888888888,2.868350554917719,8.0,0.9090909090909092,97.81,480.0,1.デフ・大物ギヤ・Brg
50,9036659A009    ,2023,36,27.0,118.0,116.0,（株）ジェイテクト,24.86111111111111,0.09,2.03,2.33,4.7,4.915,0.81,0.929773760674282,3,ｻﾝﾎﾞｯｸｽ＃24Aﾌﾀｱﾘ,1,4,4.0,130,1.94,0.3000000000000003,2.37,0.21499999999999986,2.885,0.0,3.561728395061728,3.102905375505292,8.688268156424579,1.6721785087175522,97.81,480.0,1.デフ・大物ギヤ・Brg
51,9036659A010    ,2023,36,28.0,121.0,117.0,（株）ジェイテクト,24.86111111111111,0.09,2.03,2.35,5.03,5.25,0.81,0.929773760674282,3,ｻﾝﾎﾞｯｸｽ＃24Aﾌﾀｱﾘ,1,4,4.0,131,1.94,0.3200000000000003,2.68,0.21999999999999967,3.22,0.0,3.975308641975309,3.4632080794201183,9.010055865921787,1.7002270022417532,97.81,480.0,1.デフ・大物ギヤ・Brg
52,G1250ECB010    ,2023,36,6.0,18.0,19.0,（株）バルカー,2.8,0.37,5.05,5.43,6.4849999999999985,6.8599999999999985,1.14,2.023435582822086,3,ｻﾝﾎﾞｯｸｽ＃24Aﾌﾀｱﾘ,1,4,4.0,20,4.68,0.3799999999999999,1.0549999999999995,0.375,1.81,0.24,1.587719298245614,0.8945182220605177,17.142857142857142,0.3336510962821735,97.81,480.0,2.MGケース
53,G1250ECC010    ,2023,36,5.0,10.0,11.0,（株）バルカー,3.0,0.37,5.05,5.45,7.82,8.46,1.14,2.1926315789473683,3,ｻﾝﾎﾞｯｸｽ＃24Aﾌﾀｱﾘ,1,4,4.0,13,4.68,0.4000000000000004,2.37,0.6400000000000006,3.410000000000001,0.24,2.99122807017544,1.5552088334133467,13.333333333333336,0.3512880562060889,97.81,480.0,2.MGケース
54,G1250ECE010    ,2023,36,15.0,41.0,40.0,（株）バルカー,8.641666666666666,0.37,5.045,5.395,6.635,6.975,1.14,1.481588385994876,3,ｻﾝﾎﾞｯｸｽ＃24Aﾌﾀｱﾘ,1,4,4.0,44,4.675,0.34999999999999964,1.2400000000000002,0.33999999999999986,1.93,0.24,1.6929824561403508,1.3026559996311111,13.886210221793638,0.910265415078542,97.81,480.0,2.MGケース
55,G9201ECB030    ,2023,36,43.0,286.0,228.0,佐藤工業（株）,45.0,4.08,5.01,6.1,6.64,6.8,0.74,0.8040426951300867,3,ｻﾝﾎﾞｯｸｽ＃24Aﾌﾀｱﾘ,1,4,4.0,253,0.9299999999999996,1.09,0.54,0.16000000000000014,1.79,0.05,2.418918918918919,2.2262499377727627,7.6444444444444475,2.0336311087756167,97.81,480.0,8.ファイナル後半
56,G9201ECE010    ,2023,36,36.0,306.0,298.0,佐藤工業（株）,66.875,2.62,5.01,6.12,6.67,6.78,0.74,0.7855451181326502,3,ｻﾝﾎﾞｯｸｽ＃24Aﾌﾀｱﾘ,1,4,4.0,328,2.39,1.1100000000000003,0.5499999999999998,0.11000000000000032,1.7700000000000005,0.05,2.391891891891893,2.2532123988085324,4.306542056074767,1.4772841672299482,97.81,480.0,8.ファイナル後半
57,01912ECB040    ,2023,37,26.0,92.0,81.0,愛産樹脂工業（株）,17.9,0.26,4.4,4.38,5.365,5.7,0.67,0.8363524453809471,3,ｻﾝﾎﾞｯｸｽ＃24Aﾌﾀｱﾘ,1,4,4.0,90,4.1400000000000015,-0.020000000000000462,0.9850000000000004,0.335,1.2999999999999998,0.0,1.9402985074626864,1.554368624351744,11.620111731843574,1.5303018844349163,93.505,462.0,8.ファイナル後半
58,01912ECB060    ,2023,37,2.0,5.0,4.0,新光ゴム工業（株）,0.84,0.12,5.4,5.36,8.03,9.41,0.78,3.9821347565043372,3,ｻﾝﾎﾞｯｸｽ＃24Aﾌﾀｱﾘ,1,4,4.0,5,5.28,-0.040000000000000036,2.669999999999999,1.3800000000000008,4.01,0.0,5.1410256410256405,1.0069975641708628,19.047619047619047,0.10362898848237813,93.505,462.0,8.ファイナル後半
59,1040043104R    ,2023,37,3.0,10.0,8.0,（株）ギフ加藤製作所,1.79,0.17,3.98,4.41,6.2,7.77,0.9,2.563524453809471,3,TP341ﾌﾀﾅｼ,1,6,4.92,7,3.81,0.43000000000000016,1.79,1.5699999999999994,3.79,0.12,4.2111111111111095,1.4784333320354914,16.98626000301978,0.17267088082938267,93.505,462.0,2.MGケース
60,33490ECB010    ,2023,37,39.0,444.0,436.0,マレリ（株）,84.0,0.15,4.07,4.25,4.9,5.03,1.02,1.0520213475650433,3,TP341ﾌﾀﾅｼ,1,6,4.92,486,3.92,0.17999999999999972,0.6500000000000004,0.1299999999999999,0.96,0.23,0.9411764705882352,0.9125290111478904,4.705598455598455,1.7026405171469268,93.505,462.0,7.ファイナル前半
61,33490ECE010    ,2023,37,74.5,592.0,588.0,マレリ（株）,138.25,0.15,4.07,4.38,5.02,5.21,1.02,1.042772559066325,3,TP341ﾌﾀﾅｼ,1,6,4.92,647,3.92,0.3099999999999996,0.6399999999999997,0.1900000000000004,1.1399999999999997,0.23,1.117647058823529,1.093239355109929,5.461609891989638,2.1035822799653037,93.505,462.0,7.ファイナル前半
62,34989ECB010    ,2023,37,2.0,2.0,2.0,（株）槌屋,0.342,0.255,3.475,3.87,14.32,17.295,0.88,8.24196319018405,3,ＴＰ３４１フタナシ,1,6,4.92,2,3.22,0.3950000000000005,10.45,2.9750000000000014,13.820000000000002,0.0,15.704545454545455,1.6767849699279462,59.26979611190138,0.033701865415589075,93.505,462.0,7.ファイナル前半
63,34989ECB020    ,2023,37,6.0,8.0,9.0,（株）槌屋,1.79,0.26,2.54,2.95,8.91,9.34,0.88,2.543524453809471,3,TP341ﾌﾀﾅｼ,1,6,4.92,9,2.28,0.41000000000000014,5.96,0.4299999999999997,6.8,0.0,7.7272727272727275,2.673455720001256,33.97252000603956,0.17461985739025307,93.505,462.0,8.ファイナル後半
64,34989ECB030    ,2023,37,4.0,4.0,4.0,（株）槌屋,0.895,0.26,4.5,4.85,11.31,13.0,0.88,4.207048907618941,3,TP341ﾌﾀﾅｼ,1,6,4.92,3,4.24,0.34999999999999964,6.460000000000001,1.6899999999999995,8.5,0.0,9.659090909090908,2.020418632311725,45.29669334138608,0.08793023437786217,93.505,462.0,8.ファイナル後半
65,34989ECE020    ,2023,37,2.0,3.0,2.0,（株）槌屋,0.434,0.25,4.49,4.85,8.44,13.89,0.88,7.437377049180328,3,TP341ﾌﾀﾅｼ,1,6,4.92,3,4.24,0.35999999999999943,3.59,5.450000000000001,9.4,0.0,10.681818181818182,1.2638864397813436,46.705691866982185,0.04273529366763282,93.505,462.0,7.ファイナル前半
66,35145ECB010    ,2023,37,7.0,21.0,17.0,三共鋼業（株）,3.36,0.1,3.82,3.91,5.3,5.7,0.82,1.6205336891260838,3,ｻﾝﾎﾞｯｸｽ＃24Aﾌﾀｱﾘ,1,4,4.0,17,3.72,0.0900000000000003,1.3899999999999997,0.4000000000000004,1.8800000000000003,0.0,2.292682926829269,1.160111642611911,16.666666666666664,0.3960470730235366,93.505,462.0,2.MGケース
67,35145ECE010    ,2023,37,7.0,26.0,23.0,三共鋼業（株）,5.47,0.1,1.87,2.23,5.01,5.57,0.82,1.3893139766581268,3,ｻﾝﾎﾞｯｸｽ＃24Aﾌﾀｱﾘ,1,4,4.0,21,1.77,0.3599999999999999,2.78,0.5600000000000005,3.7,0.0,4.512195121951219,2.6631848971245686,10.237659963436931,0.5892920600089848,93.505,462.0,2.MGケース
68,35145ECE020    ,2023,37,5.0,24.0,23.0,（株）浅賀井製作所,5.53,0.56,1.85,2.17,4.41,5.0,0.87,1.4393139766581269,3,ｻﾝﾎﾞｯｸｽ＃24Aﾌﾀｱﾘ,1,4,4.0,25,1.29,0.31999999999999984,2.24,0.5899999999999999,3.15,0.13,3.6206896551724137,2.188542632868633,7.2332730560578655,0.5622859271728895,93.505,462.0,2.MGケース
69,35174ECB010    ,2023,37,14.0,83.0,90.0,（株）浅賀井製作所,16.8,0.56,1.85,2.0,4.04,4.29,0.87,1.0301067378252171,3,ｻﾝﾎﾞｯｸｽ＃24Aﾌﾀｱﾘ,1,4,4.0,99,1.29,0.1499999999999999,2.04,0.25,2.44,0.13,2.8045977011494254,2.3686865743169285,6.666666666666666,1.1958997722095672,93.505,462.0,2.MGケース
70,35174ECE010    ,2023,37,15.0,55.0,57.0,（株）浅賀井製作所,13.825,0.56,1.85,2.0,4.61,5.03,0.87,1.0977255906632508,3,ｻﾝﾎﾞｯｸｽ＃24Aﾌﾀｱﾘ,1,4,4.0,63,1.29,0.1499999999999999,2.6100000000000003,0.4199999999999999,3.18,0.13,3.655172413793104,2.896898848899596,8.679927667269439,1.1693692912628235,93.505,462.0,2.MGケース
71,35174ECE020    ,2023,37,8.0,26.0,26.0,（株）浅賀井製作所,6.144444444444448,0.56,1.85,2.0,4.67,5.6,0.87,1.3823825789923143,3,ＴＰ３４１フタナシ,1,6,4.92,29,1.29,0.1499999999999999,2.67,0.9299999999999996,3.75,0.13,4.310344827586206,2.712707796660427,13.195835980646105,0.5506936845820338,93.505,462.0,2.MGケース
72,35195ECE010    ,2023,37,8.0,13.0,12.0,三共鋼業（株）,2.735,0.1,1.87,2.185,6.72,6.8450000000000015,0.82,1.9586279533162536,3,ｻﾝﾎﾞｯｸｽ＃24Aﾌﾀｱﾘ,1,4,4.0,10,1.77,0.31499999999999995,4.535,0.1250000000000009,4.9750000000000005,0.0,6.0670731707317085,2.5400433969997067,23.40036563071298,0.33029372781192823,93.505,462.0,4.TA・カバー・メイン
73,35195TFG010    ,2023,37,5.5,13.0,12.0,三共鋼業（株）,2.75,0.1,2.845,3.075,5.205,6.27,0.82,1.9586279533162536,3,ｻﾝﾎﾞｯｸｽ＃24Aﾌﾀｱﾘ,1,4,4.0,12,2.745,0.23000000000000045,2.13,1.0649999999999995,3.425,0.0,4.176829268292684,1.7486730924068332,16.0,0.32689450222882616,93.505,462.0,2.MGケース
74,35198ECE010    ,2023,37,6.0,13.0,12.0,サトープレス工業（株）,2.75,0.12,1.96,2.2,5.045,5.225,0.82,1.9586279533162536,3,ｻﾝﾎﾞｯｸｽ＃24Aﾌﾀｱﾘ,1,4,4.0,12,1.84,0.2400000000000002,2.845,0.17999999999999972,3.265,0.0,3.9817073170731705,1.6669832545133754,17.454545454545453,0.3282357329354719,93.505,462.0,2.MGケース
75,35300ECB010    ,2023,37,134.0,328.0,339.0,アイシン精機（株）,74.58333333333333,0.18,1.18,1.68,5.16,5.33,0.91,0.9499245868914272,3,サンボックス＃２０Ｂフタナシ,1,2,1.82,377,1.0,0.5,3.4800000000000004,0.16999999999999993,4.15,0.14,4.560439560439562,4.368767855120619,12.742184714132886,2.4924196011781605,93.505,462.0,3.ギヤサブ・共通部品
76,35312ECB010    ,2023,37,5.0,30.0,27.0,（株）旭工業所,5.333333333333333,0.67,2.02,2.28,4.575,5.29,0.83,1.3343362241494328,3,ｻﾝﾎﾞｯｸｽ＃24Aﾌﾀｱﾘ,1,4,4.0,32,1.35,0.2599999999999998,2.2950000000000004,0.7149999999999999,3.27,0.0,3.9397590361445785,2.450656694180996,7.5,0.5494505494505494,93.505,462.0,2.MGケース
77,3539450A010    ,2023,37,2.0,2.0,1.0,ミズショー（株）,0.895,0.23,2.07,2.4850000000000003,8.67,10.035,0.84,4.167048907618942,3,ｻﾝﾎﾞｯｸｽ＃24Aﾌﾀｱﾘ,1,4,4.0,4,1.84,0.4150000000000005,6.185,1.3650000000000002,7.965,0.0,9.482142857142858,1.9114246500531744,17.877094972067038,0.11021958789881288,93.505,462.0,3.ギヤサブ・共通部品
78,35409ECB010    ,2023,37,3.0,9.0,8.0,サンコール（株）,1.6949999999999998,0.1,4.36,4.61,6.245,6.88,0.87,2.471067378252168,3,ＴＰ３４２フタアリ,1,4,8.04,10,4.260000000000002,0.25,1.6349999999999998,0.6349999999999998,2.52,0.0,2.8965517241379306,1.01980222076439,7.8314668337379585,0.35971366071433225,93.505,462.0,4.TA・カバー・メイン
79,35441ECB010    ,2023,37,21.5,76.0,86.0,（株）ニフコ,18.64583333333333,0.09,2.23,2.71,5.22,5.3,0.86,1.019698347565709,3,ＴＰ３４２フタアリ,1,4,8.04,95,2.14,0.48,2.51,0.08000000000000007,3.07,0.0,3.569767441860465,3.0106942973173445,5.102091264151877,2.0101270642505966,93.505,462.0,2.MGケース
80,35441TFA010    ,2023,37,4.0,15.0,17.0,（株）ニフコ,3.36,0.09,2.23,2.71,5.01,5.82,0.86,1.6605336891260838,3,サンボックス＃９Ｆフタナシ,1,1,1.9,21,2.14,0.48,2.3,0.8100000000000005,3.5900000000000003,0.0,4.174418604651163,2.16195553484336,4.105090311986864,0.524034150849555,93.505,462.0,2.MGケース
81,3548255A010    ,2023,37,4.0,8.0,7.0,サトープレス工業（株）,1.8433333333333333,0.12,1.96,2.18,4.55,4.92,0.82,2.527941929974381,3,ｻﾝﾎﾞｯｸｽ＃24Aﾌﾀｱﾘ,1,4,4.0,9,1.84,0.2200000000000002,2.37,0.3700000000000001,2.96,0.0,3.609756097560976,1.1709129726844627,17.359855334538878,0.22330331626624336,93.505,462.0,4.TA・カバー・メイン
82,35482TFA010    ,2023,37,1.0,2.0,0.0,サトープレス工業（株）,0.174,0.11,2.94,3.315,10.92,17.005,0.82,8.825336891260841,3,ｻﾝﾎﾞｯｸｽ＃24Aﾌﾀｱﾘ,1,4,4.0,2,2.83,0.375,7.605,6.084999999999999,14.065,0.0,17.152439024390244,1.5937068661852056,45.97701149425289,0.02172533414188201,93.505,462.0,4.TA・カバー・メイン
83,35556ECB010    ,2023,37,4.0,19.0,18.0,（株）ギフ加藤製作所,3.36,0.17,2.07,2.49,4.89,5.03,0.9,1.7005336891260838,3,TP341ﾌﾀﾅｼ,1,6,4.92,13,1.9,0.4200000000000004,2.3999999999999995,0.14000000000000054,2.9600000000000004,0.12,3.2888888888888888,1.7406300262837868,12.065637065637064,0.3126554223383245,93.505,462.0,4.TA・カバー・メイン
84,35580ECB011    ,2023,37,33.0,320.0,304.0,アイシン精機（株）,56.0,0.21,1.18,2.11,2.8,3.93,0.91,0.9580320213475648,3,サンボックス＃２０Ｂフタナシ,1,2,1.82,329,0.97,0.93,0.69,1.1300000000000003,2.75,0.14,3.021978021978022,2.8704677283457167,4.179331306990882,0.9434142611355382,93.505,462.0,8.ファイナル後半
85,35595ECB010    ,2023,37,7.0,50.0,44.0,サトープレス工業（株）,8.4,0.12,1.96,2.18,3.93,4.63,0.82,1.1402134756504336,3,ｻﾝﾎﾞｯｸｽ＃24Aﾌﾀｱﾘ,1,4,4.0,50,1.84,0.2200000000000002,1.7499999999999996,0.7000000000000002,2.67,0.0,3.25609756097561,2.341666764179314,6.666666666666666,0.7619738751814225,93.505,462.0,4.TA・カバー・メイン
86,35771ECB010    ,2023,37,19.0,449.0,443.0,アイシン機工（株）,84.0,0.39,1.17,1.4,1.59,1.75,0.7,0.7320213475650433,3,ｻﾝﾎﾞｯｸｽ＃24Aﾌﾀｱﾘ,1,4,4.0,435,0.7799999999999999,0.23,0.1900000000000001,0.15999999999999992,0.5800000000000001,0.07,0.8285714285714287,0.7923266198851728,1.8095238095238089,0.7034555712270804,93.505,462.0,2.MGケース
87,35771ECE010    ,2023,37,47.0,384.0,380.0,アイシン機工（株）,91.16666666666669,0.39,1.16,1.4,1.87,2.66,0.7,0.7341588385994876,3,ﾃﾝﾊﾞｺ10ﾌﾀﾅｼ,1,8,9.0,367,0.7699999999999999,0.24,0.4700000000000002,0.79,1.5000000000000002,0.07,2.1428571428571432,2.0431545888100504,4.124314442413162,2.3408145140394008,93.505,462.0,2.MGケース
88,41310ECB010    ,2023,37,47.0,876.0,905.0,（株）オンド,168.0,0.19,1.14,1.54,1.87,1.955,1.1,1.1160106737825215,3,TP341ﾌﾀﾅｼ,1,6,4.92,790,0.95,0.4000000000000001,0.3300000000000001,0.08499999999999996,0.8150000000000002,0.05,0.740909090909091,0.7302797537210834,2.8354247104247103,1.1978970623328635,93.505,462.0,1.デフ・大物ギヤ・Brg
89,41310ECE010    ,2023,37,152.5,1148.0,1150.0,（株）オンド,276.5,0.19,1.14,1.68,2.295,2.47,1.1,1.1113862795331626,3,TP341ﾌﾀﾅｼ,1,6,4.92,982,0.95,0.54,0.615,0.17500000000000027,1.3300000000000003,0.05,1.2090909090909092,1.1967036344543198,5.589902741801477,2.328306976466711,93.505,462.0,1.デフ・大物ギヤ・Brg
90,5040056001E    ,2023,37,5.0,32.0,30.0,サトープレス工業（株）,5.7,0.12,1.96,2.18,4.375,5.27,0.82,1.3003202134756504,3,ｻﾝﾎﾞｯｸｽ＃24Aﾌﾀｱﾘ,1,4,4.0,30,1.84,0.2200000000000002,2.195,0.8949999999999996,3.31,0.0,4.036585365853658,2.545526836926297,7.0175438596491215,0.5728988682734637,93.505,462.0,3.ギヤサブ・共通部品
91,82824ECE010    ,2023,37,15.0,74.0,69.0,住友電装（株）,12.288888888888893,1.45,5.4,5.38,6.39,6.94,0.78,1.0361912894961571,3,ｻﾝﾎﾞｯｸｽ＃24Aﾌﾀｱﾘ,1,4,4.0,57,3.95,-0.020000000000000462,1.0099999999999998,0.5500000000000007,1.54,0.0,1.9743589743589745,1.4862120687665858,9.764918625678117,1.1151102025525876,93.505,462.0,2.MGケース
92,9025006A007    ,2023,37,3.0,17.0,15.0,（株）ギフ加藤製作所,3.36,0.17,2.045,2.495,3.18,4.505000000000001,0.9,1.7005336891260838,3,TP341ﾌﾀﾅｼ,1,6,4.92,16,1.875,0.4500000000000002,0.685,1.3250000000000006,2.460000000000001,0.12,2.7333333333333343,1.4466046840061204,9.0492277992278,0.3068354406385968,93.505,462.0,2.MGケース
93,9033904A002    ,2023,37,2.0,5.0,5.0,サトープレス工業（株）,0.895,0.12,1.96,2.2,5.575,7.045,0.82,4.147048907618942,3,ｻﾝﾎﾞｯｸｽ＃24Aﾌﾀｱﾘ,1,4,4.0,4,1.84,0.2400000000000002,3.375,1.4699999999999998,5.085,0.0,6.201219512195122,1.226173144632526,17.877094972067038,0.11021958789881288,93.505,462.0,4.TA・カバー・メイン
94,9033904A003    ,2023,37,2.0,3.0,2.0,サトープレス工業（株）,0.345,0.11,3.935,4.145,10.965,15.815,0.82,8.825336891260841,3,ｻﾝﾎﾞｯｸｽ＃24Aﾌﾀｱﾘ,1,4,4.0,2,3.825,0.20999999999999952,6.82,4.850000000000001,11.88,0.0,14.487804878048784,1.3461242495755594,46.3768115942029,0.04302897143764938,93.505,462.0,3.ギヤサブ・共通部品
95,9034118060,2023,37,6.0,8.0,7.0,住友商事（株）鉄鋼部輸送機材,1.8333333333333333,0.205,4.9,5.15,7.525,9.32,0.94,2.6479419299743805,3,ｻﾝﾎﾞｯｸｽ＃24Aﾌﾀｱﾘ,1,4,4.0,8,4.695,0.25,2.375,1.795,4.42,0.0,4.702127659574468,1.669220895657166,26.181818181818183,0.2244516238734909,93.505,462.0,2.MGケース
96,9036324A003    ,2023,37,7.0,84.0,80.0,日本精工（株）,15.272727272727273,0.12,1.32,1.55,1.83,2.13,0.74,0.9161174116077384,3,ｻﾝﾎﾞｯｸｽ＃24Aﾌﾀｱﾘ,1,4,4.0,69,1.2000000000000002,0.23,0.28,0.2999999999999998,0.8099999999999998,0.09,1.0945945945945943,0.8841661447941394,3.666666666666666,0.8486407053637032,93.505,462.0,1.デフ・大物ギヤ・Brg
97,9036324A004    ,2023,37,17.0,145.0,140.0,日本精工（株）,29.83333333333333,0.12,1.32,1.55,2.11,2.26,0.74,0.8398114672285683,3,ｻﾝﾎﾞｯｸｽ＃24Aﾌﾀｱﾘ,1,4,4.0,120,1.2000000000000002,0.23,0.5599999999999998,0.1499999999999999,0.9399999999999996,0.09,1.27027027027027,1.1192988387049059,4.558659217877096,1.2584520584768717,93.505,462.0,1.デフ・大物ギヤ・Brg
98,9036324A005    ,2023,37,16.0,111.0,108.0,日本精工（株）,24.863636363636363,0.15,1.32,1.55,2.2300000000000004,2.43,0.74,0.8652490748647879,3,ﾃﾝﾊﾞｺ10ﾌﾀﾅｼ,1,8,9.0,92,1.1700000000000002,0.23,0.6800000000000004,0.19999999999999973,1.11,0.09,1.5000000000000002,1.2828675952915172,5.148080438756856,1.6843493872009512,93.505,462.0,1.デフ・大物ギヤ・Brg
99,9036340A010    ,2023,37,15.0,107.0,102.0,日本精工（株）,22.375,0.12,1.32,1.55,2.24,2.62,0.76,0.8930819563047576,3,ｻﾝﾎﾞｯｸｽ＃24Aﾌﾀｱﾘ,1,4,4.0,89,1.2000000000000002,0.23,0.6900000000000002,0.3799999999999999,1.3,0.09,1.7105263157894737,1.4556334845000325,5.363128491620111,1.242171371072674,93.505,462.0,
100,9036345A004    ,2023,37,12.0,39.0,46.0,岡谷鋼機（株）,9.944444444444443,0.14,2.45,2.815,5.805,5.9700000000000015,0.87,1.1694344016857048,3,TP341ﾌﾀﾅｼ,1,6,4.92,50,2.31,0.36499999999999977,2.99,0.16500000000000092,3.5200000000000005,0.0,4.045977011494252,3.0100020958217284,12.230107202174244,0.8342175557545587,93.505,462.0,4.TA・カバー・メイン
101,9036628A005    ,2023,37,6.0,33.0,30.0,（株）ジェイテクト,5.6,0.09,2.02,2.29,4.82,5.12,0.81,1.2903202134756504,3,TP341ﾌﾀﾅｼ,1,6,4.92,33,1.93,0.27,2.53,0.2999999999999998,3.1,0.0,3.82716049382716,2.4025044075297672,10.85907335907336,0.4970011492218766,93.505,462.0,1.デフ・大物ギヤ・Brg
102,9036628A006    ,2023,37,4.0,24.0,23.0,（株）ジェイテクト,4.2,0.09,2.02,2.28,4.82,5.33,0.81,1.4504269513008672,3,TP341ﾌﾀﾅｼ,1,6,4.92,25,1.93,0.2599999999999998,2.5400000000000005,0.5099999999999998,3.31,0.0,4.086419753086419,2.282086662159241,9.652509652509652,0.37869787878012495,93.505,462.0,1.デフ・大物ギヤ・Brg
103,9036628A007    ,2023,37,8.0,37.0,31.0,（株）ジェイテクト,7.680555555555554,0.09,2.02,2.62,5.11,5.37,0.81,1.2199060631938514,3,TP341ﾌﾀﾅｼ,1,6,4.92,35,1.93,0.6000000000000001,2.49,0.2599999999999998,3.35,0.0,4.135802469135802,2.7461130828625637,10.556668784516884,0.6546222096304389,93.505,462.0,1.デフ・大物ギヤ・Brg
104,9036628A008    ,2023,37,6.0,26.0,23.0,（株）ジェイテクト,5.53,0.09,2.02,2.435,5.24,5.8000000000000025,0.81,1.379313976658127,3,TP341ﾌﾀﾅｼ,1,6,4.92,26,1.93,0.4149999999999996,2.8050000000000006,0.5600000000000005,3.7800000000000007,0.0,4.666666666666667,2.7404927840710926,10.996529983871756,0.4920171589290897,93.505,462.0,1.デフ・大物ギヤ・Brg
105,9036630A017    ,2023,37,11.0,63.0,56.0,（株）ジェイテクト,12.430555555555555,0.09,2.02,2.285,4.75,5.16,0.81,1.049547521348564,3,TP341ﾌﾀﾅｼ,1,6,4.92,62,1.93,0.2650000000000001,2.465,0.41000000000000014,3.14,0.0,3.8765432098765427,2.9917654380865124,8.968745281594444,0.943231822675212,93.505,462.0,1.デフ・大物ギヤ・Brg
106,9036630A018    ,2023,37,16.0,121.0,108.0,（株）ジェイテクト,23.552631578947373,0.09,2.02,2.29,4.57,4.78,0.54,0.6664278584895198,3,TP341ﾌﾀﾅｼ,1,6,4.92,119,1.93,0.27,2.28,0.21,2.76,0.0,5.1111111111111125,4.141483530198796,6.885097387890682,1.3346493461555002,93.505,462.0,1.デフ・大物ギヤ・Brg
107,9036652A003    ,2023,37,9.0,43.0,38.0,（株）ジェイテクト,9.216666666666667,0.09,2.02,2.615,5.24,5.67,0.81,1.1515883859948761,3,TP341ﾌﾀﾅｼ,1,6,4.92,42,1.93,0.5950000000000002,2.625,0.4299999999999997,3.65,0.0,4.5061728395061715,3.1695352648478696,9.89687698548458,0.7566954029890548,93.505,462.0,1.デフ・大物ギヤ・Brg
108,9036652A004    ,2023,37,7.0,42.0,36.0,（株）ジェイテクト,8.777777777777779,0.09,2.02,2.62,5.045,5.38,0.81,1.16866780529462,3,ｻﾝﾎﾞｯｸｽ＃24Aﾌﾀｱﾘ,1,4,4.0,40,1.93,0.6000000000000001,2.425,0.335,3.36,0.0,4.148148148148148,2.875068505162549,6.3797468354430364,0.7766490332849586,93.505,462.0,1.デフ・大物ギヤ・Brg
109,9036658A001    ,2023,37,5.0,44.0,38.0,（株）ジェイテクト,7.466666666666668,0.09,2.02,2.61,4.7,4.86,0.81,1.1702401601067378,3,ｻﾝﾎﾞｯｸｽ＃24Aﾌﾀｱﾘ,1,4,4.0,43,1.93,0.5899999999999999,2.0900000000000003,0.16000000000000014,2.8400000000000003,0.0,3.5061728395061733,2.426852279399609,5.357142857142857,0.6581421587062806,93.505,462.0,1.デフ・大物ギヤ・Brg
110,9036658A002    ,2023,37,5.0,57.0,45.0,（株）ジェイテクト,9.333333333333334,0.09,2.02,2.37,3.445,4.87,0.81,1.0981921280853904,3,ｻﾝﾎﾞｯｸｽ＃24Aﾌﾀｱﾘ,1,4,4.0,54,1.93,0.3500000000000001,1.0749999999999995,1.4250000000000005,2.85,0.0,3.5185185185185186,2.5951743115922206,4.285714285714286,0.7056451612903226,93.505,462.0,1.デフ・大物ギヤ・Brg
111,9036659A009    ,2023,37,20.0,129.0,113.0,（株）ジェイテクト,24.86111111111111,0.09,2.02,2.37,4.71,4.88,0.81,0.929773760674282,3,ｻﾝﾎﾞｯｸｽ＃24Aﾌﾀｱﾘ,1,4,4.0,125,1.93,0.3500000000000001,2.34,0.16999999999999993,2.86,0.0,3.530864197530864,3.0760171140191104,6.4357541899441335,1.4394612072576187,93.505,462.0,1.デフ・大物ギヤ・Brg
112,9036659A010    ,2023,37,19.0,127.0,113.0,（株）ジェイテクト,24.86111111111111,0.09,2.02,2.61,4.84,5.07,0.81,0.929773760674282,3,ｻﾝﾎﾞｯｸｽ＃24Aﾌﾀｱﾘ,1,4,4.0,125,1.93,0.5899999999999999,2.23,0.23000000000000045,3.0500000000000003,0.0,3.765432098765432,3.2803679013140865,6.113966480446926,1.3999101302425454,93.505,462.0,1.デフ・大物ギヤ・Brg
113,G1250ECB010    ,2023,37,4.0,18.0,18.0,（株）バルカー,2.7,0.38,5.1400000000000015,5.46,6.1850000000000005,6.5299999999999985,1.14,2.023435582822086,3,ｻﾝﾎﾞｯｸｽ＃24Aﾌﾀｱﾘ,1,4,4.0,20,4.760000000000002,0.3199999999999994,0.7250000000000005,0.3449999999999989,1.3899999999999988,0.24,1.2192982456140342,0.6869504578254799,11.851851851851851,0.31590955626407696,93.505,462.0,2.MGケース
114,G1250ECC010    ,2023,37,3.0,12.0,12.0,（株）バルカー,2.9,0.38,5.05,5.45,6.57,7.13,1.14,2.1926315789473683,3,ｻﾝﾎﾞｯｸｽ＃24Aﾌﾀｱﾘ,1,4,4.0,13,4.67,0.4000000000000004,1.12,0.5599999999999996,2.08,0.24,1.824561403508772,0.9486317810849736,8.275862068965516,0.3280171926252687,93.505,462.0,2.MGケース
115,G1250ECE010    ,2023,37,12.0,39.0,38.0,（株）バルカー,9.216666666666667,0.1,5.05,5.4350000000000005,7.005,7.335,1.14,1.481588385994876,3,ｻﾝﾎﾞｯｸｽ＃24Aﾌﾀｱﾘ,1,4,4.0,42,4.95,0.3850000000000007,1.5699999999999994,0.3300000000000001,2.285,0.24,2.004385964912281,1.5422637094078184,10.41591320072333,0.9104073304527548,93.505,462.0,2.MGケース
116,G9201ECB030    ,2023,37,35.0,197.0,221.0,佐藤工業（株）,42.0,2.62,5.0,5.78,7.15,7.35,0.74,0.8040426951300867,3,ｻﾝﾎﾞｯｸｽ＃24Aﾌﾀｱﾘ,1,4,4.0,245,2.38,0.7800000000000002,1.37,0.1999999999999993,2.35,0.05,3.1756756756756754,2.9227303652323973,6.666666666666668,1.816608996539792,93.505,462.0,8.ファイナル後半
117,G9201ECE010    ,2023,37,29.0,311.0,283.0,佐藤工業（株）,69.125,4.08,5.0,6.14,6.68,6.86,0.74,0.7855451181326502,3,ｻﾝﾎﾞｯｸｽ＃24Aﾌﾀｱﾘ,1,4,4.0,317,0.92,1.1399999999999997,0.54,0.1800000000000006,1.8600000000000003,0.05,2.513513513513514,2.3677825207818466,3.35623869801085,1.203632211815853,93.505,462.0,8.ファイナル後半
118,01912ECB040    ,2023,38,27.0,83.0,79.0,愛産樹脂工業（株）,17.9,0.25,4.42,4.37,5.93,6.2,0.67,0.8363524453809471,3,ｻﾝﾎﾞｯｸｽ＃24Aﾌﾀｱﾘ,1,4,4.0,87,4.17,-0.049999999999999815,1.5599999999999996,0.2700000000000005,1.7800000000000002,0.0,2.6567164179104483,2.128289347189312,12.06703910614525,1.5484280235676322,97.085,450.0,8.ファイナル後半
119,01912ECB060    ,2023,38,1.0,5.0,3.0,新光ゴム工業（株）,0.96,0.12,5.41,5.36,6.99,8.72,0.78,3.9821347565043372,3,ｻﾝﾎﾞｯｸｽ＃24Aﾌﾀｱﾘ,1,4,4.0,5,5.29,-0.049999999999999815,1.63,1.7300000000000004,3.3100000000000005,0.0,4.2435897435897445,0.8312124532183435,8.333333333333334,0.11599133931333125,97.085,450.0,8.ファイナル後半
120,1040043104R    ,2023,38,4.0,8.0,8.0,（株）ギフ加藤製作所,1.8519999999999999,0.185,2.035,2.475,6.27,8.055,0.9,2.563524453809471,3,TP341ﾌﾀﾅｼ,1,6,4.92,6,1.85,0.44,3.795,1.785,6.02,0.12,6.688888888888887,2.34832946143896,21.89014068063744,0.17944133978080815,97.085,450.0,2.MGケース
121,33490ECB010    ,2023,38,46.0,410.0,432.0,マレリ（株）,96.0,0.15,2.32,2.61,4.93,5.065,1.02,1.0520213475650433,3,TP341ﾌﾀﾅｼ,1,6,4.92,470,2.17,0.29000000000000004,2.32,0.1349999999999998,2.745,0.23,2.6911764705882346,2.6092626412509987,4.856418918918919,1.7929236400984951,97.085,450.0,7.ファイナル前半
122,33490ECE010    ,2023,38,92.0,546.0,574.0,マレリ（株）,127.75,0.15,2.32,2.59,5.14,5.3,1.02,1.042772559066325,3,TP341ﾌﾀﾅｼ,1,6,4.92,625,2.17,0.27,2.55,0.16000000000000014,2.98,0.23,2.92156862745098,2.857766033532973,7.298884011212777,2.6302209018806737,97.085,450.0,7.ファイナル前半
123,34989ECB010    ,2023,38,2.0,2.0,2.0,（株）槌屋,0.496,0.27,4.5,4.85,13.64,15.78,0.88,8.24196319018405,3,ＴＰ３４１フタナシ,1,6,4.92,3,4.23,0.34999999999999964,8.790000000000001,2.1399999999999992,11.28,0.0,12.818181818181815,1.368605966771869,40.867480383609426,0.04881031322739743,97.085,450.0,7.ファイナル前半
124,34989ECB020    ,2023,38,6.0,7.0,9.0,（株）槌屋,1.79,0.27,4.5,4.8,8.71,10.18,0.88,2.543524453809471,3,TP341ﾌﾀﾅｼ,1,6,4.92,9,4.23,0.2999999999999998,3.910000000000001,1.4699999999999989,5.68,0.0,6.454545454545454,2.2331218367069314,33.97252000603956,0.17461985739025307,97.085,450.0,8.ファイナル後半
125,34989ECB030    ,2023,38,3.0,2.0,4.0,（株）槌屋,0.895,0.27,4.5,4.8,8.92,11.52,0.88,4.207048907618941,3,TP341ﾌﾀﾅｼ,1,6,4.92,5,4.23,0.2999999999999998,4.12,2.6,7.02,0.0,7.9772727272727275,1.6686280939798015,33.97252000603956,0.08780546911397824,97.085,450.0,8.ファイナル後半
126,34989ECC010    ,2023,38,2.0,1.0,1.0,（株）槌屋,0.28800000000000003,2.26,4.49,4.89,20.73,26.02,0.88,9.651929824561403,3,TP341ﾌﾀﾅｼ,1,6,4.92,1,2.2300000000000004,0.39999999999999947,15.84,5.289999999999999,21.53,0.0,24.46590909090909,2.230641995055984,70.38288288288287,0.028390829281288468,97.085,450.0,7.ファイナル前半
127,34989ECE010    ,2023,38,2.0,1.0,1.0,（株）槌屋,0.336,0.26,2.48,2.95,13.45,20.9,0.88,9.575652173913042,3,TP341ﾌﾀﾅｼ,1,6,4.92,1,2.22,0.4700000000000002,10.5,7.449999999999997,18.42,0.0,20.93181818181818,1.9236287686160558,60.32818532818533,0.03311204261210497,97.085,450.0,7.ファイナル前半
128,34989ECE020    ,2023,38,2.0,2.0,2.0,（株）槌屋,0.0,0.27,4.51,4.8,11.01,13.96,0.88,7.437377049180328,3,TP341ﾌﾀﾅｼ,1,6,4.92,1,4.24,0.29000000000000004,6.21,2.950000000000001,9.45,0.0,10.738636363636363,1.2706092399929467,inf,0.0,97.085,450.0,7.ファイナル前半
129,34989ECE030    ,2023,38,2.0,2.0,1.0,（株）槌屋,0.0,0.25,4.47,4.86,17.75,27.94,0.88,12.813174224343676,3,TP341ﾌﾀﾅｼ,1,6,4.92,1,4.22,0.39000000000000057,12.89,10.19,23.47,0.0,26.67045454545455,1.8317084891743285,inf,0.0,97.085,450.0,
130,35145ECB010    ,2023,38,7.0,20.0,20.0,三共鋼業（株）,3.84,0.11,1.87,2.29,5.98,6.2,0.82,1.6205336891260838,3,ｻﾝﾎﾞｯｸｽ＃24Aﾌﾀｱﾘ,1,4,4.0,19,1.76,0.4199999999999999,3.69,0.21999999999999967,4.33,0.0,5.2804878048780495,2.6719592619731767,14.583333333333336,0.4448587044019828,97.085,450.0,2.MGケース
131,35145ECE010    ,2023,38,6.0,24.0,22.0,三共鋼業（株）,4.945,0.105,1.87,2.29,5.38,6.09,0.82,1.3893139766581268,3,ｻﾝﾎﾞｯｸｽ＃24Aﾌﾀｱﾘ,1,4,4.0,24,1.765,0.4199999999999999,3.09,0.71,4.22,0.0,5.146341463414634,3.03747034212586,9.706774519716886,0.5361798756078954,97.085,450.0,2.MGケース
132,35145ECE020    ,2023,38,5.0,22.0,22.0,（株）浅賀井製作所,5.11,0.29,1.83,2.15,4.81,5.24,0.87,1.4393139766581269,3,ｻﾝﾎﾞｯｸｽ＃24Aﾌﾀｱﾘ,1,4,4.0,25,1.54,0.31999999999999984,2.66,0.4300000000000006,3.41,0.13,3.9195402298850577,2.369184247010172,7.8277886497064575,0.5341430286599617,97.085,450.0,2.MGケース
133,35174ECB010    ,2023,38,13.0,81.0,86.0,（株）浅賀井製作所,19.2,0.52,1.825,2.08,4.1400000000000015,4.455,0.87,1.0301067378252171,3,ｻﾝﾎﾞｯｸｽ＃24Aﾌﾀｱﾘ,1,4,4.0,94,1.3050000000000002,0.2549999999999999,2.0600000000000005,0.3149999999999995,2.63,0.13,3.022988505747126,2.5531334796940666,5.416666666666666,1.1631374888159858,97.085,450.0,2.MGケース
134,35174ECE010    ,2023,38,15.0,51.0,56.0,（株）浅賀井製作所,12.775,0.53,1.83,2.14,4.47,4.91,0.87,1.0977255906632508,3,ｻﾝﾎﾞｯｸｽ＃24Aﾌﾀｱﾘ,1,4,4.0,61,1.3,0.31000000000000005,2.33,0.4400000000000004,3.08,0.13,3.5402298850574714,2.805801400820992,9.393346379647749,1.134142917543815,97.085,450.0,2.MGケース
135,35174ECE020    ,2023,38,8.0,27.0,25.0,（株）浅賀井製作所,5.677777777777778,0.29,1.845,2.145,5.07,5.4049999999999985,0.87,1.3823825789923143,3,ＴＰ３４１フタナシ,1,6,4.92,28,1.5550000000000002,0.2999999999999998,2.9250000000000003,0.3349999999999991,3.5599999999999987,0.13,4.091954022988505,2.575263934962965,14.28042523932935,0.5157759611675884,97.085,450.0,2.MGケース
136,35195ECE010    ,2023,38,6.0,13.0,11.0,三共鋼業（株）,2.39,0.105,3.835,3.93,7.215,7.814999999999999,0.82,1.9586279533162536,3,ｻﾝﾎﾞｯｸｽ＃24Aﾌﾀｱﾘ,1,4,4.0,12,3.73,0.0950000000000002,3.285,0.5999999999999996,3.98,0.0,4.853658536585366,2.0320347175997653,20.0836820083682,0.2884520804455438,97.085,450.0,4.TA・カバー・メイン
137,35195TFG010    ,2023,38,5.0,13.0,11.0,三共鋼業（株）,2.39,0.1,1.87,2.29,5.85,6.54,0.82,1.9586279533162536,3,ｻﾝﾎﾞｯｸｽ＃24Aﾌﾀｱﾘ,1,4,4.0,11,1.77,0.4199999999999999,3.56,0.6900000000000004,4.67,0.0,5.695121951219512,2.3843221435153032,16.736401673640167,0.2864771059243705,97.085,450.0,2.MGケース
138,35198ECE010    ,2023,38,6.0,13.0,11.0,サトープレス工業（株）,2.555,0.12,3.94,4.11,6.73,7.01,0.82,1.9586279533162536,3,ｻﾝﾎﾞｯｸｽ＃24Aﾌﾀｱﾘ,1,4,4.0,13,3.82,0.17000000000000035,2.62,0.27999999999999936,3.07,0.0,3.7439024390243913,1.5674237645807234,18.786692759295498,0.30685525754598963,97.085,450.0,2.MGケース
139,35300ECB010    ,2023,38,126.5,270.0,331.0,アイシン精機（株）,74.58333333333333,0.2,1.18,1.53,5.335,5.53,0.91,0.9499245868914272,3,サンボックス＃２０Ｂフタナシ,1,2,1.82,358,0.98,0.3500000000000001,3.805,0.19500000000000028,4.3500000000000005,0.14,4.780219780219781,4.579310884283059,12.029002733864255,2.3845502527050977,97.085,450.0,3.ギヤサブ・共通部品
140,35312ECB010    ,2023,38,5.0,31.0,27.0,（株）旭工業所,6.095238095238094,0.68,2.03,2.265,4.635,4.955,0.83,1.3343362241494328,3,ｻﾝﾎﾞｯｸｽ＃24Aﾌﾀｱﾘ,1,4,4.0,30,1.3499999999999996,0.2349999999999999,2.37,0.3200000000000003,2.9250000000000003,0.0,3.5240963855421694,2.192101171400432,6.5625,0.5958714620131943,97.085,450.0,2.MGケース
141,3539450A010    ,2023,38,3.0,0.0,1.0,ミズショー（株）,0.8665,0.14,3.075,3.445,6.5600000000000005,8.25,0.84,4.167048907618942,3,ｻﾝﾎﾞｯｸｽ＃24Aﾌﾀｱﾘ,1,4,4.0,4,2.935,0.3699999999999997,3.1150000000000007,1.6899999999999995,5.175,0.0,6.1607142857142865,1.2418860720684468,27.69763416041545,0.10730540889322032,97.085,450.0,3.ギヤサブ・共通部品
142,35409ECB010    ,2023,38,3.0,10.0,9.0,サンコール（株）,1.86,0.1,4.355,4.625,6.18,6.795,0.87,2.471067378252168,3,ＴＰ３４２フタアリ,1,4,8.04,10,4.255000000000001,0.2699999999999996,1.5549999999999995,0.6150000000000002,2.4399999999999995,0.0,2.8045977011494245,0.98742754708933,7.1367399371966895,0.38987672416294106,97.085,450.0,4.TA・カバー・メイン
143,35441ECB010    ,2023,38,25.0,88.0,82.0,（株）ニフコ,18.64583333333333,0.09,2.23,2.625,5.41,5.630000000000001,0.86,1.019698347565709,3,ＴＰ３４２フタアリ,1,4,8.04,90,2.14,0.395,2.785,0.22000000000000064,3.4000000000000012,0.0,3.9534883720930236,3.334319417224421,5.932664260641718,2.168931242161356,97.085,450.0,2.MGケース
144,35441TFA010    ,2023,38,3.0,19.0,17.0,（株）ニフコ,3.72,0.09,2.23,2.62,5.025,5.63,0.86,1.6605336891260838,3,サンボックス＃９Ｆフタナシ,1,1,1.9,18,2.14,0.3900000000000001,2.405,0.6049999999999995,3.4,0.0,3.953488372093023,2.047534489823795,2.7808676307007785,0.44864055424491817,97.085,450.0,2.MGケース
145,3548255A010    ,2023,38,4.0,7.0,8.0,サトープレス工業（株）,1.6483333333333334,0.12,2.95,3.155,5.77,5.8900000000000015,0.82,2.527941929974381,3,ｻﾝﾎﾞｯｸｽ＃24Aﾌﾀｱﾘ,1,4,4.0,8,2.83,0.20500000000000007,2.615,0.12000000000000098,2.9400000000000004,0.0,3.585365853658537,1.1630013985447027,19.41354903943377,0.20092375662109424,97.085,450.0,4.TA・カバー・メイン
146,35482TFA010    ,2023,38,1.0,2.0,0.0,サトープレス工業（株）,0.192,0.12,2.94,3.145,3.93,10.035,0.82,8.825336891260841,3,ｻﾝﾎﾞｯｸｽ＃24Aﾌﾀｱﾘ,1,4,4.0,2,2.82,0.20500000000000007,0.7850000000000001,6.105,7.0950000000000015,0.0,8.652439024390246,0.8039353157187369,41.66666666666666,0.023966868201398383,97.085,450.0,4.TA・カバー・メイン
147,35556ECB010    ,2023,38,3.0,18.0,17.0,（株）ギフ加藤製作所,3.6,0.15,2.07,2.5,5.0,5.27,0.9,1.7005336891260838,3,TP341ﾌﾀﾅｼ,1,6,4.92,17,1.92,0.43000000000000016,2.5,0.2699999999999996,3.2,0.12,3.555555555555556,1.8817621905770665,8.445945945945946,0.32516990860089057,97.085,450.0,4.TA・カバー・メイン
148,35580ECB011    ,2023,38,78.0,309.0,284.0,アイシン精機（株）,64.0,0.2,1.18,2.05,5.02,5.23,0.91,0.9580320213475648,3,サンボックス＃２０Ｂフタナシ,1,2,1.82,312,0.98,0.8699999999999999,2.97,0.21000000000000085,4.050000000000002,0.14,4.4505494505494525,4.227416109018238,8.643617021276594,1.7790502996627275,97.085,450.0,8.ファイナル後半
149,35595ECB010    ,2023,38,8.0,47.0,43.0,サトープレス工業（株）,9.6,0.12,1.95,2.19,4.5,4.74,0.82,1.1402134756504336,3,ｻﾝﾎﾞｯｸｽ＃24Aﾌﾀｱﾘ,1,4,4.0,47,1.83,0.24,2.31,0.2400000000000002,2.79,0.0,3.4024390243902443,2.446910214254789,6.666666666666666,0.8379888268156425,97.085,450.0,4.TA・カバー・メイン
150,35771ECB010    ,2023,38,26.5,431.0,433.0,アイシン機工（株）,96.0,0.39,1.16,1.35,1.56,1.73,0.7,0.7320213475650433,3,ｻﾝﾎﾞｯｸｽ＃24Aﾌﾀｱﾘ,1,4,4.0,450,0.7699999999999999,0.1900000000000001,0.21,0.16999999999999993,0.5700000000000001,0.07,0.8142857142857144,0.7786658160940492,2.208333333333333,0.8546089760816985,97.085,450.0,2.MGケース
151,35771ECE010    ,2023,38,52.0,364.0,372.0,アイシン機工（株）,82.41666666666667,0.38,1.16,1.36,2.705,2.925,0.7,0.7341588385994876,3,ﾃﾝﾊﾞｺ10ﾌﾀﾅｼ,1,8,9.0,388,0.7799999999999999,0.20000000000000007,1.345,0.21999999999999967,1.765,0.07,2.521428571428572,2.4041118994998256,5.0475227502527815,2.6707152769656024,97.085,450.0,2.MGケース
152,41310ECB010    ,2023,38,57.5,802.0,862.0,（株）オンド,180.0,0.19,1.2,1.46,1.78,1.93,1.1,1.1160106737825215,3,TP341ﾌﾀﾅｼ,1,6,4.92,871,1.01,0.26,0.3200000000000001,0.1499999999999999,0.73,0.05,0.6636363636363636,0.6541156076274733,3.2376126126126117,1.3613458821020077,97.085,450.0,1.デフ・大物ギヤ・Brg
153,41310ECE010    ,2023,38,145.0,1047.0,1123.0,（株）オンド,255.5,0.19,1.13,1.53,2.395,2.545,1.1,1.1113862795331626,3,TP341ﾌﾀﾅｼ,1,6,4.92,1142,0.94,0.4000000000000001,0.865,0.1499999999999999,1.415,0.05,1.2863636363636364,1.2731846937991445,5.7518379436187645,2.372763763708959,97.085,450.0,1.デフ・大物ギヤ・Brg
154,5040056001E    ,2023,38,5.0,32.0,26.0,サトープレス工業（株）,6.0,0.12,1.94,2.16,2.95,5.34,0.82,1.3003202134756504,3,ｻﾝﾎﾞｯｸｽ＃24Aﾌﾀｱﾘ,1,4,4.0,35,1.82,0.2200000000000002,0.79,2.39,3.4,0.0,4.146341463414634,2.6147405575677976,6.666666666666668,0.590551181102362,97.085,450.0,3.ギヤサブ・共通部品
155,82824ECE010    ,2023,38,14.0,67.0,63.0,住友電装（株）,11.355555555555556,1.46,5.425,5.37,6.285,6.765,0.78,1.0361912894961571,3,ｻﾝﾎﾞｯｸｽ＃24Aﾌﾀｱﾘ,1,4,4.0,54,3.965,-0.054999999999999716,0.915,0.4799999999999995,1.34,0.0,1.7179487179487176,1.2931975143813148,9.863013698630136,1.0550367163788772,97.085,450.0,2.MGケース
156,9025006A007    ,2023,38,2.0,16.0,17.0,（株）ギフ加藤製作所,3.6,0.23,2.07,2.49,4.6,5.0,0.9,1.7005336891260838,3,TP341ﾌﾀﾅｼ,1,6,4.92,11,1.84,0.4200000000000004,2.1099999999999994,0.4000000000000004,2.93,0.12,3.2555555555555555,1.7229885057471268,5.63063063063063,0.3119817870091909,97.085,450.0,2.MGケース
157,9033904A002    ,2023,38,2.0,3.0,3.0,サトープレス工業（株）,0.957,0.12,1.94,3.46,5.75,7.03,0.82,4.147048907618942,3,ｻﾝﾎﾞｯｸｽ＃24Aﾌﾀｱﾘ,1,4,4.0,5,1.82,1.52,2.29,1.2800000000000002,5.09,0.0,6.207317073170732,1.2273788212742494,16.718913270637408,0.11760545920854955,97.085,450.0,4.TA・カバー・メイン
158,9033904A003    ,2023,38,3.0,4.0,3.0,サトープレス工業（株）,0.422,0.13,1.95,2.13,9.1,13.49,0.82,8.825336891260841,3,ｻﾝﾎﾞｯｸｽ＃24Aﾌﾀｱﾘ,1,4,4.0,1,1.82,0.17999999999999994,6.97,4.3900000000000015,11.54,0.0,14.07317073170732,1.3075988080893903,56.87203791469192,0.05263283667392203,97.085,450.0,3.ギヤサブ・共通部品
159,9034118060,2023,38,7.0,7.0,8.0,住友商事（株）鉄鋼部輸送機材,1.7033333333333334,0.2,4.88,5.14,7.51,8.85,0.94,2.6479419299743805,3,ｻﾝﾎﾞｯｸｽ＃24Aﾌﾀｱﾘ,1,4,4.0,9,4.68,0.2599999999999998,2.37,1.34,3.97,0.0,4.223404255319149,1.499277591800667,32.87671232876712,0.20965797030570266,97.085,450.0,2.MGケース
160,9036324A003    ,2023,38,7.0,76.0,78.0,日本精工（株）,16.363636363636363,0.11,1.33,1.54,1.8,2.08,0.74,0.9161174116077384,3,ｻﾝﾎﾞｯｸｽ＃24Aﾌﾀｱﾘ,1,4,4.0,77,1.22,0.21,0.26,0.28,0.75,0.09,1.0135135135135136,0.81867235629087,3.4222222222222225,0.8402036857419981,97.085,450.0,1.デフ・大物ギヤ・Brg
161,9036324A004    ,2023,38,17.5,129.0,134.0,日本精工（株）,27.93333333333333,0.11,1.32,1.54,2.135,2.29,0.74,0.8398114672285683,3,ｻﾝﾎﾞｯｸｽ＃24Aﾌﾀｱﾘ,1,4,4.0,132,1.21,0.22,0.5949999999999998,0.15500000000000025,0.97,0.09,1.3108108108108107,1.1550211420678291,5.0119331742243425,1.3067568193726142,97.085,450.0,1.デフ・大物ギヤ・Brg
162,9036324A005    ,2023,38,16.5,101.0,103.0,日本精工（株）,21.727272727272727,0.14,1.31,1.54,2.24,2.43,0.74,0.8652490748647879,3,ﾃﾝﾊﾞｺ10ﾌﾀﾅｼ,1,8,9.0,103,1.17,0.23,0.7000000000000002,0.18999999999999995,1.12,0.09,1.5135135135135136,1.294424961014864,6.075313807531381,1.6704485394141098,97.085,450.0,1.デフ・大物ギヤ・Brg
163,9036340A010    ,2023,38,15.0,96.0,100.0,日本精工（株）,20.95,0.11,1.32,1.54,2.2350000000000003,2.62,0.76,0.8930819563047576,3,ｻﾝﾎﾞｯｸｽ＃24Aﾌﾀｱﾘ,1,4,4.0,98,1.21,0.22,0.6950000000000003,0.3849999999999998,1.3,0.09,1.7105263157894737,1.4556334845000325,5.727923627684962,1.2486552370507895,97.085,450.0,
164,9036345A004    ,2023,38,12.0,37.0,44.0,岡谷鋼機（株）,9.944444444444443,0.13,2.44,2.85,5.725,5.93,0.87,1.1694344016857048,3,TP341ﾌﾀﾅｼ,1,6,4.92,48,2.31,0.41000000000000014,2.875,0.20500000000000007,3.49,0.0,4.011494252873563,2.9843486688687015,12.230107202174244,0.8342175557545587,97.085,450.0,4.TA・カバー・メイン
165,9036628A005    ,2023,38,5.0,30.0,28.0,（株）ジェイテクト,6.2,0.09,2.02,2.65,4.87,5.125,0.81,1.2903202134756504,3,TP341ﾌﾀﾅｼ,1,6,4.92,30,1.93,0.6299999999999999,2.22,0.2549999999999999,3.105,0.0,3.833333333333333,2.4063794146386863,8.173496076721882,0.5253850609865025,97.085,450.0,1.デフ・大物ギヤ・Brg
166,9036628A006    ,2023,38,4.0,22.0,21.0,（株）ジェイテクト,4.8,0.09,2.02,2.34,4.84,5.41,0.81,1.4504269513008672,3,TP341ﾌﾀﾅｼ,1,6,4.92,24,1.93,0.31999999999999984,2.5,0.5700000000000003,3.39,0.0,4.185185185185185,2.337242835262788,8.445945945945946,0.4216764488005014,97.085,450.0,1.デフ・大物ギヤ・Brg
167,9036628A007    ,2023,38,9.0,32.0,31.0,（株）ジェイテクト,7.097222222222222,0.09,2.02,2.34,5.64,5.9,0.81,1.2199060631938514,3,TP341ﾌﾀﾅｼ,1,6,4.92,33,1.93,0.31999999999999984,3.3,0.2600000000000007,3.88,0.0,4.790123456790123,3.1805727646288795,12.852382715396411,0.6254293660819353,97.085,450.0,1.デフ・大物ギヤ・Brg
168,9036628A008    ,2023,38,7.0,22.0,23.0,（株）ジェイテクト,4.945,0.09,2.02,2.475,5.285,5.76,0.81,1.379313976658127,3,TP341ﾌﾀﾅｼ,1,6,4.92,24,1.93,0.4549999999999996,2.8100000000000005,0.4749999999999997,3.74,0.0,4.617283950617283,2.711492860430128,14.34700625802749,0.4540023343625369,97.085,450.0,1.デフ・大物ギヤ・Brg
169,9036630A017    ,2023,38,13.5,59.0,55.0,（株）ジェイテクト,12.430555555555555,0.09,2.02,2.32,4.855,5.18,0.81,1.049547521348564,3,TP341ﾌﾀﾅｼ,1,6,4.92,60,1.93,0.2999999999999998,2.5350000000000006,0.3249999999999993,3.16,0.0,3.901234567901234,3.0108212689023497,11.007096481956816,0.9853738752118838,97.085,450.0,1.デフ・大物ギヤ・Brg
170,9036630A018    ,2023,38,19.0,112.0,103.0,（株）ジェイテクト,23.552631578947373,0.09,2.02,2.31,4.81,5.05,0.54,0.6664278584895198,3,TP341ﾌﾀﾅｼ,1,6,4.92,113,1.93,0.29000000000000004,2.5,0.2400000000000002,3.03,0.0,5.6111111111111125,4.5466286581530255,8.176053148120186,1.4308173466761682,97.085,450.0,1.デフ・大物ギヤ・Brg
171,9036652A003    ,2023,38,10.0,39.0,37.0,（株）ジェイテクト,8.516666666666667,0.09,2.02,2.48,5.305,5.745,0.81,1.1515883859948761,3,TP341ﾌﾀﾅｼ,1,6,4.92,40,1.93,0.46,2.825,0.4400000000000004,3.725,0.0,4.598765432098765,3.2346627017967986,11.900354366107788,0.7275038277849064,97.085,450.0,1.デフ・大物ギヤ・Brg
172,9036652A004    ,2023,38,9.0,38.0,36.0,（株）ジェイテクト,8.11111111111111,0.09,2.02,2.34,5.27,5.6,0.81,1.16866780529462,3,ｻﾝﾎﾞｯｸｽ＃24Aﾌﾀｱﾘ,1,4,4.0,39,1.93,0.31999999999999984,2.93,0.3300000000000001,3.58,0.0,4.419753086419752,3.063317038238668,8.876712328767121,0.7957527554604549,97.085,450.0,1.デフ・大物ギヤ・Brg
173,9036658A001    ,2023,38,5.0,39.0,36.0,（株）ジェイテクト,8.533333333333333,0.09,2.02,2.32,4.68,5.1,0.81,1.1702401601067378,3,ｻﾝﾎﾞｯｸｽ＃24Aﾌﾀｱﾘ,1,4,4.0,40,1.93,0.2999999999999998,2.36,0.4199999999999999,3.08,0.0,3.802469135802468,2.6319383875178857,4.6875,0.6898930665746811,97.085,450.0,1.デフ・大物ギヤ・Brg
174,9036658A002    ,2023,38,8.0,51.0,47.0,（株）ジェイテクト,10.666666666666666,0.09,2.02,2.445,4.675,5.1099999999999985,0.81,1.0981921280853904,3,ｻﾝﾎﾞｯｸｽ＃24Aﾌﾀｱﾘ,1,4,4.0,52,1.93,0.4249999999999998,2.23,0.4349999999999996,3.0899999999999994,0.0,3.8148148148148135,2.813715306252619,6.0,0.8695652173913044,97.085,450.0,1.デフ・大物ギヤ・Brg
175,9036659A009    ,2023,38,22.0,117.0,109.0,（株）ジェイテクト,24.86111111111111,0.09,2.02,2.65,4.855,5.0950000000000015,0.81,0.929773760674282,3,ｻﾝﾎﾞｯｸｽ＃24Aﾌﾀｱﾘ,1,4,4.0,120,1.93,0.6299999999999999,2.2050000000000005,0.2400000000000002,3.0750000000000006,0.0,3.7962962962962967,3.307256162800268,7.079329608938546,1.513310639224515,97.085,450.0,1.デフ・大物ギヤ・Brg
176,9036659A010    ,2023,38,22.0,116.0,109.0,（株）ジェイテクト,24.86111111111111,0.09,2.02,2.65,5.08,5.25,0.81,0.929773760674282,3,ｻﾝﾎﾞｯｸｽ＃24Aﾌﾀｱﾘ,1,4,4.0,120,1.93,0.6299999999999999,2.43,0.16999999999999993,3.23,0.0,3.987654320987654,3.47396338401459,7.079329608938546,1.513310639224515,97.085,450.0,1.デフ・大物ギヤ・Brg
177,G1250ECB010    ,2023,38,4.0,19.0,18.0,（株）バルカー,3.9,0.37,5.04,5.36,6.5,7.0,1.14,2.023435582822086,3,ｻﾝﾎﾞｯｸｽ＃24Aﾌﾀｱﾘ,1,4,4.0,19,4.67,0.3200000000000003,1.1399999999999997,0.5,1.96,0.24,1.7192982456140349,0.968649566430174,8.205128205128204,0.4266608319886224,97.085,450.0,2.MGケース
178,G1250ECC010    ,2023,38,3.0,12.0,11.0,（株）バルカー,2.45,0.235,5.04,5.385,6.885,7.6,1.14,2.1926315789473683,3,ｻﾝﾎﾞｯｸｽ＃24Aﾌﾀｱﾘ,1,4,4.0,12,4.805,0.3449999999999997,1.5,0.7149999999999999,2.56,0.24,2.245614035087719,1.167546807489198,9.795918367346935,0.28487543966745155,97.085,450.0,2.MGケース
179,G1250ECE010    ,2023,38,13.0,39.0,37.0,（株）バルカー,8.241666666666667,0.37,5.045,5.385,6.43,6.8100000000000005,1.14,1.481588385994876,3,ｻﾝﾎﾞｯｸｽ＃24Aﾌﾀｱﾘ,1,4,4.0,40,4.675,0.33999999999999986,1.045,0.3800000000000008,1.7650000000000006,0.24,1.5482456140350884,1.1912890359320791,12.61880687563195,0.8614230766847105,97.085,450.0,2.MGケース
180,G9201ECB030    ,2023,38,49.0,198.0,214.0,佐藤工業（株）,45.0,4.6,5.06,5.5,6.76,6.94,0.74,0.8040426951300867,3,ｻﾝﾎﾞｯｸｽ＃24Aﾌﾀｱﾘ,1,4,4.0,210,0.46,0.4400000000000004,1.2599999999999998,0.1800000000000006,1.8800000000000008,0.05,2.5405405405405417,2.3381842921859195,8.71111111111111,2.2061030515257642,97.085,450.0,8.ファイナル後半
181,G9201ECE010    ,2023,38,54.0,260.0,277.0,佐藤工業（株）,63.875,4.09,5.03,5.78,6.88,7.01,0.74,0.7855451181326502,3,ｻﾝﾎﾞｯｸｽ＃24Aﾌﾀｱﾘ,1,4,4.0,301,0.9400000000000004,0.75,1.0999999999999996,0.1299999999999999,1.9799999999999995,0.05,2.6756756756756745,2.520542683412933,6.7632093933463775,2.082874538964733,97.085,450.0,8.ファイナル後半
