,品番,使用工程
0,34989ECE030,
1,9036340A010,
2,35145ECE020,2.MGケース
3,33490ECB010,7.ファイナル前半
4,33490ECE010,7.ファイナル前半
5,35771ECB010,2.MGケース
6,35580ECB011,8.ファイナル後半
7,35771ECE010,2.MGケース
8,G1144ECB010,2.MGケース
9,G9201ECB030,8.ファイナル後半
10,G9201ECE010,8.ファイナル後半
11,35300ECB010,3.ギヤサブ・共通部品
12,G1144ECE010,2.MGケース
13,41310ECB010,1.デフ・大物ギヤ・Brg
14,41310ECE010,1.デフ・大物ギヤ・Brg
15,35174ECB010,2.MGケース
16,01912ECB040,8.ファイナル後半
17,019128GA010,8.ファイナル後半
18,82821ECE010,8.ファイナル後半
19,9031150A014,8.ファイナル後半
20,9031150A015,8.ファイナル後半
21,82821ECB040,8.ファイナル後半
22,82821ECB050,8.ファイナル後半
23,82821XAE010,8.ファイナル後半
24,82821CWA030,8.ファイナル後半
25,82821ECB020,8.ファイナル後半
26,01912ECB010,8.ファイナル後半
27,82821ECB010,8.ファイナル後半
28,82821XAE020,8.ファイナル後半
29,01912ECB060,8.ファイナル後半
30,Y021782011,8.ファイナル後半
31,1040183011P,8.ファイナル後半
32,34989ECB020,8.ファイナル後半
33,34989ECB030,8.ファイナル後半
34,9015906A022,8.ファイナル後半
35,9011606048,8.ファイナル後半
36,9030119A011,7.ファイナル前半
37,9093003179,7.ファイナル前半
38,34989ECB010,7.ファイナル前半
39,34989ECC010,7.ファイナル前半
40,34989ECE010,7.ファイナル前半
41,34989ECE020,7.ファイナル前半
42,9014908A008,7.ファイナル前半
43,9030119A010,7.ファイナル前半
44,9015906A021,7.ファイナル前半
45,9015906A023,7.ファイナル前半
46,9015905A007,7.ファイナル前半
47,G117362010,4.TA・カバー・メイン
48,35505ECB010,4.TA・カバー・メイン
49,35595ECB010,4.TA・カバー・メイン
50,35557ECB010,4.TA・カバー・メイン
51,G1174ECB010,4.TA・カバー・メイン
52,G1174ECE010,4.TA・カバー・メイン
53,35847ECE020,4.TA・カバー・メイン
54,35847ECB020,4.TA・カバー・メイン
55,9036345A004,4.TA・カバー・メイン
56,35501ECB010,4.TA・カバー・メイン
57,35556ECB010,4.TA・カバー・メイン
58,3559850A010,4.TA・カバー・メイン
59,82125ECE010,4.TA・カバー・メイン
60,9050827A011,4.TA・カバー・メイン
61,35409ECB010,4.TA・カバー・メイン
62,9010508A042,4.TA・カバー・メイン
63,3548255A010,4.TA・カバー・メイン
64,9034118090,4.TA・カバー・メイン
65,35195ECE010,4.TA・カバー・メイン
66,2030044001J,4.TA・カバー・メイン
67,9010508A014,4.TA・カバー・メイン
68,9094906A012,4.TA・カバー・メイン
69,9052409A003,4.TA・カバー・メイン
70,3519510A010,4.TA・カバー・メイン
71,9167180618,4.TA・カバー・メイン
72,35482TFA010,4.TA・カバー・メイン
73,9033904A002,4.TA・カバー・メイン
74,9014860027,4.TA・カバー・メイン
75,9030106A018,4.TA・カバー・メイン
76,9025006027,4.TA・カバー・メイン
77,82824ECB020,3.ギヤサブ・共通部品
78,9036340085,3.ギヤサブ・共通部品
79,9020150A002,3.ギヤサブ・共通部品
80,9020156A001,3.ギヤサブ・共通部品
81,9020156A002,3.ギヤサブ・共通部品
82,9010512A018,3.ギヤサブ・共通部品
83,5040056001E,3.ギヤサブ・共通部品
84,3040052001B,3.ギヤサブ・共通部品
85,9155180640,3.ギヤサブ・共通部品
86,9030117A010,3.ギヤサブ・共通部品
87,9155180614,3.ギヤサブ・共通部品
88,2030045013L,3.ギヤサブ・共通部品
89,9033904A003,3.ギヤサブ・共通部品
90,3539450A010,3.ギヤサブ・共通部品
91,9161140614,3.ギヤサブ・共通部品
92,9033106A003,3.ギヤサブ・共通部品
93,82824ECB010,2.MGケース
94,35174ECE010,2.MGケース
95,35847ECE010,2.MGケース
96,82824ECE010,2.MGケース
98,35441ECB010,2.MGケース
99,35882ECB010,2.MGケース
100,G1250ECB010,2.MGケース
101,G1250ECC010,2.MGケース
102,G1250ECE010,2.MGケース
103,35312ECB010,2.MGケース
104,G1163ECB010,2.MGケース
105,35847ECB010,2.MGケース
106,35174ECE020,2.MGケース
107,G1163ECE010,2.MGケース
108,35145ECB010,2.MGケース
109,35145ECE010,2.MGケース
110,82125ECB010,2.MGケース
111,35441TFA010,2.MGケース
112,36108ECB010,2.MGケース
113,1040052001Z,2.MGケース
114,9034118A024,2.MGケース
115,9025006A007,2.MGケース
116,35198ECE010,2.MGケース
117,35165ECE010,2.MGケース
118,2030052002N,2.MGケース
119,9034118060,2.MGケース
120,35195TFG010,2.MGケース
121,9034114A004,2.MGケース
122,35352ECB010,2.MGケース
123,9011906A065,2.MGケース
124,1040043104R,2.MGケース
125,9034108A006,2.MGケース
126,9034108A010,2.MGケース
127,9030111A014,2.MGケース
128,9030115A011,2.MGケース
129,9010506A089,2.MGケース
130,9010506A003,2.MGケース
131,9011906908,2.MGケース
132,9033114006,2.MGケース
133,9036324A003,1.デフ・大物ギヤ・Brg
134,9036324A005,1.デフ・大物ギヤ・Brg
135,9036324A004,1.デフ・大物ギヤ・Brg
136,9036658A002,1.デフ・大物ギヤ・Brg
137,9036659A009,1.デフ・大物ギヤ・Brg
138,9036659A010,1.デフ・大物ギヤ・Brg
139,9036630A018,1.デフ・大物ギヤ・Brg
140,9036658A001,1.デフ・大物ギヤ・Brg
141,9036628A005,1.デフ・大物ギヤ・Brg
142,9036652A003,1.デフ・大物ギヤ・Brg
143,9036652A004,1.デフ・大物ギヤ・Brg
144,9036628A007,1.デフ・大物ギヤ・Brg
145,9036630A017,1.デフ・大物ギヤ・Brg
146,9036628A006,1.デフ・大物ギヤ・Brg
147,9036628A008,1.デフ・大物ギヤ・Brg
