,品番,Year,Week_Number,在庫数（箱）,入庫数（箱）,出庫数（箱）
0,019120LC030    ,2023,36,12.0,0.0,0.0
1,019120LC030    ,2023,37,11.5,0.0,0.0
2,019120LC030    ,2023,38,11.0,0.0,0.0
3,019120LC030    ,2023,39,11.0,0.0,0.0
4,019120LC040    ,2023,36,3.0,0.0,0.0
5,019120LC040    ,2023,37,1.0,0.0,0.0
6,019120LC050    ,2023,36,5.0,0.0,0.0
7,019120LC050    ,2023,37,4.0,0.0,0.0
8,019120LC050    ,2023,38,5.0,0.0,0.0
9,019120LC050    ,2023,39,6.0,0.0,0.0
10,019120LC060    ,2023,36,8.0,0.0,0.0
11,019120LC060    ,2023,37,8.0,0.0,0.0
12,019120LC060    ,2023,38,9.0,0.0,0.0
13,019120LC060    ,2023,39,9.0,0.0,0.0
14,019120LC070    ,2023,36,8.0,0.0,0.0
15,019120LC070    ,2023,37,8.0,0.0,0.0
16,019120LC070    ,2023,38,8.0,0.0,0.0
17,019120LC070    ,2023,39,8.0,0.0,0.0
18,019128GA010    ,2023,36,41.0,0.0,1.0
19,019128GA010    ,2023,37,40.0,0.0,1.0
20,019128GA010    ,2023,38,37.0,0.0,1.0
21,019128GA010    ,2023,39,40.0,0.0,1.0
22,01912ECB010    ,2023,36,13.0,0.0,0.0
23,01912ECB010    ,2023,37,13.0,0.0,0.0
24,01912ECB010    ,2023,38,12.0,0.0,0.0
25,01912ECB010    ,2023,39,14.0,0.0,0.0
26,01912ECB040    ,2023,36,30.5,0.0,1.0
27,01912ECB040    ,2023,37,26.0,0.0,1.0
28,01912ECB040    ,2023,38,27.0,0.0,1.0
29,01912ECB040    ,2023,39,26.5,0.0,1.0
30,01912ECB060    ,2023,36,3.0,0.0,0.0
31,01912ECB060    ,2023,37,2.0,0.0,0.0
32,01912ECB060    ,2023,38,1.0,0.0,0.0
33,01912ECB060    ,2023,39,1.0,0.0,0.0
34,01912TFA050    ,2023,36,7.0,0.0,0.0
35,01912TFA050    ,2023,37,7.0,0.0,0.0
36,01912TFA050    ,2023,38,7.0,0.0,0.0
37,01912TFA050    ,2023,39,7.0,0.0,0.0
38,0355045013U    ,2023,36,1.0,0.0,0.0
39,0355045013U    ,2023,37,1.0,0.0,0.0
40,0355045013U    ,2023,38,2.0,0.0,0.0
41,0355045013U    ,2023,39,2.0,0.0,0.0
42,0355052005L    ,2023,36,1.0,0.0,0.0
43,0355052005L    ,2023,37,1.0,0.0,0.0
44,0355052005L    ,2023,38,2.0,0.0,0.0
45,0355052005L    ,2023,39,3.0,0.0,0.0
46,0355113017A    ,2023,36,1.0,0.0,0.0
47,0355141009R    ,2023,36,1.0,0.0,0.0
48,0355141009R    ,2023,38,1.0,0.0,0.0
49,0355141009R    ,2023,39,2.0,0.0,0.0
50,0355183043P    ,2023,36,1.0,0.0,0.0
51,0355183043P    ,2023,37,1.0,0.0,0.0
52,0355183043P    ,2023,38,1.0,0.0,0.0
53,0355183043P    ,2023,39,1.0,0.0,0.0
54,1040043104R    ,2023,36,4.0,0.0,0.0
55,1040043104R    ,2023,37,3.0,0.0,0.0
56,1040043104R    ,2023,38,4.0,0.0,0.0
57,1040043104R    ,2023,39,5.0,0.0,0.0
58,1040052001Z    ,2023,36,3.0,0.0,0.0
59,1040052001Z    ,2023,37,3.0,0.0,0.0
60,1040052001Z    ,2023,38,3.0,0.0,0.0
61,1040052001Z    ,2023,39,3.0,0.0,0.0
62,1040052103H    ,2023,36,3.0,0.0,0.0
63,1040052103H    ,2023,37,4.0,0.0,0.0
64,1040052103H    ,2023,38,4.0,0.0,0.0
65,1040052103H    ,2023,39,4.0,0.0,0.0
66,1040141001S    ,2023,36,1.0,0.0,0.0
67,1040141001S    ,2023,37,1.0,0.0,0.0
68,1040141001S    ,2023,38,1.0,0.0,0.0
69,1040141001S    ,2023,39,1.0,0.0,0.0
70,1040183004C    ,2023,36,1.0,0.0,0.0
71,1040183004C    ,2023,37,1.0,0.0,0.0
72,1040183004C    ,2023,38,1.0,0.0,0.0
73,1040183011P    ,2023,36,1.0,0.0,0.0
74,1040183011P    ,2023,37,1.0,0.0,0.0
75,1040183011P    ,2023,38,1.0,0.0,0.0
76,1040183011P    ,2023,39,2.0,0.0,0.0
77,1040183017V    ,2023,36,1.0,0.0,0.0
78,1040183017V    ,2023,37,1.0,0.0,0.0
79,1040183017V    ,2023,38,2.0,0.0,0.0
80,1040183017V    ,2023,39,2.0,0.0,0.0
81,2030044001J    ,2023,36,1.0,0.0,0.0
82,2030044001J    ,2023,37,1.0,0.0,0.0
83,2030044001J    ,2023,38,1.0,0.0,0.0
84,2030044001J    ,2023,39,1.0,0.0,0.0
85,2030045013L    ,2023,36,3.0,0.0,0.0
86,2030045013L    ,2023,37,2.0,0.0,0.0
87,2030045013L    ,2023,38,2.0,0.0,0.0
88,2030045013L    ,2023,39,2.0,0.0,0.0
89,2030052002N    ,2023,36,3.0,0.0,0.0
90,2030052002N    ,2023,37,2.0,0.0,0.0
91,2030052002N    ,2023,38,5.0,0.0,0.0
92,2030052002N    ,2023,39,4.0,0.0,0.0
93,2030113004A    ,2023,36,3.0,0.0,0.0
94,2030113004A    ,2023,37,4.0,0.0,0.0
95,2030113004A    ,2023,38,4.0,0.0,0.0
96,2030113004A    ,2023,39,3.0,0.0,0.0
97,2030183013A    ,2023,36,2.0,0.0,0.0
98,2030183013A    ,2023,37,2.0,0.0,0.0
99,2030183013A    ,2023,38,2.0,0.0,0.0
100,2030183013A    ,2023,39,3.0,0.0,0.0
101,3040040039Y    ,2023,36,2.0,0.0,0.0
102,3040040039Y    ,2023,37,2.0,0.0,0.0
103,3040040039Y    ,2023,38,2.0,0.0,0.0
104,3040040039Y    ,2023,39,3.0,0.0,0.0
105,3040052001B    ,2023,36,3.0,0.0,0.0
106,3040052001B    ,2023,37,2.0,0.0,0.0
107,3040052001B    ,2023,38,3.0,0.0,0.0
108,3040052001B    ,2023,39,3.0,0.0,0.0
109,3040141002R    ,2023,39,1.0,0.0,0.0
110,321110LC010    ,2023,36,55.0,0.0,2.0
111,321110LC010    ,2023,37,48.0,0.0,2.0
112,321110LC010    ,2023,38,52.0,0.0,2.0
113,321110LC010    ,2023,39,49.0,0.0,2.0
114,333560LC020    ,2023,36,6.0,0.0,0.0
115,333560LC020    ,2023,37,6.0,0.0,0.0
116,333560LC020    ,2023,38,6.0,0.0,0.0
117,333560LC020    ,2023,39,5.0,0.0,0.0
118,33490ECB010    ,2023,36,54.0,0.0,4.0
119,33490ECB010    ,2023,37,39.0,0.0,4.0
120,33490ECB010    ,2023,38,46.0,0.0,3.0
121,33490ECB010    ,2023,39,77.5,0.0,4.0
122,33490ECE010    ,2023,36,98.0,0.0,6.0
123,33490ECE010    ,2023,37,74.5,0.0,6.0
124,33490ECE010    ,2023,38,92.0,0.0,5.0
125,33490ECE010    ,2023,39,122.5,0.0,6.0
126,34989ECB010    ,2023,36,3.0,0.0,0.0
127,34989ECB010    ,2023,37,2.0,0.0,0.0
128,34989ECB010    ,2023,38,2.0,0.0,0.0
129,34989ECB010    ,2023,39,1.0,0.0,0.0
130,34989ECB020    ,2023,36,7.0,0.0,0.0
131,34989ECB020    ,2023,37,6.0,0.0,0.0
132,34989ECB020    ,2023,38,6.0,0.0,0.0
133,34989ECB020    ,2023,39,6.0,0.0,0.0
134,34989ECB030    ,2023,36,4.0,0.0,0.0
135,34989ECB030    ,2023,37,4.0,0.0,0.0
136,34989ECB030    ,2023,38,3.0,0.0,0.0
137,34989ECB030    ,2023,39,3.0,0.0,0.0
138,34989ECC010    ,2023,36,3.0,0.0,0.0
139,34989ECC010    ,2023,37,3.0,0.0,0.0
140,34989ECC010    ,2023,38,2.0,0.0,0.0
141,34989ECC010    ,2023,39,2.0,0.0,0.0
142,34989ECE010    ,2023,36,2.0,0.0,0.0
143,34989ECE010    ,2023,37,2.0,0.0,0.0
144,34989ECE010    ,2023,38,2.0,0.0,0.0
145,34989ECE010    ,2023,39,2.5,0.0,0.0
146,34989ECE020    ,2023,36,2.0,0.0,0.0
147,34989ECE020    ,2023,37,2.0,0.0,0.0
148,34989ECE020    ,2023,38,2.0,0.0,0.0
149,34989ECE020    ,2023,39,2.0,0.0,0.0
150,34989ECE030    ,2023,36,2.0,0.0,0.0
151,34989ECE030    ,2023,37,2.0,0.0,0.0
152,34989ECE030    ,2023,38,2.0,0.0,0.0
153,34989ECE030    ,2023,39,2.0,0.0,0.0
154,350610LC010    ,2023,36,108.0,0.0,8.0
155,350610LC010    ,2023,37,119.0,0.0,8.0
156,350610LC010    ,2023,38,121.0,0.0,8.0
157,350610LC010    ,2023,39,153.0,0.0,8.0
158,350710LC010    ,2023,36,54.0,0.0,0.0
159,350710LC010    ,2023,37,51.0,0.0,0.0
160,350710LC010    ,2023,38,57.0,0.0,0.0
161,350710LC010    ,2023,39,63.0,0.0,0.0
162,35080ECB010    ,2023,36,5.0,6.5,6.0
163,35080ECB010    ,2023,37,6.0,6.0,5.0
164,35080ECB010    ,2023,38,4.0,5.0,6.0
165,35080ECB010    ,2023,39,6.5,8.0,7.0
166,35080ECE010    ,2023,36,3.0,5.0,4.0
167,35080ECE010    ,2023,37,4.0,4.0,4.0
168,35080ECE010    ,2023,38,3.0,4.0,4.0
169,35080ECE010    ,2023,39,4.0,4.0,0.0
170,35080ECE020    ,2023,36,4.0,4.0,2.0
171,35080ECE020    ,2023,37,4.0,4.0,4.0
172,35080ECE020    ,2023,38,2.0,2.0,2.0
173,35080ECE020    ,2023,39,4.0,4.0,4.0
174,351060LC040    ,2023,36,41.0,0.0,1.0
175,351060LC040    ,2023,37,44.0,0.0,1.0
176,351060LC040    ,2023,38,27.0,0.0,1.0
177,351060LC040    ,2023,39,16.0,0.0,1.0
178,351190LC010    ,2023,36,30.0,0.0,1.0
179,351190LC010    ,2023,37,45.0,0.0,1.0
180,351190LC010    ,2023,38,29.0,0.0,1.0
181,351190LC010    ,2023,39,20.5,0.0,1.0
182,35141ECB010    ,2023,39,12.0,0.0,1.0
183,35141ECE010    ,2023,39,23.0,0.0,1.0
184,35145ECB010    ,2023,36,7.0,0.0,0.0
185,35145ECB010    ,2023,37,7.0,0.0,0.0
186,35145ECB010    ,2023,38,7.0,0.0,0.0
187,35145ECB010    ,2023,39,7.0,0.0,0.0
188,35145ECE010    ,2023,36,7.0,0.0,0.0
189,35145ECE010    ,2023,37,7.0,0.0,0.0
190,35145ECE010    ,2023,38,6.0,0.0,0.0
191,35145ECE010    ,2023,39,7.0,0.0,0.0
192,35145ECE020    ,2023,36,6.0,0.0,0.0
193,35145ECE020    ,2023,37,5.0,0.0,0.0
194,35145ECE020    ,2023,38,5.0,0.0,0.0
195,35145ECE020    ,2023,39,7.0,0.0,0.0
196,35165ECE010    ,2023,36,7.0,0.0,0.0
197,35165ECE010    ,2023,37,4.0,0.0,0.0
198,35165ECE010    ,2023,38,5.0,0.0,0.0
199,35165ECE010    ,2023,39,4.0,0.0,0.0
200,351680LC030    ,2023,36,16.0,0.0,0.0
201,351680LC030    ,2023,37,15.0,0.0,0.0
202,351680LC030    ,2023,38,15.0,0.0,0.0
203,351680LC030    ,2023,39,15.0,0.0,0.0
204,351710LC010    ,2023,36,49.0,0.0,0.0
205,351710LC010    ,2023,37,45.0,0.0,0.0
206,351710LC010    ,2023,38,46.0,0.0,0.0
207,351710LC010    ,2023,39,49.0,0.0,0.0
208,351720LC010    ,2023,36,7.0,0.0,0.0
209,351720LC010    ,2023,37,7.0,0.0,0.0
210,351720LC010    ,2023,38,7.0,0.0,0.0
211,351720LC010    ,2023,39,6.0,0.0,0.0
212,35174ECB010    ,2023,36,16.0,0.0,1.0
213,35174ECB010    ,2023,37,14.0,0.0,1.0
214,35174ECB010    ,2023,38,13.0,0.0,1.0
215,35174ECB010    ,2023,39,17.0,0.0,1.0
216,35174ECE010    ,2023,36,15.5,0.0,0.5
217,35174ECE010    ,2023,37,15.0,0.0,0.0
218,35174ECE010    ,2023,38,15.0,0.0,0.0
219,35174ECE010    ,2023,39,17.0,0.0,0.0
220,35174ECE020    ,2023,36,9.0,0.0,0.0
221,35174ECE020    ,2023,37,8.0,0.0,0.0
222,35174ECE020    ,2023,38,8.0,0.0,0.0
223,35174ECE020    ,2023,39,11.0,0.0,0.0
224,3519510A010    ,2023,36,3.0,0.0,0.0
225,3519510A010    ,2023,37,2.0,0.0,0.0
226,3519510A010    ,2023,38,2.0,0.0,0.0
227,3519510A010    ,2023,39,2.0,0.0,0.0
228,35195ECE010    ,2023,36,7.0,0.0,0.0
229,35195ECE010    ,2023,37,8.0,0.0,0.0
230,35195ECE010    ,2023,38,6.0,0.0,0.0
231,35195ECE010    ,2023,39,8.0,0.0,0.0
232,35195TFG010    ,2023,36,6.0,0.0,0.0
233,35195TFG010    ,2023,37,5.5,0.0,0.0
234,35195TFG010    ,2023,38,5.0,0.0,0.0
235,35195TFG010    ,2023,39,5.5,0.0,0.0
236,351980LC020    ,2023,36,6.0,0.0,0.0
237,351980LC020    ,2023,37,6.0,0.0,0.0
238,351980LC020    ,2023,38,6.0,0.0,0.0
239,351980LC020    ,2023,39,6.0,0.0,0.0
240,351980LC030    ,2023,36,12.0,0.0,0.0
241,351980LC030    ,2023,37,12.0,0.0,0.0
242,351980LC030    ,2023,38,12.0,0.0,0.0
243,351980LC030    ,2023,39,11.0,0.0,0.0
244,351980LC040    ,2023,36,6.0,0.0,0.0
245,351980LC040    ,2023,37,6.0,0.0,0.0
246,351980LC040    ,2023,38,6.0,0.0,0.0
247,351980LC040    ,2023,39,6.0,0.0,0.0
248,351988LA010    ,2023,36,6.0,0.0,0.0
249,351988LA010    ,2023,37,6.0,0.0,0.0
250,351988LA010    ,2023,38,6.0,0.0,0.0
251,351988LA010    ,2023,39,6.0,0.0,0.0
252,35198ECE010    ,2023,36,6.0,0.0,0.0
253,35198ECE010    ,2023,37,6.0,0.0,0.0
254,35198ECE010    ,2023,38,6.0,0.0,0.0
255,35198ECE010    ,2023,39,6.0,0.0,0.0
256,352400LC020    ,2023,36,7.0,0.0,0.0
257,352400LC020    ,2023,37,5.5,0.0,0.0
258,352400LC020    ,2023,38,6.0,0.0,0.0
259,352400LC020    ,2023,39,6.0,0.0,0.0
260,352450LC010    ,2023,36,6.0,0.0,0.0
261,352450LC010    ,2023,37,5.0,0.0,0.0
262,352450LC010    ,2023,38,6.0,0.0,0.0
263,352450LC010    ,2023,39,6.0,0.0,0.0
264,35246TFG010    ,2023,36,1.0,0.0,0.0
265,35246TFG010    ,2023,37,1.0,0.0,0.0
266,35246TFG010    ,2023,38,1.0,0.0,0.0
267,35246TFG010    ,2023,39,1.0,0.0,0.0
268,35275TBG010    ,2023,36,5.0,0.0,0.0
269,35275TBG010    ,2023,37,4.0,0.0,0.0
270,35275TBG010    ,2023,38,4.0,0.0,0.0
271,35275TBG010    ,2023,39,5.0,0.0,0.0
272,352800LA010    ,2023,36,10.0,0.0,0.0
273,352800LA010    ,2023,37,8.0,0.0,0.0
274,352800LA010    ,2023,38,8.0,0.0,0.0
275,352800LA010    ,2023,39,8.0,0.0,0.0
276,35300ECB010    ,2023,36,121.5,0.0,3.5
277,35300ECB010    ,2023,37,134.0,0.0,3.5
278,35300ECB010    ,2023,38,126.5,0.0,3.0
279,35300ECB010    ,2023,39,128.0,0.0,3.0
280,35312ECB010    ,2023,36,6.0,0.0,0.0
281,35312ECB010    ,2023,37,5.0,0.0,0.0
282,35312ECB010    ,2023,38,5.0,0.0,0.0
283,35312ECB010    ,2023,39,5.0,0.0,0.0
284,35352ECB010    ,2023,36,2.0,0.0,0.0
285,35352ECB010    ,2023,37,1.0,0.0,0.0
286,35352ECB010    ,2023,38,2.0,0.0,0.0
287,35352ECB010    ,2023,39,2.0,0.0,0.0
288,3539450A010    ,2023,36,2.0,0.0,0.0
289,3539450A010    ,2023,37,2.0,0.0,0.0
290,3539450A010    ,2023,38,3.0,0.0,0.0
291,3539450A010    ,2023,39,3.0,0.0,0.0
292,35409ECB010    ,2023,36,5.0,0.0,0.0
293,35409ECB010    ,2023,37,3.0,0.0,0.0
294,35409ECB010    ,2023,38,3.0,0.0,0.0
295,35409ECB010    ,2023,39,2.5,0.0,0.0
296,354110LC030    ,2023,36,44.0,0.0,0.0
297,354110LC030    ,2023,37,41.0,0.0,0.0
298,354110LC030    ,2023,38,42.5,0.0,0.0
299,354110LC030    ,2023,39,46.0,0.0,0.0
300,35419TRA010    ,2023,36,4.0,0.0,0.0
301,35419TRA010    ,2023,37,4.0,0.0,0.0
302,35419TRA010    ,2023,38,4.0,0.0,0.0
303,35419TRA010    ,2023,39,5.0,0.0,0.0
304,354210LC040    ,2023,36,6.0,0.0,0.0
305,354210LC040    ,2023,37,5.0,0.0,0.0
306,354210LC040    ,2023,38,5.0,0.0,0.0
307,354210LC040    ,2023,39,6.0,0.0,0.0
308,354260LC010    ,2023,36,43.0,0.0,1.0
309,354260LC010    ,2023,37,41.5,0.0,1.0
310,354260LC010    ,2023,38,40.5,0.0,1.0
311,354260LC010    ,2023,39,43.0,0.0,1.0
312,354320LC040    ,2023,36,9.0,0.0,0.0
313,354320LC040    ,2023,37,9.0,0.0,0.0
314,354320LC040    ,2023,38,8.0,0.0,0.0
315,354320LC040    ,2023,39,9.0,0.0,0.0
316,35441ECB010    ,2023,36,27.0,0.0,1.0
317,35441ECB010    ,2023,37,21.5,0.0,1.0
318,35441ECB010    ,2023,38,25.0,0.0,1.0
319,35441ECB010    ,2023,39,22.0,0.0,1.0
320,35441TFA010    ,2023,36,6.0,0.0,0.0
321,35441TFA010    ,2023,37,4.0,0.0,0.0
322,35441TFA010    ,2023,38,3.0,0.0,0.0
323,35441TFA010    ,2023,39,4.0,0.0,0.0
324,354710LC010    ,2023,36,12.0,0.0,0.0
325,354710LC010    ,2023,37,11.0,0.0,0.0
326,354710LC010    ,2023,38,11.0,0.0,0.0
327,354710LC010    ,2023,39,11.0,0.0,0.0
328,354820LC010    ,2023,36,5.0,0.0,0.0
329,354820LC010    ,2023,37,5.0,0.0,0.0
330,354820LC010    ,2023,38,5.0,0.0,0.0
331,354820LC010    ,2023,39,5.0,0.0,0.0
332,3548255A010    ,2023,36,6.0,0.0,0.0
333,3548255A010    ,2023,37,4.0,0.0,0.0
334,3548255A010    ,2023,38,4.0,0.0,0.0
335,3548255A010    ,2023,39,3.0,0.0,0.0
336,35482TFA010    ,2023,36,2.0,0.0,0.0
337,35482TFA010    ,2023,37,1.0,0.0,0.0
338,35482TFA010    ,2023,38,1.0,0.0,0.0
339,35482TFA010    ,2023,39,1.0,0.0,0.0
340,35501ECB010    ,2023,36,5.0,0.0,0.0
341,35501ECB010    ,2023,37,4.0,0.0,0.0
342,35501ECB010    ,2023,38,4.0,0.0,0.0
343,35501ECB010    ,2023,39,4.5,0.0,0.0
344,35505ECB010    ,2023,36,14.5,0.0,1.0
345,35505ECB010    ,2023,37,12.0,0.0,1.0
346,35505ECB010    ,2023,38,11.0,0.0,1.0
347,35505ECB010    ,2023,39,12.0,0.0,1.0
348,35556ECB010    ,2023,36,4.0,0.0,0.0
349,35556ECB010    ,2023,37,4.0,0.0,0.0
350,35556ECB010    ,2023,38,3.0,0.0,0.0
351,35556ECB010    ,2023,39,5.0,0.0,0.0
352,35557ECB010    ,2023,36,9.0,0.0,0.0
353,35557ECB010    ,2023,37,7.0,0.0,0.0
354,35557ECB010    ,2023,38,8.0,0.0,0.0
355,35557ECB010    ,2023,39,11.0,0.0,0.0
356,35580ECB011    ,2023,36,54.0,0.0,3.0
357,35580ECB011    ,2023,37,33.0,0.0,3.0
358,35580ECB011    ,2023,38,78.0,0.0,2.5
359,35580ECB011    ,2023,39,85.0,0.0,3.0
360,35595ECB010    ,2023,36,10.0,0.0,0.0
361,35595ECB010    ,2023,37,7.0,0.0,0.0
362,35595ECB010    ,2023,38,8.0,0.0,0.0
363,35595ECB010    ,2023,39,7.0,0.0,0.0
364,3559850A010    ,2023,36,1.0,0.0,0.0
365,3559850A010    ,2023,37,1.5,0.0,0.0
366,3559850A010    ,2023,38,1.0,0.0,0.0
367,3559850A010    ,2023,39,3.0,0.0,0.0
368,356030LC020    ,2023,36,5.0,0.0,0.0
369,356030LC020    ,2023,37,5.0,0.0,0.0
370,356030LC020    ,2023,38,5.0,0.0,0.0
371,356030LC020    ,2023,39,7.0,0.0,0.0
372,356170LC060    ,2023,36,5.0,0.0,0.0
373,356170LC060    ,2023,37,5.0,0.0,0.0
374,356170LC060    ,2023,38,5.0,0.0,0.0
375,356170LC060    ,2023,39,5.0,0.0,0.0
376,356340LC020    ,2023,36,8.0,0.0,0.0
377,356340LC020    ,2023,37,5.0,0.0,0.0
378,356340LC020    ,2023,38,7.0,0.0,0.0
379,356340LC020    ,2023,39,8.0,0.0,0.0
380,356340LC030    ,2023,36,2.0,0.0,0.0
381,356340LC030    ,2023,37,2.0,0.0,0.0
382,356340LC030    ,2023,38,2.0,0.0,0.0
383,356340LC030    ,2023,39,3.0,0.0,0.0
384,356680LC020    ,2023,36,15.0,0.0,0.0
385,356680LC020    ,2023,37,15.0,0.0,0.0
386,356680LC020    ,2023,38,15.5,0.0,0.0
387,356680LC020    ,2023,39,15.0,0.0,0.0
388,356790LC010    ,2023,39,1.0,0.0,0.0
389,356790LC020    ,2023,39,2.0,0.0,0.0
390,356790LC030    ,2023,39,1.0,0.0,0.0
391,356790LC040    ,2023,36,14.0,0.0,0.0
392,356790LC040    ,2023,37,15.0,0.0,0.0
393,356790LC040    ,2023,38,29.0,0.0,0.0
394,356790LC040    ,2023,39,28.0,0.0,0.0
395,356790LC050    ,2023,36,12.5,0.0,0.0
396,356790LC050    ,2023,37,11.5,0.0,0.0
397,356790LC050    ,2023,38,4.0,0.0,0.0
398,356790LC050    ,2023,39,8.0,0.0,0.0
399,356790LC060    ,2023,36,5.0,0.0,0.0
400,356790LC060    ,2023,37,6.0,0.0,0.0
401,356790LC060    ,2023,38,8.0,0.0,0.0
402,356790LC060    ,2023,39,12.0,0.0,0.0
403,35704ECA020****,2023,36,2.0,0.0,0.0
404,35704ECA020****,2023,37,2.0,0.0,0.0
405,35704ECA020****,2023,38,2.0,0.0,0.0
406,35704ECA020****,2023,39,1.0,0.0,0.0
407,35705ECA020****,2023,36,1.0,0.0,0.0
408,35705ECA020****,2023,37,2.0,0.0,0.0
409,3572433040     ,2023,39,1.0,0.0,0.0
410,357710LC030    ,2023,36,68.0,0.0,4.0
411,357710LC030    ,2023,37,67.0,0.0,4.0
412,357710LC030    ,2023,38,67.0,0.0,4.0
413,357710LC030    ,2023,39,83.0,0.0,4.0
414,35771ECB010    ,2023,36,27.0,0.0,4.0
415,35771ECB010    ,2023,37,19.0,0.0,4.0
416,35771ECB010    ,2023,38,26.5,0.0,3.0
417,35771ECB010    ,2023,39,48.0,0.0,4.0
418,35771ECE010    ,2023,36,47.0,0.0,4.0
419,35771ECE010    ,2023,37,47.0,0.0,3.0
420,35771ECE010    ,2023,38,52.0,0.0,3.5
421,35771ECE010    ,2023,39,57.0,0.0,4.0
422,35782ECB010    ,2023,36,5.0,8.0,6.0
423,35782ECB010    ,2023,37,4.0,6.0,6.0
424,35782ECB010    ,2023,38,6.0,6.0,4.0
425,35782ECB010    ,2023,39,7.0,8.0,6.0
426,35782ECE020    ,2023,36,4.0,4.0,3.0
427,35782ECE020    ,2023,37,4.0,4.0,4.0
428,35782ECE020    ,2023,38,3.0,1.0,0.0
429,35782ECE020    ,2023,39,5.0,0.5,0.0
430,35782ECE030    ,2023,36,2.0,3.0,2.0
431,35782ECE030    ,2023,37,3.0,5.0,4.0
432,35782ECE030    ,2023,38,2.0,6.0,4.0
433,35782ECE030    ,2023,39,5.0,2.5,0.0
434,357890LC160    ,2023,36,2.0,0.0,0.0
435,357890LC160    ,2023,37,3.0,0.0,0.0
436,357890LC160    ,2023,38,3.0,0.0,0.0
437,357890LC160    ,2023,39,3.0,0.0,0.0
438,357890LC170    ,2023,36,4.0,0.0,0.0
439,357890LC170    ,2023,37,4.0,0.0,0.0
440,357890LC170    ,2023,38,4.0,0.0,0.0
441,357890LC170    ,2023,39,4.0,0.0,0.0
442,357890LC180    ,2023,36,3.0,0.0,0.0
443,357890LC180    ,2023,37,3.0,0.0,0.0
444,357890LC180    ,2023,38,3.0,0.0,0.0
445,357890LC180    ,2023,39,4.0,0.0,0.0
446,35847ECB010    ,2023,36,7.0,0.0,0.0
447,35847ECB010    ,2023,37,5.0,0.0,0.0
448,35847ECB010    ,2023,38,4.0,0.0,0.0
449,35847ECB010    ,2023,39,5.0,0.0,0.0
450,35847ECB020    ,2023,36,8.0,0.0,0.0
451,35847ECB020    ,2023,37,5.0,0.0,0.0
452,35847ECB020    ,2023,38,7.0,0.0,0.0
453,35847ECB020    ,2023,39,8.0,0.0,0.0
454,35847ECE010    ,2023,36,18.0,0.0,0.5
455,35847ECE010    ,2023,37,16.0,0.0,0.0
456,35847ECE010    ,2023,38,19.0,0.0,0.0
457,35847ECE010    ,2023,39,18.0,0.0,0.0
458,35847ECE020    ,2023,36,14.0,0.0,0.0
459,35847ECE020    ,2023,37,12.0,0.0,0.0
460,35847ECE020    ,2023,38,14.0,0.0,0.0
461,35847ECE020    ,2023,39,12.0,0.0,0.0
462,35882ECB010    ,2023,36,10.0,0.0,0.0
463,35882ECB010    ,2023,37,7.0,0.0,0.0
464,35882ECB010    ,2023,38,7.0,0.0,0.0
465,35882ECB010    ,2023,39,8.0,0.0,0.0
466,358830LC030    ,2023,36,8.0,0.0,0.0
467,358830LC030    ,2023,37,7.0,0.0,0.0
468,358830LC030    ,2023,38,8.0,0.0,0.0
469,358830LC030    ,2023,39,8.0,0.0,0.0
470,358830LC040    ,2023,36,6.0,0.0,0.0
471,358830LC040    ,2023,37,6.0,0.0,0.0
472,358830LC040    ,2023,38,6.0,0.0,0.0
473,358830LC040    ,2023,39,6.0,0.0,0.0
474,36108ECB010    ,2023,36,5.0,0.0,0.0
475,36108ECB010    ,2023,37,3.0,0.0,0.0
476,36108ECB010    ,2023,38,3.0,0.0,0.0
477,36108ECB010    ,2023,39,3.0,0.0,0.0
478,391710LC010    ,2023,36,19.0,0.0,4.0
479,391710LC010    ,2023,37,19.0,0.0,3.0
480,391710LC010    ,2023,38,22.0,0.0,4.0
481,391710LC010    ,2023,39,22.0,0.0,4.0
482,39171ECB010    ,2023,39,11.0,0.0,1.0
483,39171ECE010    ,2023,39,21.0,0.0,1.0
484,41221ECA020****,2023,36,1.0,0.0,0.0
485,41221ECA020****,2023,37,2.0,0.0,0.0
486,41221ECB010    ,2023,36,5.0,8.0,6.0
487,41221ECB010    ,2023,37,4.0,8.0,6.0
488,41221ECB010    ,2023,38,6.0,5.0,4.0
489,41221ECB010    ,2023,39,8.0,6.5,5.0
490,41221ECE010    ,2023,36,7.0,10.0,8.0
491,41221ECE010    ,2023,37,10.5,9.5,8.0
492,41221ECE010    ,2023,38,10.0,8.0,7.0
493,41221ECE010    ,2023,39,8.0,8.0,8.0
494,41310ECA020    ,2023,36,3.0,0.0,0.0
495,41310ECA020    ,2023,37,3.0,0.0,0.0
496,41310ECB010    ,2023,36,55.0,0.0,9.0
497,41310ECB010    ,2023,37,47.0,0.0,9.0
498,41310ECB010    ,2023,38,57.5,0.0,9.0
499,41310ECB010    ,2023,39,82.5,0.0,9.0
500,41310ECE010    ,2023,36,136.0,0.0,12.0
501,41310ECE010    ,2023,37,152.5,0.0,12.0
502,41310ECE010    ,2023,38,145.0,0.0,12.0
503,41310ECE010    ,2023,39,132.0,0.0,12.0
504,5040043004E    ,2023,36,2.0,0.0,0.0
505,5040043004E    ,2023,37,2.0,0.0,0.0
506,5040043004E    ,2023,38,2.0,0.0,0.0
507,5040043004E    ,2023,39,2.0,0.0,0.0
508,5040056001E    ,2023,36,5.0,0.0,0.0
509,5040056001E    ,2023,37,5.0,0.0,0.0
510,5040056001E    ,2023,38,5.0,0.0,0.0
511,5040056001E    ,2023,39,6.0,0.0,0.0
512,821250LC030    ,2023,36,18.0,0.0,0.0
513,821250LC030    ,2023,37,17.0,0.0,0.0
514,821250LC030    ,2023,38,18.0,0.0,0.0
515,821250LC030    ,2023,39,20.0,0.0,0.0
516,82125ECB010    ,2023,36,5.0,0.0,0.0
517,82125ECB010    ,2023,37,3.0,0.0,0.0
518,82125ECB010    ,2023,38,3.0,0.0,0.0
519,82125ECB010    ,2023,39,3.0,0.0,0.0
520,82125ECB020    ,2023,36,17.0,0.0,1.0
521,82125ECB020    ,2023,37,19.5,0.0,1.0
522,82125ECB020    ,2023,38,21.0,0.0,1.0
523,82125ECB020    ,2023,39,23.0,0.0,1.0
524,82125ECC020    ,2023,36,15.0,0.0,1.0
525,82125ECC020    ,2023,37,16.0,0.0,1.0
526,82125ECC020    ,2023,38,14.0,0.0,1.0
527,82125ECC020    ,2023,39,16.0,0.0,1.0
528,82125ECE010    ,2023,36,8.0,0.0,0.0
529,82125ECE010    ,2023,37,7.0,0.0,0.0
530,82125ECE010    ,2023,38,6.0,0.0,0.0
531,82125ECE010    ,2023,39,5.0,0.0,0.0
532,82125ECE020    ,2023,36,9.0,0.0,2.0
533,82125ECE020    ,2023,37,11.0,0.0,2.0
534,82125ECE020    ,2023,38,13.0,0.0,2.0
535,82125ECE020    ,2023,39,11.0,0.0,2.0
536,82125ECE030    ,2023,36,48.5,0.0,1.0
537,82125ECE030    ,2023,37,37.0,0.0,2.0
538,82125ECE030    ,2023,38,43.0,0.0,1.0
539,82125ECE030    ,2023,39,40.0,0.0,2.0
540,82125ECE040    ,2023,36,2.0,0.0,0.0
541,82125ECE040    ,2023,37,4.0,0.0,0.0
542,82125ECE040    ,2023,38,4.0,0.0,0.0
543,82125ECE040    ,2023,39,4.0,0.0,0.0
544,828210LC020    ,2023,36,9.0,0.0,0.0
545,828210LC020    ,2023,37,9.0,0.0,0.0
546,828210LC020    ,2023,38,8.0,0.0,0.0
547,828210LC020    ,2023,39,8.0,0.0,0.0
548,82821CWA030    ,2023,36,10.0,0.0,0.0
549,82821CWA030    ,2023,37,9.0,0.0,0.0
550,82821CWA030    ,2023,38,10.0,0.0,0.0
551,82821CWA030    ,2023,39,11.0,0.0,0.0
552,82821ECB010    ,2023,36,5.0,0.0,0.0
553,82821ECB010    ,2023,37,5.0,0.0,0.0
554,82821ECB010    ,2023,38,5.0,0.0,0.0
555,82821ECB010    ,2023,39,6.0,0.0,0.0
556,82821ECB020    ,2023,36,11.0,0.0,0.0
557,82821ECB020    ,2023,37,10.0,0.0,0.0
558,82821ECB020    ,2023,38,10.0,0.0,0.0
559,82821ECB020    ,2023,39,12.0,0.0,0.0
560,82821ECB040    ,2023,36,4.0,0.0,0.0
561,82821ECB040    ,2023,37,4.0,0.0,0.0
562,82821ECB040    ,2023,38,4.0,0.0,0.0
563,82821ECB040    ,2023,39,5.0,0.0,0.0
564,82821ECB050    ,2023,36,19.0,0.0,0.0
565,82821ECB050    ,2023,37,17.0,0.0,0.0
566,82821ECB050    ,2023,38,18.0,0.0,0.0
567,82821ECB050    ,2023,39,19.0,0.0,0.0
568,82821ECE010    ,2023,36,34.0,0.0,0.0
569,82821ECE010    ,2023,37,33.0,0.0,0.0
570,82821ECE010    ,2023,38,32.0,0.0,0.0
571,82821ECE010    ,2023,39,33.0,0.0,0.0
572,82821XAE010    ,2023,36,21.0,0.0,0.0
573,82821XAE010    ,2023,37,20.0,0.0,0.0
574,82821XAE010    ,2023,38,20.0,0.0,0.0
575,82821XAE010    ,2023,39,23.0,0.0,0.0
576,82821XAE020    ,2023,36,2.0,0.0,0.0
577,82821XAE020    ,2023,37,1.0,0.0,0.0
578,82821XAE020    ,2023,38,1.0,0.0,0.0
579,82821XAE020    ,2023,39,2.0,0.0,0.0
580,82824ECB010    ,2023,36,11.0,0.0,0.0
581,82824ECB010    ,2023,37,7.0,0.0,0.0
582,82824ECB010    ,2023,38,8.0,0.0,0.0
583,82824ECB010    ,2023,39,8.0,0.0,0.0
584,82824ECB020    ,2023,36,24.0,0.0,1.0
585,82824ECB020    ,2023,37,20.0,0.0,1.0
586,82824ECB020    ,2023,38,22.0,0.0,1.0
587,82824ECB020    ,2023,39,17.0,0.0,1.0
588,82824ECE010    ,2023,36,17.5,0.0,0.0
589,82824ECE010    ,2023,37,15.0,0.0,0.0
590,82824ECE010    ,2023,38,14.0,0.0,0.0
591,82824ECE010    ,2023,39,14.0,0.0,0.0
592,9010506A003    ,2023,36,2.0,0.0,0.0
593,9010506A003    ,2023,37,2.0,0.0,0.0
594,9010506A003    ,2023,38,1.0,0.0,0.0
595,9010506A003    ,2023,39,1.0,0.0,0.0
596,9010506A089    ,2023,36,3.0,0.0,0.0
597,9010506A089    ,2023,37,3.0,0.0,0.0
598,9010506A089    ,2023,38,3.0,0.0,0.0
599,9010506A089    ,2023,39,3.0,0.0,0.0
600,9010508A014    ,2023,36,23.0,0.0,1.0
601,9010508A014    ,2023,37,19.0,0.0,1.0
602,9010508A014    ,2023,38,21.0,0.0,1.0
603,9010508A014    ,2023,39,21.0,0.0,1.0
604,9010508A042    ,2023,36,2.0,0.0,0.0
605,9010508A042    ,2023,37,2.0,0.0,0.0
606,9010508A042    ,2023,38,3.0,0.0,0.0
607,9010508A042    ,2023,39,3.0,0.0,0.0
608,9010512A017    ,2023,36,9.0,0.0,0.0
609,9010512A017    ,2023,37,7.0,0.0,0.0
610,9010512A017    ,2023,38,6.0,0.0,0.0
611,9010512A017    ,2023,39,7.0,0.0,0.0
612,9010512A018    ,2023,36,34.0,0.0,3.0
613,9010512A018    ,2023,37,21.0,0.0,3.0
614,9010512A018    ,2023,38,24.5,0.0,3.0
615,9010512A018    ,2023,39,30.0,0.0,3.0
616,9011006031     ,2023,36,3.0,0.0,0.0
617,9011006031     ,2023,37,3.0,0.0,0.0
618,9011006031     ,2023,38,3.0,0.0,0.0
619,9011006031     ,2023,39,3.0,0.0,0.0
620,9011606048     ,2023,36,4.0,0.0,0.0
621,9011606048     ,2023,37,3.0,0.0,0.0
622,9011606048     ,2023,38,2.0,0.0,0.0
623,9011606048     ,2023,39,3.0,0.0,0.0
624,9011906908     ,2023,36,3.0,0.0,0.0
625,9011906908     ,2023,37,3.0,0.0,0.0
626,9011906908     ,2023,38,3.0,0.0,0.0
627,9011906908     ,2023,39,3.0,0.0,0.0
628,9011906A059    ,2023,36,2.0,0.0,0.0
629,9011906A059    ,2023,37,2.0,0.0,0.0
630,9011906A059    ,2023,38,2.0,0.0,0.0
631,9011906A059    ,2023,39,2.0,0.0,0.0
632,9011906A062    ,2023,36,4.0,0.0,0.0
633,9011906A062    ,2023,37,3.0,0.0,0.0
634,9011906A062    ,2023,38,4.0,0.0,0.0
635,9011906A062    ,2023,39,3.0,0.0,0.0
636,9011906A063    ,2023,36,3.0,0.0,0.0
637,9011906A063    ,2023,37,3.0,0.0,0.0
638,9011906A063    ,2023,38,3.0,0.0,0.0
639,9011906A063    ,2023,39,3.0,0.0,0.0
640,9011906A065    ,2023,36,3.0,0.0,0.0
641,9011906A065    ,2023,37,2.0,0.0,0.0
642,9011906A065    ,2023,38,2.0,0.0,0.0
643,9011906A065    ,2023,39,3.0,0.0,0.0
644,9011908A038    ,2023,36,9.0,0.0,0.0
645,9011908A038    ,2023,37,9.0,0.0,0.0
646,9011908A038    ,2023,38,9.0,0.0,0.0
647,9011908A038    ,2023,39,11.0,0.0,0.0
648,9014860027     ,2023,36,3.0,0.0,0.0
649,9014860027     ,2023,37,2.0,0.0,0.0
650,9014860027     ,2023,38,3.0,0.0,0.0
651,9014860027     ,2023,39,3.0,0.0,0.0
652,9014906A004    ,2023,36,4.0,0.0,0.0
653,9014906A004    ,2023,37,4.0,0.0,0.0
654,9014906A004    ,2023,38,4.0,0.0,0.0
655,9014906A004    ,2023,39,4.0,0.0,0.0
656,9014908A008    ,2023,36,5.0,0.0,0.0
657,9014908A008    ,2023,37,4.0,0.0,0.0
658,9014908A008    ,2023,38,1.0,0.0,0.0
659,9014908A008    ,2023,39,8.0,0.0,0.0
660,9015905A007    ,2023,36,4.0,0.0,0.0
661,9015905A007    ,2023,37,5.0,0.0,0.0
662,9015905A007    ,2023,38,4.0,0.0,0.0
663,9015905A007    ,2023,39,5.0,0.0,0.0
664,9015906A021    ,2023,36,4.0,0.0,0.0
665,9015906A021    ,2023,37,5.0,0.0,0.0
666,9015906A021    ,2023,38,5.0,0.0,0.0
667,9015906A021    ,2023,39,6.0,0.0,0.0
668,9015906A022    ,2023,36,6.0,0.0,0.0
669,9015906A022    ,2023,37,6.0,0.0,0.0
670,9015906A022    ,2023,38,7.0,0.0,0.0
671,9015906A022    ,2023,39,8.0,0.0,0.0
672,9015906A023    ,2023,36,5.0,0.0,0.0
673,9015906A023    ,2023,37,4.0,0.0,0.0
674,9015906A023    ,2023,38,6.0,0.0,0.0
675,9015906A023    ,2023,39,6.0,0.0,0.0
676,9020150A002    ,2023,36,5.0,0.0,0.0
677,9020150A002    ,2023,37,5.5,0.0,0.0
678,9020150A002    ,2023,38,5.0,0.0,0.0
679,9020150A002    ,2023,39,5.0,0.0,0.0
680,9020156A001    ,2023,36,5.0,0.0,0.0
681,9020156A001    ,2023,37,5.5,0.0,0.0
682,9020156A001    ,2023,38,4.0,0.0,0.0
683,9020156A001    ,2023,39,4.0,0.0,0.0
684,9020156A002    ,2023,36,4.0,0.0,0.0
685,9020156A002    ,2023,37,5.0,0.0,0.0
686,9020156A002    ,2023,38,5.0,0.0,0.0
687,9020156A002    ,2023,39,4.0,0.0,0.0
688,9025006027     ,2023,36,2.0,0.0,0.0
689,9025006027     ,2023,37,2.0,0.0,0.0
690,9025006027     ,2023,38,2.0,0.0,0.0
691,9025006027     ,2023,39,3.0,0.0,0.0
692,9025006A007    ,2023,36,2.0,0.0,0.0
693,9025006A007    ,2023,37,3.0,0.0,0.0
694,9025006A007    ,2023,38,2.0,0.0,0.0
695,9025006A007    ,2023,39,3.0,0.0,0.0
696,9025010017     ,2023,36,6.0,0.0,0.0
697,9025010017     ,2023,37,6.0,0.0,0.0
698,9025010017     ,2023,38,6.0,0.0,0.0
699,9025010017     ,2023,39,6.0,0.0,0.0
700,9030106A018    ,2023,36,3.0,0.0,0.0
701,9030106A018    ,2023,37,2.0,0.0,0.0
702,9030106A018    ,2023,38,3.0,0.0,0.0
703,9030106A018    ,2023,39,3.0,0.0,0.0
704,9030111A013    ,2023,36,5.0,0.0,0.0
705,9030111A013    ,2023,37,5.0,0.0,0.0
706,9030111A013    ,2023,38,5.0,0.0,0.0
707,9030111A013    ,2023,39,6.0,0.0,0.0
708,9030111A014    ,2023,36,6.0,0.0,0.0
709,9030111A014    ,2023,37,6.0,0.0,0.0
710,9030111A014    ,2023,38,6.0,0.0,0.0
711,9030111A014    ,2023,39,6.0,0.0,0.0
712,9030115027     ,2023,36,3.0,0.0,0.0
713,9030115027     ,2023,37,3.0,0.0,0.0
714,9030115027     ,2023,38,3.0,0.0,0.0
715,9030115027     ,2023,39,3.0,0.0,0.0
716,9030115A011    ,2023,36,3.0,0.0,0.0
717,9030115A011    ,2023,37,3.0,0.0,0.0
718,9030115A011    ,2023,38,3.0,0.0,0.0
719,9030115A011    ,2023,39,3.0,0.0,0.0
720,9030117A010    ,2023,36,4.0,0.0,0.0
721,9030117A010    ,2023,37,4.0,0.0,0.0
722,9030117A010    ,2023,38,4.0,0.0,0.0
723,9030117A010    ,2023,39,5.0,0.0,0.0
724,9030119A010    ,2023,36,2.0,0.0,0.0
725,9030119A010    ,2023,37,2.0,0.0,0.0
726,9030119A010    ,2023,38,1.0,0.0,0.0
727,9030119A010    ,2023,39,1.0,0.0,0.0
728,9030119A011    ,2023,36,4.0,0.0,0.0
729,9030119A011    ,2023,37,4.0,0.0,0.0
730,9030119A011    ,2023,38,3.0,0.0,0.0
731,9030119A011    ,2023,39,3.0,0.0,0.0
732,9030132A005    ,2023,36,3.0,0.0,0.0
733,9030132A005    ,2023,37,3.0,0.0,0.0
734,9030132A005    ,2023,38,3.0,0.0,0.0
735,9030132A005    ,2023,39,3.0,0.0,0.0
736,9030146A009    ,2023,36,3.0,0.0,0.0
737,9030146A009    ,2023,37,3.0,0.0,0.0
738,9030146A009    ,2023,38,4.0,0.0,0.0
739,9030146A009    ,2023,39,3.5,0.0,0.0
740,9030199A223    ,2023,36,4.0,0.0,0.0
741,9030199A223    ,2023,37,4.0,0.0,0.0
742,9030199A223    ,2023,38,4.0,0.0,0.0
743,9030199A223    ,2023,39,4.0,0.0,0.0
744,9030199A224    ,2023,36,3.0,0.0,0.0
745,9030199A224    ,2023,37,3.0,0.0,0.0
746,9030199A224    ,2023,38,3.0,0.0,0.0
747,9030199A224    ,2023,39,3.0,0.0,0.0
748,9031132A003    ,2023,36,2.0,0.0,0.0
749,9031132A003    ,2023,37,3.0,0.0,0.0
750,9031132A003    ,2023,38,2.0,0.0,0.0
751,9031132A003    ,2023,39,2.0,0.0,0.0
752,9031150A014    ,2023,36,6.0,0.0,0.0
753,9031150A014    ,2023,37,7.0,0.0,0.0
754,9031150A014    ,2023,38,6.0,0.0,0.0
755,9031150A014    ,2023,39,7.0,0.0,0.0
756,9031150A015    ,2023,36,5.0,0.0,0.0
757,9031150A015    ,2023,37,5.0,0.0,0.0
758,9031150A015    ,2023,38,6.0,0.0,0.0
759,9031150A015    ,2023,39,6.0,0.0,0.0
760,9031164A006    ,2023,36,7.0,0.0,0.0
761,9031164A006    ,2023,37,8.0,0.0,0.0
762,9031164A006    ,2023,38,4.0,0.0,0.0
763,9031164A006    ,2023,39,4.0,0.0,0.0
764,9033106A003    ,2023,36,1.0,0.0,0.0
765,9033106A003    ,2023,37,1.0,0.0,0.0
766,9033106A003    ,2023,38,1.0,0.0,0.0
767,9033106A003    ,2023,39,1.0,0.0,0.0
768,9033114006     ,2023,36,1.0,0.0,0.0
769,9033114006     ,2023,39,2.0,0.0,0.0
770,9033904A002    ,2023,36,3.0,0.0,0.0
771,9033904A002    ,2023,37,2.0,0.0,0.0
772,9033904A002    ,2023,38,2.0,0.0,0.0
773,9033904A002    ,2023,39,2.0,0.0,0.0
774,9033904A003    ,2023,36,3.0,0.0,0.0
775,9033904A003    ,2023,37,2.0,0.0,0.0
776,9033904A003    ,2023,38,3.0,0.0,0.0
777,9033904A003    ,2023,39,4.0,0.0,0.0
778,9034108A006    ,2023,36,3.0,0.0,0.0
779,9034108A006    ,2023,37,2.0,0.0,0.0
780,9034108A006    ,2023,38,5.0,0.0,0.0
781,9034108A006    ,2023,39,4.0,0.0,0.0
782,9034108A010    ,2023,36,1.0,0.0,0.0
783,9034108A010    ,2023,37,1.0,0.0,0.0
784,9034108A010    ,2023,38,1.0,0.0,0.0
785,9034108A010    ,2023,39,1.0,0.0,0.0
786,9034114A004    ,2023,36,1.0,0.0,0.0
787,9034114A004    ,2023,37,1.0,0.0,0.0
788,9034114A004    ,2023,38,1.0,0.0,0.0
789,9034114A004    ,2023,39,1.0,0.0,0.0
790,9034118060     ,2023,36,7.0,0.0,0.0
791,9034118060     ,2023,37,6.0,0.0,0.0
792,9034118060     ,2023,38,7.0,0.0,0.0
793,9034118060     ,2023,39,5.0,0.0,0.0
794,9034118090     ,2023,36,6.0,0.0,0.0
795,9034118090     ,2023,37,6.0,0.0,0.0
796,9034118090     ,2023,38,6.0,0.0,0.0
797,9034118090     ,2023,39,6.0,0.0,0.0
798,9034118A024    ,2023,36,4.0,0.0,0.0
799,9034118A024    ,2023,37,5.0,0.0,0.0
800,9034118A024    ,2023,38,5.0,0.0,0.0
801,9034118A024    ,2023,39,6.0,0.0,0.0
802,9036006004     ,2023,36,1.0,0.0,0.0
803,9036006004     ,2023,37,2.0,0.0,0.0
804,9036006004     ,2023,38,2.0,0.0,0.0
805,9036006004     ,2023,39,2.0,0.0,0.0
806,9036103A023    ,2023,39,1.0,0.0,0.0
807,9036324A003    ,2023,36,7.0,0.0,1.0
808,9036324A003    ,2023,37,7.0,0.0,1.0
809,9036324A003    ,2023,38,7.0,0.0,1.0
810,9036324A003    ,2023,39,9.0,0.0,1.0
811,9036324A004    ,2023,36,19.0,0.0,1.0
812,9036324A004    ,2023,37,17.0,0.0,1.0
813,9036324A004    ,2023,38,17.5,0.0,1.0
814,9036324A004    ,2023,39,21.0,0.0,1.0
815,9036324A005    ,2023,36,18.0,0.0,1.0
816,9036324A005    ,2023,37,16.0,0.0,1.0
817,9036324A005    ,2023,38,16.5,0.0,1.0
818,9036324A005    ,2023,39,20.0,0.0,1.0
819,9036340A010    ,2023,36,15.0,0.0,1.0
820,9036340A010    ,2023,37,15.0,0.0,1.0
821,9036340A010    ,2023,38,15.0,0.0,1.0
822,9036340A010    ,2023,39,18.0,0.0,1.0
823,9036345A004    ,2023,36,16.0,0.0,0.0
824,9036345A004    ,2023,37,12.0,0.0,0.0
825,9036345A004    ,2023,38,12.0,0.0,0.0
826,9036345A004    ,2023,39,12.0,0.0,0.0
827,9036366A001    ,2023,36,22.0,0.0,0.0
828,9036366A001    ,2023,37,20.5,0.0,0.0
829,9036366A001    ,2023,38,19.0,0.0,0.0
830,9036366A001    ,2023,39,19.0,0.0,0.0
831,9036414A016    ,2023,36,2.0,0.0,0.0
832,9036414A016    ,2023,37,2.0,0.0,0.0
833,9036414A016    ,2023,38,3.0,0.0,0.0
834,9036414A016    ,2023,39,3.0,0.0,0.0
835,9036435A004    ,2023,36,7.0,0.0,0.0
836,9036435A004    ,2023,37,7.0,0.0,0.0
837,9036435A004    ,2023,38,6.0,0.0,0.0
838,9036435A004    ,2023,39,7.0,0.0,0.0
839,9036443A006    ,2023,36,9.0,0.0,0.0
840,9036443A006    ,2023,37,8.0,0.0,0.0
841,9036443A006    ,2023,38,9.0,0.0,0.0
842,9036443A006    ,2023,39,9.0,0.0,0.0
843,9036628A005    ,2023,36,8.0,0.0,0.0
844,9036628A005    ,2023,37,6.0,0.0,0.0
845,9036628A005    ,2023,38,5.0,0.0,0.0
846,9036628A005    ,2023,39,4.0,0.0,0.0
847,9036628A006    ,2023,36,7.0,0.0,0.0
848,9036628A006    ,2023,37,4.0,0.0,0.0
849,9036628A006    ,2023,38,4.0,0.0,0.0
850,9036628A006    ,2023,39,4.0,0.0,0.0
851,9036628A007    ,2023,36,11.0,0.0,0.0
852,9036628A007    ,2023,37,8.0,0.0,0.0
853,9036628A007    ,2023,38,9.0,0.0,0.0
854,9036628A007    ,2023,39,7.0,0.0,0.0
855,9036628A008    ,2023,36,8.0,0.0,0.0
856,9036628A008    ,2023,37,6.0,0.0,0.0
857,9036628A008    ,2023,38,7.0,0.0,0.0
858,9036628A008    ,2023,39,5.0,0.0,0.0
859,9036630A017    ,2023,36,15.0,0.0,0.0
860,9036630A017    ,2023,37,11.0,0.0,0.0
861,9036630A017    ,2023,38,13.5,0.0,0.0
862,9036630A017    ,2023,39,10.0,0.0,0.0
863,9036630A018    ,2023,36,22.0,0.0,1.0
864,9036630A018    ,2023,37,16.0,0.0,1.0
865,9036630A018    ,2023,38,19.0,0.0,1.0
866,9036630A018    ,2023,39,14.0,0.0,1.0
867,9036652A003    ,2023,36,12.0,0.0,0.0
868,9036652A003    ,2023,37,9.0,0.0,0.0
869,9036652A003    ,2023,38,10.0,0.0,0.0
870,9036652A003    ,2023,39,9.0,0.0,0.0
871,9036652A004    ,2023,36,10.0,0.0,0.0
872,9036652A004    ,2023,37,7.0,0.0,0.0
873,9036652A004    ,2023,38,9.0,0.0,0.0
874,9036652A004    ,2023,39,8.0,0.0,0.0
875,9036658A001    ,2023,36,9.0,0.0,0.0
876,9036658A001    ,2023,37,5.0,0.0,0.0
877,9036658A001    ,2023,38,5.0,0.0,0.0
878,9036658A001    ,2023,39,5.0,0.0,0.0
879,9036658A002    ,2023,36,10.0,0.0,0.0
880,9036658A002    ,2023,37,5.0,0.0,0.0
881,9036658A002    ,2023,38,8.0,0.0,0.0
882,9036658A002    ,2023,39,6.0,0.0,0.0
883,9036659A009    ,2023,36,27.0,0.0,1.0
884,9036659A009    ,2023,37,20.0,0.0,1.0
885,9036659A009    ,2023,38,22.0,0.0,1.0
886,9036659A009    ,2023,39,19.0,0.0,1.0
887,9036659A010    ,2023,36,28.0,0.0,1.0
888,9036659A010    ,2023,37,19.0,0.0,1.0
889,9036659A010    ,2023,38,22.0,0.0,1.0
890,9036659A010    ,2023,39,20.0,0.0,1.0
891,9037414A001    ,2023,36,2.0,0.0,0.0
892,9037414A001    ,2023,37,2.0,0.0,0.0
893,9037414A001    ,2023,38,1.0,0.0,0.0
894,9037414A001    ,2023,39,2.0,0.0,0.0
895,9037439A017    ,2023,36,3.0,0.0,0.0
896,9037439A017    ,2023,37,3.0,0.0,0.0
897,9037439A017    ,2023,38,3.0,0.0,0.0
898,9037439A017    ,2023,39,3.0,0.0,0.0
899,9037460A001    ,2023,36,3.0,0.0,0.0
900,9037460A001    ,2023,37,3.0,0.0,0.0
901,9037460A001    ,2023,38,5.0,0.0,0.0
902,9037460A001    ,2023,39,5.0,0.0,0.0
903,9046108A016    ,2023,36,1.0,0.0,0.0
904,9046108A016    ,2023,37,1.0,0.0,0.0
905,9050106A019    ,2023,36,5.0,0.0,0.0
906,9050106A019    ,2023,37,5.0,0.0,0.0
907,9050106A019    ,2023,38,5.0,0.0,0.0
908,9050106A019    ,2023,39,5.0,0.0,0.0
909,9050119A022    ,2023,36,5.0,0.0,0.0
910,9050119A022    ,2023,37,6.0,0.0,0.0
911,9050119A022    ,2023,38,6.0,0.0,0.0
912,9050119A022    ,2023,39,7.0,0.0,0.0
913,9050407A007    ,2023,36,1.0,0.0,0.0
914,9050407A007    ,2023,37,2.0,0.0,0.0
915,9050407A007    ,2023,38,3.0,0.0,0.0
916,9050407A007    ,2023,39,3.0,0.0,0.0
917,9050411A003    ,2023,36,2.0,0.0,0.0
918,9050411A003    ,2023,37,2.0,0.0,0.0
919,9050411A003    ,2023,38,3.0,0.0,0.0
920,9050411A003    ,2023,39,3.0,0.0,0.0
921,9050827A011    ,2023,36,3.0,0.0,0.0
922,9050827A011    ,2023,37,3.0,0.0,0.0
923,9050827A011    ,2023,38,2.5,0.0,0.0
924,9050827A011    ,2023,39,3.0,0.0,0.0
925,9052032A001    ,2023,36,2.0,0.0,0.0
926,9052032A001    ,2023,37,3.0,0.0,0.0
927,9052032A001    ,2023,38,3.0,0.0,0.0
928,9052032A001    ,2023,39,4.0,0.0,0.0
929,9052042A002    ,2023,36,2.0,0.0,0.0
930,9052042A002    ,2023,37,2.0,0.0,0.0
931,9052042A002    ,2023,38,2.0,0.0,0.0
932,9052042A002    ,2023,39,2.0,0.0,0.0
933,9052199A309    ,2023,36,6.0,0.0,0.0
934,9052199A309    ,2023,37,5.0,0.0,0.0
935,9052199A309    ,2023,38,4.0,0.0,0.0
936,9052199A309    ,2023,39,5.0,0.0,0.0
937,9052409A003    ,2023,36,2.0,0.0,0.0
938,9052409A003    ,2023,37,1.0,0.0,0.0
939,9052409A003    ,2023,38,1.0,0.0,0.0
940,9052409A003    ,2023,39,1.0,0.0,0.0
941,9056042A001    ,2023,36,8.0,0.0,0.0
942,9056042A001    ,2023,37,7.0,0.0,0.0
943,9056042A001    ,2023,38,7.0,0.0,0.0
944,9056042A001    ,2023,39,7.0,0.0,0.0
945,9056439A004    ,2023,36,12.0,0.0,0.0
946,9056439A004    ,2023,37,11.0,0.0,0.0
947,9056439A004    ,2023,38,12.0,0.0,0.0
948,9056439A004    ,2023,39,7.0,0.0,0.0
949,9056439A005    ,2023,36,10.0,0.0,0.0
950,9056439A005    ,2023,37,13.0,0.0,0.0
951,9056439A005    ,2023,38,13.0,0.0,0.0
952,9056439A005    ,2023,39,11.0,0.0,0.0
953,9056439A006    ,2023,36,6.0,0.0,0.0
954,9056439A006    ,2023,37,4.0,0.0,0.0
955,9056439A006    ,2023,38,4.0,0.0,0.0
956,9056439A006    ,2023,39,4.0,0.0,0.0
957,9056439A008    ,2023,36,1.0,0.0,0.0
958,9056450A001    ,2023,36,4.0,0.0,0.0
959,9056450A001    ,2023,37,5.0,0.0,0.0
960,9056450A001    ,2023,38,5.0,0.0,0.0
961,9056450A001    ,2023,39,5.0,0.0,0.0
962,9056450A002    ,2023,36,6.0,0.0,0.0
963,9056450A002    ,2023,37,7.0,0.0,0.0
964,9056450A002    ,2023,38,7.0,0.0,0.0
965,9056450A002    ,2023,39,6.0,0.0,0.0
966,9056450A003    ,2023,36,10.5,0.0,0.0
967,9056450A003    ,2023,37,7.0,0.0,0.0
968,9056450A003    ,2023,38,9.0,0.0,0.0
969,9056450A003    ,2023,39,11.0,0.0,0.0
970,9056451A079    ,2023,36,2.0,0.0,0.0
971,9056451A080    ,2023,36,1.0,0.0,0.0
972,9056451A080    ,2023,37,1.0,0.0,0.0
973,9056451A080    ,2023,38,1.0,0.0,0.0
974,9056451A081    ,2023,36,1.0,0.0,0.0
975,9056451A081    ,2023,37,1.0,0.0,0.0
976,9056451A081    ,2023,38,1.0,0.0,0.0
977,9056451A081    ,2023,39,1.0,0.0,0.0
978,9056451A082    ,2023,36,2.5,0.0,0.0
979,9056451A082    ,2023,37,5.0,0.0,0.0
980,9056451A082    ,2023,38,5.0,0.0,0.0
981,9056451A082    ,2023,39,5.0,0.0,0.0
982,9056451A083    ,2023,36,7.0,0.0,0.0
983,9056451A083    ,2023,37,11.0,0.0,0.0
984,9056451A083    ,2023,38,12.0,0.0,0.0
985,9056451A083    ,2023,39,11.0,0.0,0.0
986,9056451A084    ,2023,36,8.0,0.0,0.0
987,9056451A084    ,2023,37,10.0,0.0,0.0
988,9056451A084    ,2023,38,12.0,0.0,0.0
989,9056451A084    ,2023,39,12.0,0.0,0.0
990,9056451A085    ,2023,36,9.0,0.0,0.0
991,9056451A085    ,2023,37,10.0,0.0,0.0
992,9056451A085    ,2023,38,10.0,0.0,0.0
993,9056451A085    ,2023,39,11.0,0.0,0.0
994,9056451A086    ,2023,36,10.0,0.0,0.0
995,9056451A086    ,2023,37,8.0,0.0,0.0
996,9056451A086    ,2023,38,9.0,0.0,0.0
997,9056451A086    ,2023,39,10.0,0.0,0.0
998,9056451A087    ,2023,36,5.0,0.0,0.0
999,9056451A087    ,2023,37,6.0,0.0,0.0
1000,9056451A087    ,2023,38,6.0,0.0,0.0
1001,9056451A087    ,2023,39,4.0,0.0,0.0
1002,9056451A088    ,2023,36,6.0,0.0,0.0
1003,9056451A088    ,2023,37,2.0,0.0,0.0
1004,9056451A088    ,2023,38,2.0,0.0,0.0
1005,9056451A088    ,2023,39,1.0,0.0,0.0
1006,9056451A089    ,2023,36,4.0,0.0,0.0
1007,9056451A089    ,2023,37,3.0,0.0,0.0
1008,9056451A089    ,2023,38,3.0,0.0,0.0
1009,9056451A089    ,2023,39,1.0,0.0,0.0
1010,9056451A090    ,2023,36,5.0,0.0,0.0
1011,9056451A090    ,2023,37,2.0,0.0,0.0
1012,9056451A090    ,2023,38,2.0,0.0,0.0
1013,9056451A090    ,2023,39,1.0,0.0,0.0
1014,9056451A091    ,2023,36,1.0,0.0,0.0
1015,9056451A091    ,2023,37,1.0,0.0,0.0
1016,9056451A091    ,2023,38,1.0,0.0,0.0
1017,9056451A091    ,2023,39,1.0,0.0,0.0
1018,9056451A092    ,2023,38,1.0,1.0,0.0
1019,9056451A092    ,2023,39,1.0,0.0,0.0
1020,9056455A038    ,2023,36,1.0,0.0,0.0
1021,9056455A038    ,2023,37,1.0,0.0,0.0
1022,9056455A038    ,2023,38,1.0,0.0,0.0
1023,9056455A038    ,2023,39,1.0,0.0,0.0
1024,9056455A039    ,2023,36,4.0,0.0,0.0
1025,9056455A039    ,2023,37,4.0,0.0,0.0
1026,9056455A039    ,2023,38,4.0,0.0,0.0
1027,9056455A039    ,2023,39,1.0,0.0,0.0
1028,9056455A040    ,2023,36,8.5,0.0,0.0
1029,9056455A040    ,2023,37,7.0,0.0,0.0
1030,9056455A040    ,2023,38,8.0,0.0,0.0
1031,9056455A040    ,2023,39,5.0,0.0,0.0
1032,9056455A041    ,2023,36,9.5,0.0,0.0
1033,9056455A041    ,2023,37,9.0,0.0,0.0
1034,9056455A041    ,2023,38,10.0,0.0,0.0
1035,9056455A041    ,2023,39,6.0,0.0,0.0
1036,9056455A042    ,2023,36,10.0,0.0,0.0
1037,9056455A042    ,2023,37,11.0,0.0,0.0
1038,9056455A042    ,2023,38,11.0,0.0,0.0
1039,9056455A042    ,2023,39,8.0,0.0,0.0
1040,9056455A043    ,2023,36,9.0,0.0,0.0
1041,9056455A043    ,2023,37,11.0,0.0,0.0
1042,9056455A043    ,2023,38,11.0,0.0,0.0
1043,9056455A043    ,2023,39,11.0,0.0,0.0
1044,9056455A044    ,2023,36,6.0,0.0,0.0
1045,9056455A044    ,2023,37,8.0,0.0,0.0
1046,9056455A044    ,2023,38,9.0,0.0,0.0
1047,9056455A044    ,2023,39,9.0,0.0,0.0
1048,9056455A045    ,2023,36,3.0,0.0,0.0
1049,9056455A045    ,2023,37,6.0,0.0,0.0
1050,9056455A045    ,2023,38,7.0,0.0,0.0
1051,9056455A045    ,2023,39,7.0,0.0,0.0
1052,9056455A046    ,2023,36,2.0,0.0,0.0
1053,9056455A046    ,2023,37,4.0,0.0,0.0
1054,9056455A046    ,2023,38,6.0,0.0,0.0
1055,9056455A046    ,2023,39,7.0,0.0,0.0
1056,9056455A047    ,2023,36,1.0,0.0,0.0
1057,9056455A047    ,2023,37,2.0,0.0,0.0
1058,9056455A047    ,2023,38,4.0,0.0,0.0
1059,9056455A047    ,2023,39,5.0,0.0,0.0
1060,9056455A048    ,2023,36,1.0,0.0,0.0
1061,9056455A048    ,2023,37,1.0,0.0,0.0
1062,9056455A048    ,2023,38,2.0,0.0,0.0
1063,9056455A048    ,2023,39,2.0,0.0,0.0
1064,9056455A049    ,2023,38,1.0,0.0,0.0
1065,9056455A049    ,2023,39,1.0,0.0,0.0
1066,9056457A132    ,2023,36,2.0,0.0,0.0
1067,9056457A132    ,2023,37,2.0,0.0,0.0
1068,9056457A132    ,2023,38,2.0,0.0,0.0
1069,9056457A132    ,2023,39,1.0,0.0,0.0
1070,9056457A133    ,2023,36,2.0,0.0,0.0
1071,9056457A133    ,2023,37,3.0,0.0,0.0
1072,9056457A133    ,2023,38,3.0,0.0,0.0
1073,9056457A133    ,2023,39,3.0,0.0,0.0
1074,9056457A134    ,2023,36,7.0,0.0,0.0
1075,9056457A134    ,2023,37,7.0,0.0,0.0
1076,9056457A134    ,2023,38,7.0,0.0,0.0
1077,9056457A134    ,2023,39,7.0,0.0,0.0
1078,9056457A135    ,2023,36,11.0,0.0,0.0
1079,9056457A135    ,2023,37,10.0,0.0,0.0
1080,9056457A135    ,2023,38,11.0,0.0,0.0
1081,9056457A135    ,2023,39,10.0,0.0,0.0
1082,9056457A136    ,2023,36,5.0,0.0,0.0
1083,9056457A136    ,2023,37,5.0,0.0,0.0
1084,9056457A136    ,2023,38,5.0,0.0,0.0
1085,9056457A136    ,2023,39,5.0,0.0,0.0
1086,9056457A137    ,2023,36,2.0,0.0,0.0
1087,9056457A137    ,2023,37,2.0,0.0,0.0
1088,9056457A137    ,2023,38,3.0,0.0,0.0
1089,9056457A137    ,2023,39,2.0,0.0,0.0
1090,9056457A138    ,2023,36,1.0,0.0,0.0
1091,9056457A138    ,2023,37,2.0,0.0,0.0
1092,9056457A138    ,2023,38,3.0,0.0,0.0
1093,9056457A138    ,2023,39,2.0,0.0,0.0
1094,9056457A139    ,2023,36,2.0,0.0,0.0
1095,9056457A139    ,2023,37,3.0,0.0,0.0
1096,9056457A139    ,2023,38,3.0,0.0,0.0
1097,9056457A139    ,2023,39,3.0,0.0,0.0
1098,9056457A140    ,2023,36,1.0,0.0,0.0
1099,9056457A140    ,2023,37,1.0,0.0,0.0
1100,9056457A140    ,2023,38,1.0,0.0,0.0
1101,9056457A140    ,2023,39,1.0,0.0,0.0
1102,9056457A141    ,2023,36,1.0,0.0,0.0
1103,9056457A141    ,2023,37,1.0,0.0,0.0
1104,9056457A141    ,2023,38,1.0,0.0,0.0
1105,9056457A142    ,2023,36,1.0,0.0,0.0
1106,9056457A142    ,2023,37,1.0,0.0,0.0
1107,9056457A142    ,2023,38,1.0,0.0,0.0
1108,9056457A142    ,2023,39,1.0,0.0,0.0
1109,9056463A028    ,2023,36,1.0,0.0,0.0
1110,9056463A028    ,2023,37,1.0,0.0,0.0
1111,9056463A028    ,2023,38,1.0,0.0,0.0
1112,9056463A028    ,2023,39,1.0,0.0,0.0
1113,9056463A029    ,2023,36,2.0,0.0,0.0
1114,9056463A029    ,2023,37,3.0,0.0,0.0
1115,9056463A029    ,2023,38,3.0,0.0,0.0
1116,9056463A029    ,2023,39,2.0,0.0,0.0
1117,9056463A030    ,2023,36,5.5,0.0,0.0
1118,9056463A030    ,2023,37,6.0,0.0,0.0
1119,9056463A030    ,2023,38,6.0,0.0,0.0
1120,9056463A030    ,2023,39,2.0,0.0,0.0
1121,9056463A031    ,2023,36,8.0,0.0,0.0
1122,9056463A031    ,2023,37,8.0,0.0,0.0
1123,9056463A031    ,2023,38,8.0,0.0,0.0
1124,9056463A031    ,2023,39,6.0,0.0,0.0
1125,9056463A032    ,2023,36,5.0,0.0,0.0
1126,9056463A032    ,2023,37,7.0,0.0,0.0
1127,9056463A032    ,2023,38,7.0,0.0,0.0
1128,9056463A032    ,2023,39,5.0,0.0,0.0
1129,9056463A033    ,2023,36,2.0,0.0,0.0
1130,9056463A033    ,2023,37,3.0,0.0,0.0
1131,9056463A033    ,2023,38,3.0,0.0,0.0
1132,9056463A033    ,2023,39,3.0,0.0,0.0
1133,9056463A034    ,2023,36,2.0,0.0,0.0
1134,9056463A034    ,2023,37,2.0,0.0,0.0
1135,9056463A034    ,2023,38,2.0,0.0,0.0
1136,9056463A034    ,2023,39,2.0,0.0,0.0
1137,9056463A035    ,2023,36,1.0,0.0,0.0
1138,9056463A035    ,2023,37,1.0,0.0,0.0
1139,9056463A035    ,2023,38,1.0,0.0,0.0
1140,9056463A035    ,2023,39,2.0,0.0,0.0
1141,9056463A036    ,2023,36,1.0,0.0,0.0
1142,9056463A036    ,2023,37,1.0,0.0,0.0
1143,9056463A036    ,2023,38,1.0,0.0,0.0
1144,9056463A036    ,2023,39,1.0,0.0,0.0
1145,9056463A037    ,2023,36,1.0,0.0,0.0
1146,9056463A037    ,2023,37,1.0,0.0,0.0
1147,9056463A037    ,2023,38,1.0,0.0,0.0
1148,9056463A037    ,2023,39,2.0,0.0,0.0
1149,9056463A038    ,2023,37,1.0,0.0,0.0
1150,9056463A038    ,2023,38,1.0,0.0,0.0
1151,9056463A038    ,2023,39,1.0,0.0,0.0
1152,9056463A039    ,2023,36,1.0,0.0,0.0
1153,9056463A039    ,2023,37,1.0,0.0,0.0
1154,9056463A039    ,2023,38,1.0,0.0,0.0
1155,9056463A039    ,2023,39,2.0,0.0,0.0
1156,9093003179     ,2023,36,5.0,0.0,0.0
1157,9093003179     ,2023,37,4.0,0.0,0.0
1158,9093003179     ,2023,38,4.0,0.0,0.0
1159,9093003179     ,2023,39,5.0,0.0,0.0
1160,9094906A012    ,2023,36,7.0,0.0,0.0
1161,9094906A012    ,2023,37,6.0,0.0,0.0
1162,9094906A012    ,2023,38,7.0,0.0,0.0
1163,9094906A012    ,2023,39,6.0,0.0,0.0
1164,9155180610     ,2023,36,2.0,0.0,0.0
1165,9155180610     ,2023,37,2.0,0.0,0.0
1166,9155180610     ,2023,38,2.0,0.0,0.0
1167,9155180610     ,2023,39,2.0,0.0,0.0
1168,9155180614     ,2023,36,2.0,0.0,0.0
1169,9155180614     ,2023,37,3.0,0.0,0.0
1170,9155180614     ,2023,38,3.0,0.0,0.0
1171,9155180614     ,2023,39,4.0,0.0,0.0
1172,9155180640     ,2023,36,5.0,0.0,0.0
1173,9155180640     ,2023,37,5.0,0.0,0.0
1174,9155180640     ,2023,38,4.0,0.0,0.0
1175,9155180640     ,2023,39,6.0,0.0,0.0
1176,9161140614     ,2023,36,3.0,0.0,0.0
1177,9161140614     ,2023,37,3.0,0.0,0.0
1178,9161140614     ,2023,38,3.0,0.0,0.0
1179,9161140614     ,2023,39,5.0,0.0,0.0
1180,9167180618     ,2023,36,3.0,0.0,0.0
1181,9167180618     ,2023,37,3.0,0.0,0.0
1182,9167180618     ,2023,38,3.0,0.0,0.0
1183,9167180618     ,2023,39,5.0,0.0,0.0
1184,9901400132     ,2023,36,3.0,0.0,0.0
1185,9901400132     ,2023,37,3.0,0.0,0.0
1186,9901400132     ,2023,38,3.0,0.0,0.0
1187,9909400005     ,2023,36,1.0,0.0,0.0
1188,9909400005     ,2023,37,1.0,0.0,0.0
1189,9909400005     ,2023,38,1.0,0.0,0.0
1190,9909400005     ,2023,39,1.0,0.0,0.0
1191,9915000049     ,2023,36,2.0,0.0,0.0
1192,9915000049     ,2023,37,2.0,0.0,0.0
1193,9915000049     ,2023,38,2.0,0.0,0.0
1194,9915000049     ,2023,39,2.0,0.0,0.0
1195,9915000052     ,2023,36,1.0,0.0,0.0
1196,9915000052     ,2023,37,1.0,0.0,0.0
1197,9915000052     ,2023,38,1.0,0.0,0.0
1198,9915000052     ,2023,39,1.0,0.0,0.0
1199,G11040LC010****,2023,39,5.0,1.0,0.0
1200,G11170LC010    ,2023,36,10.0,0.0,0.0
1201,G11170LC010    ,2023,37,10.0,0.0,0.0
1202,G11170LC010    ,2023,38,10.0,0.0,0.0
1203,G11170LC010    ,2023,39,12.0,0.0,0.0
1204,G11340LC010    ,2023,36,18.0,0.0,0.0
1205,G11340LC010    ,2023,37,16.0,0.0,0.0
1206,G11340LC010    ,2023,38,19.0,0.0,0.0
1207,G11340LC010    ,2023,39,18.0,0.0,0.0
1208,G11370LC010    ,2023,36,19.0,0.0,0.0
1209,G11370LC010    ,2023,37,18.0,0.0,0.0
1210,G11370LC010    ,2023,38,18.5,0.0,0.0
1211,G11370LC010    ,2023,39,17.0,0.0,0.0
1212,G114434010     ,2023,36,57.0,0.0,2.0
1213,G114434010     ,2023,37,56.0,0.0,2.0
1214,G114434010     ,2023,38,55.5,0.0,2.0
1215,G114434010     ,2023,39,52.0,0.0,2.0
1216,G1144ECB010    ,2023,36,44.0,0.0,3.0
1217,G1144ECB010    ,2023,37,33.0,0.0,2.0
1218,G1144ECB010    ,2023,38,43.0,0.0,2.0
1219,G1144ECB010    ,2023,39,37.0,0.0,3.0
1220,G1144ECE010    ,2023,36,79.0,0.0,3.0
1221,G1144ECE010    ,2023,37,61.0,0.0,2.0
1222,G1144ECE010    ,2023,38,66.5,0.0,3.0
1223,G1144ECE010    ,2023,39,57.0,0.0,3.0
1224,G115A34010     ,2023,36,21.0,0.0,1.0
1225,G115A34010     ,2023,37,21.0,0.0,0.0
1226,G115A34010     ,2023,38,20.0,0.0,0.0
1227,G115A34010     ,2023,39,18.0,0.0,1.0
1228,G1163ECB010    ,2023,36,2.0,0.0,0.0
1229,G1163ECB010    ,2023,37,3.0,0.0,0.0
1230,G1163ECB010    ,2023,38,3.0,0.0,0.0
1231,G1163ECB010    ,2023,39,6.0,0.0,0.0
1232,G1163ECE010    ,2023,36,9.0,0.0,1.0
1233,G1163ECE010    ,2023,37,11.0,0.0,1.0
1234,G1163ECE010    ,2023,38,14.0,0.0,1.0
1235,G1163ECE010    ,2023,39,13.0,0.0,1.0
1236,G117234010     ,2023,36,9.0,0.0,0.0
1237,G117234010     ,2023,37,8.0,0.0,0.0
1238,G117234010     ,2023,38,9.0,0.0,0.0
1239,G117234010     ,2023,39,9.0,0.0,0.0
1240,G117334010     ,2023,36,24.0,0.0,0.0
1241,G117334010     ,2023,37,20.0,0.0,0.0
1242,G117334010     ,2023,38,25.0,0.0,0.0
1243,G117334010     ,2023,39,24.0,0.0,0.0
1244,G117362010     ,2023,36,65.5,0.0,2.0
1245,G117362010     ,2023,37,54.0,0.0,2.0
1246,G117362010     ,2023,38,59.0,0.0,2.0
1247,G117362010     ,2023,39,57.0,0.0,2.0
1248,G1174ECB010    ,2023,36,10.0,0.0,0.0
1249,G1174ECB010    ,2023,37,7.0,0.0,0.0
1250,G1174ECB010    ,2023,38,9.0,0.0,0.0
1251,G1174ECB010    ,2023,39,6.0,0.0,0.0
1252,G1174ECE010    ,2023,36,18.0,0.0,0.0
1253,G1174ECE010    ,2023,37,13.0,0.0,0.0
1254,G1174ECE010    ,2023,38,15.0,0.0,0.0
1255,G1174ECE010    ,2023,39,10.0,0.0,0.0
1256,G118034010     ,2023,39,26.0,0.0,0.0
1257,G1250ECB010    ,2023,36,6.0,0.0,0.0
1258,G1250ECB010    ,2023,37,4.0,0.0,0.0
1259,G1250ECB010    ,2023,38,4.0,0.0,0.0
1260,G1250ECB010    ,2023,39,6.0,0.0,0.0
1261,G1250ECC010    ,2023,36,5.0,0.0,0.0
1262,G1250ECC010    ,2023,37,3.0,0.0,0.0
1263,G1250ECC010    ,2023,38,3.0,0.0,0.0
1264,G1250ECC010    ,2023,39,4.0,0.0,0.0
1265,G1250ECE010    ,2023,36,15.0,0.0,0.0
1266,G1250ECE010    ,2023,37,12.0,0.0,0.0
1267,G1250ECE010    ,2023,38,13.0,0.0,0.0
1268,G1250ECE010    ,2023,39,15.0,0.0,0.0
1269,G9201ECB030    ,2023,36,43.0,0.0,2.0
1270,G9201ECB030    ,2023,37,35.0,0.0,2.0
1271,G9201ECB030    ,2023,38,49.0,0.0,2.0
1272,G9201ECB030    ,2023,39,26.5,0.0,2.0
1273,G9201ECE010    ,2023,36,36.0,0.0,3.0
1274,G9201ECE010    ,2023,37,29.0,0.0,3.0
1275,G9201ECE010    ,2023,38,54.0,0.0,3.0
1276,G9201ECE010    ,2023,39,44.5,0.0,3.0
1277,G9351ECB010    ,2023,36,21.0,0.0,4.0
1278,G9351ECB010    ,2023,37,15.0,0.0,3.0
1279,G9351ECB010    ,2023,38,32.0,0.0,3.0
1280,G9351ECB010    ,2023,39,25.0,0.0,5.0
1281,G9351ECE010    ,2023,36,19.0,0.0,2.0
1282,G9351ECE010    ,2023,37,13.0,0.0,2.0
1283,G9351ECE010    ,2023,38,8.0,0.0,2.0
1284,G9351ECE010    ,2023,39,16.0,0.0,2.0
1285,Y021720076*****,2023,36,1.0,0.0,0.0
1286,Y021720076*****,2023,37,1.0,0.0,0.0
1287,Y021720076*****,2023,38,1.0,0.0,0.0
1288,Y021720076*****,2023,39,1.0,0.0,0.0
1289,Y021782011*****,2023,36,1.0,0.0,0.0
1290,Y021782011*****,2023,37,1.5,0.0,0.0
1291,Y021782011*****,2023,38,3.0,0.0,0.0
1292,Y021782011*****,2023,39,2.0,0.0,0.0
