品番,0
41310ECE010    ,850
41310ECB010    ,704
33490ECE010    ,578
33490ECB010    ,438
350610LC010    ,371
35771ECB010    ,348
9010508A014    ,332
35771ECE010    ,290
G1144ECB010    ,266
357710LC030    ,255
G1144ECE010    ,255
9010512A018    ,250
350710LC010    ,240
G117362010     ,179
35580ECB011    ,163
G9201ECE010    ,163
35300ECB010    ,156
391710LC010    ,143
G114434010     ,138
G9201ECB030    ,123
321110LC010    ,116
354260LC010    ,99
9036324A004    ,99
9036659A010    ,97
9036659A009    ,97
351710LC010    ,96
82824ECB020    ,95
9036630A018    ,93
9036324A005    ,77
35174ECB010    ,75
354110LC030    ,72
G1163ECE010    ,69
35505ECB010    ,67
9036340A010    ,64
35441ECB010    ,58
01912ECB040    ,56
9036324A003    ,50
82824ECB010    ,49
351060LC040    ,45
G115A34010     ,45
82824ECE010    ,45
9036630A017    ,42
9036658A002    ,39
9031150A014    ,38
9031150A015    ,37
35595ECB010    ,37
351190LC010    ,37
G11340LC010    ,36
35847ECE010    ,34
G117334010     ,33
9036345A004    ,31
G11370LC010    ,31
35174ECE010    ,30
G1163ECB010    ,28
9036652A003    ,27
9036652A004    ,27
9036658A001    ,27
019128GA010    ,27
G1174ECE010    ,26
9036366A001    ,26
9015906A022    ,25
351680LC030    ,25
35557ECB010    ,23
35882ECB010    ,23
356680LC020    ,23
G1174ECB010    ,22
35847ECE020    ,22
35312ECB010    ,21
9010508A042    ,21
821250LC030    ,21
9011908A038    ,20
82821ECB050    ,20
9010512A017    ,19
9036628A005    ,19
9036628A007    ,19
G1250ECE010    ,19
3040052001B    ,18
356340LC020    ,18
5040056001E    ,17
9015906A021    ,16
9094906A012    ,16
82821XAE010    ,16
35847ECB010    ,15
82125ECE010    ,14
9052199A309    ,14
9161140614,14
35847ECB020    ,12
01912ECB010    ,12
35145ECE020    ,12
35174ECE020    ,11
3559850A010    ,11
82821CWA030    ,10
82125ECB010    ,10
9036628A006    ,10
019120LC030    ,10
356790LC050    ,10
354710LC010    ,10
35145ECE010    ,10
35441TFA010    ,10
352800LA010    ,10
82821ECE010    ,9
9030119A011    ,9
356790LC040    ,9
G1250ECB010    ,9
35501ECB010    ,9
9036628A008    ,9
9034108A006    ,8
82821ECB040    ,8
9036443A006    ,8
35145ECB010    ,8
1040052001Z    ,7
358830LC030    ,7
35556ECB010    ,7
9034118090,6
G11170LC010    ,6
9030111A014    ,6
351980LC030    ,6
2030052002N    ,6
82821ECB020    ,6
36108ECB010    ,5
9020156A002    ,5
9037460A001    ,5
9014908A008    ,5
9155180614,5
356030LC020    ,5
9020150A002    ,5
35195ECE010    ,4
35198ECE010    ,4
352400LC020    ,4
2030183013A    ,4
9030106A018    ,4
9025006A007    ,4
G1250ECC010    ,4
9020156A001    ,3
35165ECE010    ,3
828210LC020    ,3
9025010017,3
358830LC040    ,3
9034118A024    ,3
351720LC010    ,3
9011906A065    ,3
333560LC020    ,3
9015906A023    ,3
35195TFG010    ,2
9167180618,2
354320LC040    ,2
9056450A002    ,2
9056042A001    ,2
9050827A011    ,2
1040183011P    ,2
019120LC060    ,1
9036435A004    ,1
82821ECB010    ,1
9037439A017    ,1
357890LC180    ,1
9056439A005    ,1
9093003179,1
3548255A010    ,1
9015905A007    ,1
35409ECB010    ,1
34989ECB020    ,1
9056439A006    ,0
019120LC050    ,0
1040183017V    ,0
9056463A034    ,0
9056457A137    ,0
2030044001J    ,0
9056457A138    ,0
9056463A033    ,0
2030045013L    ,0
9056463A035    ,0
9056463A036    ,0
34989ECB030    ,0
9155180640,0
019120LC070    ,0
01912ECB060    ,0
1040043104R    ,0
9052409A003    ,0
01912TFA050    ,0
G117234010     ,0
3539450A010    ,0
9052042A002    ,0
9010506A089    ,0
9014906A004    ,0
354820LC010    ,0
9011906A062    ,0
9011906A059    ,0
9011906908,0
9011006031,0
9010506A003    ,0
9030117A010    ,0
356170LC060    ,0
356340LC030    ,0
019120LC040    ,0
356790LC060    ,0
357890LC160    ,0
357890LC170    ,0
9030115A011    ,0
9030119A010    ,0
3519510A010    ,0
9034118060,0
351980LC020    ,0
351980LC040    ,0
351988LA010    ,0
352450LC010    ,0
35275TBG010    ,0
35352ECB010    ,0
9034114A004    ,0
9030132A005    ,0
9034108A010    ,0
9033904A002    ,0
9031164A006    ,0
9030199A224    ,0
9030199A223    ,0
9030146A009    ,0
82821XAE020    ,0
