,品番,変更後）正常1,変更後）正常2,変更後）正常3,変更後）正常4,変更後）異常1,変更後）異常2,変更後）異常3,変更後）異常4,品名,収容数,仕入先名/工場名,A,B,C,整備室,箱種,箱サイズ,箱重量,手配区分,変更後）かんばん数,変更後）社内LT,変更後）基準在庫日数（基準在庫枚数込み）,変更後）社内LT-基準在庫日数（基準在庫枚数込み）,変更後）日量数平均,変更後）計算社内かんばん数,変更後）計算社内かんばん数MAX,変更後）基準在庫日数
0,019128GA010,0.0,0.0,0.0,1.5873015873015872,10.582010582010582,15.343915343915343,25.396825396825395,25.396825396825395,"BOLT, STUD",3000.0,（株）杉浦製作所,1.0,2.0,1.06,1Y,TP331ﾌﾀﾅｼ,0.012,15.4,手配,189.0,2.1300000000000003,1.1397499731730838,0.9902500268269165,18638.0,399.8532,437.1292,1.07
1,01912ECB010,0.0,0.0,0.0,3.1746031746031744,3.1746031746031744,4.761904761904762,12.698412698412698,12.698412698412698,"BOLT, W/WASHER",2000.0,（株）青山製作所,1.0,6.0,5.76,1Y,TP331ﾌﾀﾅｼ,0.012,15.83,手配,63.0,2.78,1.0592948373940114,1.7207051626059884,37268.0,106.59266666666667,119.01533333333334,0.85
2,01912ECB040,0.0,0.40816326530612246,0.0,0.40816326530612246,2.4489795918367347,1.2244897959183674,9.387755102040817,9.387755102040817,"SCREW, HEX LOBULAR",2000.0,（株）青山製作所,1.0,6.0,5.76,1Y,TP331ﾌﾀﾅｼ,0.012,13.63,手配,245.0,1.5,0.3197499731730883,1.1802500268269118,18638.0,94.19,168.74200000000002,0.25
3,01912ECB060,0.0,0.0,0.0,14.285714285714285,42.857142857142854,42.857142857142854,0.0,0.0,"PIN, STRAIGHT",2000.0,（株）水野鉄工所,1.0,1.0,1.81,1Y,TP131ﾌﾀﾅｼ,0.006,4.345,手配,7.0,2.52,2.048602098072701,0.47139790192729913,8198.0,16.9861,21.0851,0.78
4,1040043104R,0.0,0.0,0.0,14.285714285714285,14.285714285714285,42.857142857142854,28.57142857142857,28.57142857142857,"PIN, SLOTTED SPRING",2000.0,トピー実業（株）,1.0,1.0,1.95,1Y,TP131,0.006,5.8,手配,9.0,3.45,2.4400955038094216,1.0099044961905785,37276.0,30.957,34.6846,0.75
5,1040052001Z,0.0,11.538461538461538,3.8461538461538463,11.538461538461538,15.384615384615385,11.538461538461538,34.61538461538461,34.61538461538461,"PLUG, TIGHT",2000.0,ナミコー（株）,1.0,1.0,3.25,1Y,TP331ﾌﾀﾅｼ,0.012,4.7,手配,26.0,2.4050000000000002,1.7368965517241373,0.668103448275863,10440.0,30.666000000000004,32.406000000000006,0.53
6,1040183011P,0.0,0.0,2.631578947368421,2.631578947368421,52.63157894736842,31.57894736842105,5.263157894736842,5.263157894736842,"PLUG, W/HEAD STRAIGHT SCREW",300.0,住友商事（株）鉄鋼部輸送機材,1.0,1.0,3.0,1Y,TP331ﾌﾀﾅｼ,0.012,13.56,手配,38.0,1.1700000000000002,0.9669854824935952,0.20301451750640498,24591.0,27.558280000000003,29.197680000000002,0.54
7,2030044001J,0.0,10.0,10.0,20.0,30.0,20.0,0.0,0.0,"PLUG, W/HEAD STRAIGHT SCREW",300.0,（株）杉浦製作所,1.0,2.0,1.06,1Y,TP331ﾌﾀﾅｼ,0.012,10.36,手配,10.0,1.7349999999999999,1.5646401561356433,0.17035984386435654,8198.0,12.067300000000001,14.116800000000001,0.54
8,2030045013L,22.22222222222222,11.11111111111111,55.55555555555556,0.0,0.0,11.11111111111111,0.0,0.0,"BEARING, RADIAL BALL",80.0,日本精工（株）,1.0,8.0,9.0,1Y,ｻﾝﾎﾞｯｸｽ＃K-10Bﾌﾀﾅｼ,0.015,9.301,手配,9.0,1.69,3.170623690166821,-1.480623690166821,47716.0,15.64474,20.41634,0.53
9,2030052002N,0.0,13.513513513513514,10.81081081081081,24.324324324324326,18.91891891891892,13.513513513513514,16.216216216216218,16.216216216216218,SPACER,400.0,アイコー（株）,1.0,2.0,3.92,1Y,TP131ﾌﾀﾅｼ,0.006,1.7,手配,37.0,1.58,1.514057302285652,0.06594269771434802,18638.0,34.06333333333333,40.275999999999996,0.5
10,3040052001B,0.0,7.017543859649122,27.192982456140353,33.33333333333333,11.403508771929824,7.894736842105263,7.017543859649122,7.017543859649122,"PLUG, BREATHER",500.0,（株）青山製作所,1.0,6.0,5.76,1Y,TP331ﾌﾀﾅｼ,0.012,9.18,手配,115.0,0.75,0.8906231174698817,-0.14062311746988165,84992.0,91.39168000000001,97.05781333333334,0.52
11,33490ECB010,0.057273768613974804,3.2073310423825885,3.722794959908362,27.491408934707906,27.262313860252004,25.085910652920962,11.053837342497136,11.053837342497136,"BOLT, FLANGE",1500.0,（株）青山製作所,1.0,6.0,5.76,1Y,TP331ﾌﾀﾅｼ,0.012,10.13,手配,1748.0,0.9500000000000002,0.850739204684048,0.09926079531595222,8198.0,1683.59,1888.54,0.82
12,33490ECE010,0.04580852038479157,0.5038937242327073,0.9619789280806231,9.894640403114979,22.354557947778286,30.60009161704077,28.53870819972515,28.53870819972515,"BOLT, FLANGE",1000.0,（株）青山製作所,1.0,6.0,5.76,1Y,TP331ﾌﾀﾅｼ,0.012,11.53,手配,2183.0,1.1500000000000004,0.8341379310344986,0.31586206896550173,10440.0,2117.1000000000004,2378.1000000000004,0.81
13,34989ECB020,0.0,0.0,0.0,16.666666666666664,16.666666666666664,33.33333333333333,16.666666666666664,16.666666666666664,"BOLT, W/WASHER",2500.0,（株）青山製作所,1.0,6.0,5.76,1Y,TP331ﾌﾀﾅｼ,0.012,13.08,手配,6.0,1.9800000000000004,1.5075745868212065,0.47242541317879394,18636.0,31.19032,38.64472,0.81
14,34989ECB030,0.0,0.0,0.0,0.0,0.0,33.33333333333333,33.33333333333333,33.33333333333333,"BOLT, FLANGE W/WASHER",1000.0,（株）青山製作所,1.0,6.0,5.76,1Y,TP331ﾌﾀﾅｼ,0.012,9.43,手配,3.0,3.56,2.1951491736424127,1.3648508263575874,18636.0,15.9088,19.636,0.8
15,34989ECE020,0.0,0.0,0.0,0.0,0.0,100.0,0.0,0.0,"CAP, SHIPPING",50.0,石黒ゴム工業（株）,1.0,2.0,3.64,1Y,TP342ﾌﾀﾅｼ,0.033,2.11,手配,1.0,4.31,3.0535673261008296,1.25643267389917,4701.0,8.709639999999998,10.590039999999998,0.82
16,35141ECB010,3.7735849056603774,11.320754716981133,32.075471698113205,21.69811320754717,8.49056603773585,11.320754716981133,1.8867924528301887,1.8867924528301887,"CAP, SHIPPING",100.0,日進工業（株）,1.0,1.0,0.81,1Y,TP332,0.022000000000000002,1.1,手配,326.0,0.5699999999999998,0.742956818736276,-0.1729568187362761,8198.0,320.6725,324.9422916666667,0.62
17,35141ECE010,0.0,0.0,1.0638297872340425,7.446808510638298,24.46808510638298,36.17021276595745,26.595744680851062,26.595744680851062,"CAP, SHIPPING",300.0,石黒ゴム工業（株）,1.0,2.0,3.64,1Y,TP332ﾌﾀﾅｼ,0.022000000000000002,3.21,手配,194.0,1.03,0.7506896551724143,0.27931034482758577,10440.0,331.86,336.21000000000004,0.63
18,35145ECB010,0.0,0.0,16.3265306122449,6.122448979591836,10.204081632653061,18.367346938775512,26.53061224489796,26.53061224489796,"CAP, SHIPPING",50.0,愛産樹脂工業（株）,1.0,1.0,2.12,1Y,TP342ﾌﾀﾅｼ,0.033,3.44,手配,52.0,1.95,1.3884801171017305,0.5615198828982695,8198.0,53.827600000000004,70.2236,0.62
19,35145ECE010,0.0,0.0,0.0,6.0606060606060606,12.121212121212121,9.090909090909092,15.151515151515152,15.151515151515152,"CAP, SHIPPING",400.0,新光ゴム工業（株）,1.0,1.0,3.25,1Y,TP331ﾌﾀﾅｼ,0.012,2.04,手配,70.0,1.8000000000000003,0.8511494252873552,0.9488505747126451,10440.0,68.86,89.74,0.65
20,35145ECE020,0.0,0.0,8.571428571428571,11.428571428571429,7.142857142857142,10.0,30.0,30.0,"PIN, STRAIGHT",1000.0,（株）ギフ加藤製作所,1.0,2.0,3.8,1Y,AW131ﾌﾀﾅｼ,0.005,13.4,手配,71.0,1.5199999999999996,0.851149425287355,0.6688505747126445,10440.0,68.86,74.08,0.65
21,35165ECE010,0.0,0.0,8.333333333333332,16.666666666666664,12.5,8.333333333333332,8.333333333333332,8.333333333333332,"PLUG, W/HEAD STRAIGHT SCREW",200.0,（株）青山製作所,1.0,6.0,5.76,1Y,TP131ﾌﾀﾅｼ,0.006,6.27,手配,24.0,1.6099999999999999,1.0322988505747122,0.5777011494252877,10440.0,33.886,44.326,0.63
22,35174ECB010,0.0,6.109324758842444,19.292604501607716,19.614147909967848,10.932475884244374,11.89710610932476,25.401929260450164,25.401929260450164,"PLUG, TIGHT",200.0,サトープレス工業（株）,1.0,1.0,1.78,1Y,AW131ﾌﾀﾅｼ,0.006,1.4,手配,311.0,1.0599999999999998,0.9212320078067873,0.13876799219321256,8198.0,357.613,378.108,0.87
23,35174ECE010,0.0,0.0,9.036144578313253,21.686746987951807,13.253012048192772,14.457831325301203,16.265060240963855,16.265060240963855,"BEARING, NEEDLE ROLLER",1800.0,日本精工（株）,1.0,8.0,9.0,1Y,ｻﾝﾎﾞｯｸｽ＃K-10Bﾌﾀﾅｼ,0.015,5.4,手配,166.0,1.3000000000000003,0.9504597701149442,0.34954022988505606,10440.0,228.07,241.12,0.87
24,35174ECE020,0.0,9.722222222222223,11.11111111111111,8.333333333333332,16.666666666666664,11.11111111111111,22.22222222222222,22.22222222222222,"BOLT, FLANGE",500.0,（株）青山製作所,1.0,6.0,5.76,1Y,TP331ﾌﾀﾅｼ,0.012,9.38,手配,72.0,1.5599999999999998,1.1731034482758624,0.3868965517241374,10440.0,76.08,81.88,0.63
25,3519510A010,0.0,0.0,25.0,0.0,25.0,50.0,0.0,0.0,"SEAL, TYPE T OIL",400.0,ＮＯＫ（株）,1.0,2.0,3.52,1Y,TP131ﾌﾀﾅｼ,0.006,1.68,手配,4.0,2.71,2.166960234203464,0.5430397657965358,8198.0,9.6079,10.974233333333334,0.63
26,35195ECE010,0.0,4.3478260869565215,17.391304347826086,8.695652173913043,13.043478260869565,13.043478260869565,21.73913043478261,21.73913043478261,GASKET,2000.0,伊藤金属工業（株）,1.0,1.0,1.96,1Y,TP331ﾌﾀﾅｼ,0.012,4.7,手配,25.0,2.72,1.8268965517241391,0.8931034482758611,20880.0,35.364000000000004,45.804,0.62
27,35195TFG010,0.0,3.571428571428571,7.142857142857142,7.142857142857142,3.571428571428571,3.571428571428571,21.428571428571427,21.428571428571427,"PLUG, W/HEAD STRAIGHT SCREW",300.0,（株）杉浦製作所,1.0,2.0,1.06,1Y,TP331ﾌﾀﾅｼ,0.012,9.85,手配,29.0,2.545,1.022298850574713,1.522701149425287,20880.0,33.364000000000004,43.804,0.62
28,35198ECE010,0.0,0.0,11.11111111111111,11.11111111111111,11.11111111111111,11.11111111111111,22.22222222222222,22.22222222222222,"PLUG, W/HEAD STRAIGHT SCREW",500.0,（株）青山製作所,1.0,6.0,5.76,1Y,TP331ﾌﾀﾅｼ,0.012,11.97,手配,27.0,1.65,0.9822988505747122,0.6677011494252877,10440.0,31.276,41.716,0.58
29,35300ECB010,0.0,0.0,0.0,0.0,0.0,0.0,7.266009852216748,7.266009852216748,"COOLER ASSY, OIL",4.0,マレリ（株）,1.0,2.0,3.92,1Y,TP331.5ﾌﾀｱﾘ,0.017,0.019,手配,812.0,2.225,0.9505622920914124,1.2744377079085876,18638.0,1416.381666666667,1494.0400000000002,0.91
30,35312ECB010,0.0,0.0,10.989010989010989,7.6923076923076925,10.989010989010989,9.89010989010989,32.967032967032964,32.967032967032964,"COOLER ASSY, OIL",4.0,マレリ（株）,1.0,2.0,3.92,1Y,TP331.5ﾌﾀｱﾘ,0.019,0.019,手配,91.0,1.31,0.7513808245913647,0.5586191754086354,8198.0,77.77492063492063,103.80031746031746,0.59
31,35352ECB010,0.0,0.0,50.0,0.0,25.0,0.0,25.0,25.0,"COOLER ASSY, OIL",4.0,マレリ（株）,1.0,2.0,3.92,1Y,TP331.5ﾌﾀｱﾘ,0.019,0.019,手配,4.0,1.6850000000000005,1.9310465967309096,-0.24604659673090912,8198.0,11.41015873015873,14.663333333333334,0.64
32,3539450A010,0.0,50.0,0.0,50.0,0.0,0.0,0.0,0.0,LABEL,500.0,（株）槌屋,1.0,1.0,2.33,1Y,TP131ﾌﾀﾅｼ,0.006,1.0,手配,2.0,2.2600000000000002,4.090191007618843,-1.830191007618843,37276.0,16.23298,19.96058,0.71
33,35409ECB010,0.0,0.0,9.523809523809524,4.761904761904762,14.285714285714285,9.523809523809524,19.047619047619047,19.047619047619047,LABEL,500.0,（株）槌屋,1.0,1.0,2.33,1Y,TP131ﾌﾀﾅｼ,0.006,1.0,手配,21.0,1.95,1.1723200780678211,0.7776799219321788,8198.0,28.053400000000003,36.251400000000004,0.66
34,35441ECB010,0.0,3.4615384615384617,9.230769230769232,9.230769230769232,10.0,7.307692307692308,22.692307692307693,22.692307692307693,LABEL,500.0,（株）槌屋,1.0,1.0,2.33,1Y,TP131ﾌﾀﾅｼ,0.006,1.0,手配,260.0,1.5,0.8322491683657061,0.6677508316342939,18638.0,263.15541666666667,340.81375,0.67
35,35441TFA010,0.0,1.9607843137254901,0.0,5.88235294117647,17.647058823529413,5.88235294117647,29.411764705882355,29.411764705882355,LABEL,1000.0,（株）槌屋,1.0,1.0,2.33,1Y,TP131ﾌﾀﾅｼ,0.006,1.5,手配,51.0,1.59,0.9261600390339103,0.6638399609660898,8198.0,55.92660000000001,72.32260000000001,0.67
36,3548255A010,0.0,0.0,29.411764705882355,5.88235294117647,11.76470588235294,17.647058823529413,23.52941176470588,23.52941176470588,LABEL,500.0,（株）槌屋,1.0,1.0,2.33,1Y,TP131ﾌﾀﾅｼ,0.006,1.0,手配,17.0,1.56,1.1734482758620683,0.3865517241379317,10440.0,20.835999999999995,27.795999999999996,0.57
37,35501ECB010,0.0,0.0,14.545454545454545,10.909090909090908,10.909090909090908,5.454545454545454,21.818181818181817,21.818181818181817,LABEL,500.0,（株）槌屋,1.0,1.0,2.33,1Y,TP131ﾌﾀﾅｼ,0.006,1.0,手配,55.0,1.3999999999999997,0.85616003903391,0.5438399609660897,8198.0,50.188,66.584,0.6
38,35505ECB010,0.37453183520599254,7.490636704119851,10.112359550561797,21.34831460674157,13.48314606741573,19.850187265917604,14.981273408239701,14.981273408239701,LABEL,500.0,（株）槌屋,1.0,1.0,2.33,1Y,TP131ﾌﾀﾅｼ,0.006,1.0,手配,267.0,0.9699999999999998,0.8714784093681375,0.09852159063186228,8198.0,277.6825,311.8408333333333,0.81
39,35556ECB010,0.0,2.0,14.000000000000002,8.0,14.000000000000002,26.0,24.0,24.0,LABEL,500.0,（株）槌屋,1.0,1.0,2.33,1Y,TP131ﾌﾀﾅｼ,0.006,1.0,手配,54.0,1.395,1.0061600390339103,0.38883996096608975,8198.0,62.485,70.68299999999999,0.75
40,35557ECB010,0.0,2.6785714285714284,16.964285714285715,8.928571428571429,13.392857142857142,13.392857142857142,26.785714285714285,26.785714285714285,"TUBE, TRANSMISSION OIL PAN",350.0,（株）ニフコ,1.0,1.0,2.14,1Y,TP331ﾌﾀﾅｼ,0.006,1.5,手配,125.0,1.44,1.0078336179555978,0.43216638204440216,8198.0,159.61347826086956,177.43521739130435,0.89
41,35580ECB011,0.0,0.0,1.566265060240964,5.903614457831325,14.819277108433734,15.542168674698795,37.95180722891566,37.95180722891566,"CASE, TRANSAXLE",6.0,（株）アイシン福井,1.0,24.0,19.68,1Y,Aﾊﾟﾚﾌﾀﾅｼ,0.68,72.0,手配,832.0,1.5749999999999997,0.9461144321093115,0.6288855678906883,8197.0,1232.5500000000002,1300.8583333333336,0.9
42,35595ECB010,0.0,0.0,1.25,14.374999999999998,16.875,9.375,31.874999999999996,31.874999999999996,"CASE, TRANSAXLE",16.0,（株）アイシン福井,1.0,24.0,19.68,1Y,Aﾊﾟﾚﾌﾀﾅｼ,0.68,164.53599999999997,手配,160.0,1.0749999999999997,0.6724640156135664,0.40253598438643334,8198.0,117.82149999999999,158.8115,0.57
43,3559850A010,0.0,0.0,18.96551724137931,24.137931034482758,17.24137931034483,13.793103448275861,13.793103448275861,13.793103448275861,"(CA), TRANSAXLE CASE",20.0,アイシン軽金属（株）,1.0,1.0,1.0,1Y,,0.0,0.0,直送,58.0,1.3300000000000003,1.1561600390339117,0.17383996096608856,8198.0,74.78200000000001,82.98000000000002,0.9
44,35771ECB010,0.18094089264173704,18.455971049457176,35.343787696019305,28.166465621230397,9.529553679131483,4.704463208685163,2.4728588661037394,2.4728588661037394,"(CA), TRANSAXLE CASE",20.0,アイシン軽金属（株）,1.0,1.0,1.0,1Y,,0.0,0.0,直送,1709.0,0.5900000000000001,0.8207392046840607,-0.23073920468406062,8198.0,1601.6100000000001,1669.9266666666667,0.79
45,35771ECE010,0.23166023166023164,17.915057915057915,25.637065637065636,14.131274131274132,12.895752895752896,6.94980694980695,9.266409266409266,9.266409266409266,"(CA), TRANSAXLE CASE",36.0,アイシン軽金属（株）,1.0,1.0,1.0,1Y,,0.0,0.0,直送,1336.0,0.7,0.814137931034476,-0.114137931034476,10440.0,1359.2,1417.2,0.79
46,35847ECB010,0.0,0.0,3.8461538461538463,6.41025641025641,14.102564102564102,11.538461538461538,17.94871794871795,17.94871794871795,"(CA), TRANSAXLE CASE",36.0,アイシン軽金属（株）,1.0,1.0,1.0,1Y,,0.0,0.0,直送,90.0,1.3999999999999997,0.7149280312271297,0.68507196877287,8198.0,53.262249999999995,73.75725,0.51
47,35847ECB020,1.2987012987012987,1.2987012987012987,6.493506493506493,7.792207792207792,9.090909090909092,15.584415584415584,19.480519480519483,19.480519480519483,"(CA), TRANSAXLE CASE",15.0,アイシン軽金属（株）,1.0,1.0,1.0,1Y,,0.462,178.0,直送,89.0,1.1900000000000004,0.6793120273237386,0.5106879726762618,8198.0,59.55714285714286,82.98,0.5
48,35847ECE010,0.0,0.0,3.048780487804878,1.2195121951219512,7.317073170731707,8.536585365853659,10.975609756097562,10.975609756097562,"CASE, TRANSAXLE",20.0,（株）アイシン福井,1.0,24.0,19.68,1Y,Aﾊﾟﾚﾌﾀﾅｼ,0.68,165.78,手配,190.0,1.67,0.580459770114942,1.089540229885058,10440.0,131.5,183.7,0.5
49,35847ECE020,0.0,0.0,2.941176470588235,0.9803921568627451,4.901960784313726,10.784313725490197,13.725490196078432,13.725490196078432,"PLATE, OIL",150.0,三共鋼業（株）,1.0,1.0,1.74,1Y,TP131ﾌﾀﾅｼ,0.006,1.7,手配,120.0,1.7399999999999998,0.6106896551724145,1.1293103448275854,10440.0,86.26,121.06,0.49
50,35882ECB010,0.0,0.8,6.4,1.6,12.0,8.799999999999999,20.0,20.0,"PLATE, OIL",100.0,サトープレス工業（株）,1.0,1.0,1.78,1Y,AW131ﾌﾀﾅｼ,0.006,4.63,手配,144.0,1.29,0.6280800195169565,0.6619199804830436,8198.0,82.98,115.772,0.5
51,36108ECB010,0.0,6.451612903225806,3.225806451612903,12.903225806451612,16.129032258064516,19.35483870967742,19.35483870967742,19.35483870967742,"PLATE, OIL",100.0,三共鋼業（株）,1.0,1.0,1.74,1Y,TP131ﾌﾀﾅｼ,0.006,4.63,手配,31.0,1.41,1.024240058550866,0.38575994144913395,8198.0,35.97813333333334,46.90880000000001,0.64
52,39171ECB010,1.8867924528301887,14.150943396226415,28.30188679245283,25.471698113207548,10.377358490566039,11.320754716981133,1.8867924528301887,1.8867924528301887,"PLATE, OIL",100.0,三共鋼業（株）,1.0,1.0,1.74,1Y,TP131ﾌﾀﾅｼ,0.006,3.61,手配,320.0,0.57,0.742956818736276,-0.172956818736276,8198.0,320.6725,324.9422916666667,0.62
53,39171ECE010,0.0,0.0,3.1578947368421053,5.263157894736842,34.73684210526316,30.526315789473685,20.0,20.0,"PLATE, OIL",100.0,（株）浅賀井製作所,1.0,4.0,6.88,1Y,TP331ﾌﾀﾅｼ,0.012,1.2,手配,192.0,0.97,0.7506896551724143,0.2193103448275857,10440.0,331.86,336.21000000000004,0.63
54,41310ECB010,0.0,3.403863845446182,12.84881938055811,22.75375651640601,30.818767249310024,15.302054584483288,10.9475620975161,10.9475620975161,"PLATE, TRANSMISSION CASE",200.0,（株）松尾製作所,1.0,1.0,1.21,1Y,TP131ﾌﾀﾅｼ,0.006,1.53,手配,3372.0,0.77,0.700246401561345,0.06975359843865503,8198.0,2830.31,3035.2599999999998,0.69
55,41310ECE010,0.0,0.9806520010601644,2.862443678770209,6.8380598992843895,17.2806785051683,17.360190829578585,35.32997614630268,35.32997614630268,"PLATE, OIL RESERVOIR LOCK",30.0,（株）浅賀井製作所,1.0,4.0,6.88,1Y,TP332ﾌﾀﾅｼ,0.022000000000000002,2.3,手配,3908.0,1.1,0.7120689655172496,0.38793103448275046,10440.0,3656.9999999999995,3917.9999999999995,0.7
56,5040056001E,0.0,2.0618556701030926,8.24742268041237,14.432989690721648,13.402061855670103,8.24742268041237,36.08247422680412,36.08247422680412,"PLATE, OIL RESERVOIR LOCK",20.0,（株）浅賀井製作所,1.0,4.0,6.88,1Y,TP332ﾌﾀﾅｼ,0.022000000000000002,3.52,手配,97.0,1.6099999999999994,1.0410880702610397,0.5689119297389598,40990.0,82.24733333333333,109.574,0.58
57,82125ECB010,0.0,0.0,3.4482758620689653,13.793103448275861,8.620689655172415,12.068965517241379,27.586206896551722,27.586206896551722,"PLATE, OIL RESERVOIR LOCK",40.0,（株）浅賀井製作所,1.0,4.0,6.88,1Y,TP332ﾌﾀﾅｼ,0.022000000000000002,4.85,手配,58.0,1.545,0.8361600390339112,0.7088399609660887,8198.0,48.5484,64.9444,0.58
58,82125ECE010,0.0,1.4285714285714286,4.285714285714286,12.857142857142856,8.571428571428571,8.571428571428571,18.571428571428573,18.571428571428573,"PLATE, OIL RESERVOIR LOCK",90.0,（株）浅賀井製作所,1.0,4.0,6.88,1Y,TP331ﾌﾀﾅｼ,0.012,1.795,手配,70.0,1.4249999999999998,0.781149425287355,0.6438505747126448,10440.0,61.552,82.432,0.58
59,82821CWA030,0.0,0.0,2.272727272727273,4.545454545454546,2.272727272727273,2.272727272727273,18.181818181818183,18.181818181818183,"CLAMP, TRANSAXLE APPLY TUBE, NO.1",600.0,中庸スプリング（株）,1.0,2.0,2.34,1Y,AW131ﾌﾀﾅｼ,0.006,3.7,手配,44.0,2.73,1.1090597831920157,1.6209402168079843,18634.0,78.33109999999999,87.6481,0.83
60,82821ECB010,0.0,0.0,0.0,5.555555555555555,16.666666666666664,22.22222222222222,22.22222222222222,22.22222222222222,"CLAMP, TUBE",400.0,三共鋼業（株）,1.0,1.0,1.74,1Y,TP131ﾌﾀﾅｼ,0.006,3.44,手配,18.0,2.375,1.3879997853846975,0.9870002146153025,18638.0,39.673849999999995,44.333349999999996,0.83
61,82821ECB020,0.0,0.0,2.4390243902439024,0.0,0.0,2.4390243902439024,26.82926829268293,26.82926829268293,"CLAMP, TRANSAXLE APPLY TUBE, NO.1",400.0,三共鋼業（株）,1.0,1.0,1.74,1Y,TP131ﾌﾀﾅｼ,0.006,3.88,手配,41.0,2.7700000000000005,1.1489998926923497,1.6210001073076508,18638.0,82.0753,91.3943,0.87
62,82821ECB040,0.0,0.0,5.660377358490567,11.320754716981133,7.547169811320755,32.075471698113205,28.30188679245283,28.30188679245283,"BRACKET, WIRE HARNESS CLAMP",200.0,サトープレス工業（株）,1.0,1.0,1.78,1Y,TP331ﾌﾀﾅｼ,0.012,5.28,手配,53.0,1.66,1.1471505245181748,0.5128494754818251,8198.0,69.0434,77.2414,0.83
63,82821ECB050,0.0,0.0,1.0,3.0,2.0,3.0,10.0,10.0,"PLATE, OIL GUIDE",100.0,三共鋼業（株）,1.0,1.0,1.74,1Y,TP131ﾌﾀﾅｼ,0.012,3.6,手配,100.0,2.565,0.9695298915960073,1.5954701084039926,18634.0,155.66219999999998,174.2962,0.83
64,82821ECE010,0.0,0.0,1.639344262295082,0.0,0.0,0.0,0.0,0.0,"CLAMP, SOLENOID",500.0,三共鋼業（株）,1.0,1.0,1.74,1Y,TP131ﾌﾀﾅｼ,0.006,2.5,手配,61.0,3.75,1.1705843471596895,2.5794156528403107,10439.0,224.39460000000003,245.2726,1.07
65,82821XAE010,0.0,0.0,1.0526315789473684,0.0,0.0,0.0,6.315789473684211,6.315789473684211,"DAMPER, RUBBER",120.0,日昌（株）,1.0,1.0,1.0,1Y,,0.0,0.0,直送,95.0,2.6700000000000004,1.0094999463461722,1.6605000536538281,18638.0,163.1506,181.7886,0.87
66,82821XAE020,0.0,0.0,0.0,22.22222222222222,33.33333333333333,44.44444444444444,0.0,0.0,"DAMPER, RUBBER",120.0,日昌（株）,1.0,1.0,1.0,1Y,,0.0,0.0,直送,9.0,2.2500000000000004,2.0786020980727007,0.17139790192729976,8198.0,17.60095,19.65045,0.81
67,82824ECB010,0.0,0.975609756097561,1.951219512195122,13.658536585365855,14.146341463414632,10.24390243902439,36.09756097560975,36.09756097560975,"DAMPER, RUBBER",30.0,日昌（株）,1.0,1.0,1.0,1Y,,0.0,0.0,直送,205.0,1.05,0.6519712124908501,0.39802878750914994,8198.0,147.026875,198.26437499999997,0.57
68,82824ECB020,0.0,0.0,1.1142061281337048,5.8495821727019495,10.30640668523677,11.977715877437326,21.16991643454039,21.16991643454039,"DAMPER, RUBBER",30.0,日昌（株）,1.0,1.0,1.0,1Y,,0.0,0.0,直送,359.0,1.2400000000000002,0.6250692134349203,0.6149307865650799,18638.0,271.251,364.441,0.58
69,82824ECE010,0.0,0.5555555555555556,3.3333333333333335,7.777777777777778,6.111111111111111,6.111111111111111,12.777777777777777,12.777777777777777,"PUMP ASSY, OIL W/MOTOR",12.0,アイシン精機（株）,1.0,4.0,8.04,1Y,TP341ﾌﾀﾅｼ,0.017,6.97,手配,180.0,1.06,0.45051724137931076,0.6094827586206892,10440.0,84.52,130.92,0.36
70,9010506A003,0.0,0.0,0.0,25.0,0.0,50.0,25.0,25.0,"COVER, TRANSMISSION, OIL PUMP",63.0,（株）旭工業所,1.0,1.0,1.9,1Y,TP331ﾌﾀｱﾘ,0.013999999999999999,4.718,手配,5.0,2.4400000000000004,1.8008001951695536,0.6391998048304468,32792.0,9.525920000000001,10.072453333333334,0.52
71,9010506A089,0.0,0.0,28.57142857142857,42.857142857142854,28.57142857142857,0.0,0.0,0.0,"(CA), TRANSMISSION OIL PUMP COVER",200.0,ダイキャスト東和産業（株）,1.0,1.0,1.0,1Y,,0.0,0.0,直送,8.0,2.9200000000000004,3.035143255714132,-0.11514325571413142,37276.0,15.425333333333333,16.253688888888888,0.5
72,9010508A014,0.0,0.0,0.09208103130755065,1.841620626151013,10.865561694290976,27.992633517495396,47.974217311233886,47.974217311233886,"(CA), TRANSMISSION OIL PUMP COVER",200.0,ダイキャスト東和産業（株）,1.0,1.0,1.0,1Y,,0.0,0.0,直送,1110.0,0.92,0.5847106581692723,0.3352893418307278,704530.0,763.8924000000001,810.8610666666667,0.54
73,9010508A042,0.0,4.761904761904762,9.523809523809524,30.476190476190478,19.047619047619047,20.0,10.476190476190476,10.476190476190476,"ROTOR, TRANSMISSION OIL PUMP DRIVE",704.0,五興商事（株）,1.0,1.0,1.0,1Y,,0.0,0.0,直送,108.0,0.72,0.6836960234203469,0.03630397657965312,40990.0,73.41566666666667,77.97011111111111,0.53
74,9010512A018,0.0,1.065891472868217,14.244186046511627,33.91472868217054,30.426356589147286,15.69767441860465,3.9728682170542635,3.9728682170542635,"ROTOR, TRANSMISSION OIL PUMP DRIVEN",504.0,五興商事（株）,1.0,1.0,1.97,1Y,TP331ﾌﾀｱﾘ,0.013999999999999999,9.96,手配,1050.0,0.7899999999999998,0.7891327676566088,0.0008672323433910334,256448.0,951.8576,994.5989333333334,0.74
75,9011906908,0.0,100.0,0.0,0.0,0.0,0.0,0.0,0.0,"MAGNET, OIL CLEANER",2000.0,ミズショー（株）,1.0,1.0,1.88,1Y,ｻﾝﾎﾞｯｸｽC-3ﾌﾀﾅｼ,0.011000000000000001,8.717,手配,5.0,1.76,5.235185571620212,-3.4751855716202122,26836.0,10.24572,10.692986666666666,0.54
76,9011906A065,0.0,0.0,2.857142857142857,0.0,2.857142857142857,31.428571428571427,37.142857142857146,37.142857142857146,"SPRING SUB-ASSY, MANUAL DETENT",150.0,サンコール（株）,1.0,1.0,2.26,1Y,TP131ﾌﾀﾅｼ,0.006,2.6,手配,35.0,1.4999999999999998,0.9055767786243154,0.5944232213756844,55914.0,30.634420000000002,32.49822,0.53
77,9014908A008,0.0,0.0,9.523809523809524,26.190476190476193,4.761904761904762,16.666666666666664,9.523809523809524,9.523809523809524,"SPRING SUB-ASSY, MANUAL DETENT",200.0,サンコール（株）,1.0,1.0,2.26,1Y,TP131ﾌﾀﾅｼ,0.006,2.6,手配,43.0,1.1349999999999998,0.8204614228994526,0.3145385771005472,55914.0,37.3441,39.673849999999995,0.52
78,9015905A007,0.0,7.142857142857142,28.57142857142857,14.285714285714285,25.0,17.857142857142858,3.571428571428571,3.571428571428571,"STRAINER, OIL",48.0,（株）ニフコ,1.0,1.0,2.14,1Y,TP331ﾌﾀﾅｼ,0.012,0.75,手配,29.0,1.69,1.6569722013523671,0.03302779864763283,111804.0,32.628060000000005,34.491460000000004,0.53
79,9015906A021,0.0,7.6923076923076925,16.483516483516482,20.87912087912088,14.285714285714285,17.582417582417584,16.483516483516482,16.483516483516482,"STRAINER, OIL",100.0,（株）ニフコ,1.0,1.0,2.14,1Y,TP331ﾌﾀﾅｼ,0.012,0.69,手配,95.0,1.11,1.00070809064781,0.10929190935219002,157268.0,71.14946666666667,75.51802222222223,0.52
80,9015906A022,0.0,2.1739130434782608,5.072463768115942,10.869565217391305,18.84057971014493,37.68115942028986,21.73913043478261,21.73913043478261,"CLAMP, TEMPERATURE SENSOR",300.0,サトープレス工業（株）,1.0,1.0,1.78,1Y,AW131ﾌﾀﾅｼ,0.006,4.74,手配,142.0,1.1349999999999998,0.8480553766902793,0.2869446233097205,279540.0,98.04360000000001,104.25560000000002,0.51
81,9015906A023,0.0,0.0,25.0,6.25,31.25,25.0,6.25,6.25,"CLAMP, TEMPERATURE SENSOR",1000.0,サトープレス工業（株）,1.0,1.0,1.78,1Y,AW131ﾌﾀﾅｼ,0.006,10.42,手配,17.0,2.315,1.9850638617580776,0.32993613824192236,55902.0,25.3608,26.794184615384616,0.52
82,9020150A002,0.0,5.405405405405405,8.108108108108109,16.216216216216218,13.513513513513514,10.81081081081081,18.91891891891892,18.91891891891892,"ROD SUB-ASSY, PARKING LOCK",100.0,大橋鉄工（株）,1.0,1.0,1.38,1Y,TP331ﾌﾀﾅｼ,0.011000000000000001,7.01,手配,42.0,1.37,0.9861600390339113,0.38383996096608886,8198.0,60.8454,77.2414,0.73
83,9020156A001,0.0,3.0303030303030303,9.090909090909092,15.151515151515152,6.0606060606060606,24.242424242424242,21.21212121212121,21.21212121212121,"ROD SUB-ASSY, PARKING LOCK",100.0,大橋鉄工（株）,1.0,1.0,1.38,1Y,TP331ﾌﾀﾅｼ,0.011000000000000001,5.837000000000001,手配,40.0,1.37,1.0061600390339114,0.3638399609660887,8198.0,62.485,78.881,0.75
84,9020156A002,0.0,2.2222222222222223,13.333333333333334,11.11111111111111,24.444444444444443,15.555555555555555,17.77777777777778,17.77777777777778,"LEVER SUB-ASSY, PARKING LOCK",60.0,中庸スプリング（株）,1.0,2.0,2.34,1Y,TP131ﾌﾀﾅｼ,0.013000000000000001,4.7,手配,58.0,1.14,0.9311494252873564,0.20885057471264346,10440.0,77.212,98.092,0.73
85,9025006A007,0.0,0.0,4.545454545454546,15.909090909090908,31.818181818181817,9.090909090909092,25.0,25.0,"LEVER SUB-ASSY, PARKING LOCK",24.0,中庸スプリング（株）,1.0,2.0,2.34,1Y,TP131ﾌﾀﾅｼ,0.009000000000000001,2.45,手配,47.0,1.225,1.0161600390339112,0.20883996096608892,16396.0,63.30480000000001,71.50280000000001,0.76
86,9030106A018,0.0,16.0,28.000000000000004,12.0,12.0,16.0,4.0,4.0,"SHAFT, PARKING LOCK PAWL",100.0,（株）ギフ加藤製作所,1.0,2.0,3.8,1Y,AW131ﾌﾀﾅｼ,0.005,7.0,手配,25.0,1.56,1.8308530853488796,-0.27085308534887953,99146.0,30.760880000000004,35.718180000000004,0.56
87,9030111A014,0.0,0.0,10.714285714285714,17.857142857142858,12.5,19.642857142857142,21.428571428571427,21.428571428571427,"PAWL, PARKING LOCK",56.0,小川工業（株）,1.0,2.0,4.94,1Y,TP131ﾌﾀﾅｼ,0.006,7.95,手配,56.0,1.7600000000000002,1.2360382015237688,0.5239617984762315,93190.0,55.186400000000006,64.50540000000001,0.56
88,9030115A011,0.0,25.0,0.0,12.5,37.5,12.5,12.5,12.5,"PAWL, PARKING LOCK",46.0,小川工業（株）,1.0,2.0,4.94,1Y,TP131ﾌﾀﾅｼ,0.006,9.466000000000001,手配,8.0,1.685,1.5657471264367815,0.11925287356321856,20880.0,12.6928,14.7808,0.56
89,9030117A010,22.22222222222222,11.11111111111111,33.33333333333333,22.22222222222222,11.11111111111111,0.0,0.0,0.0,"SHAFT, PARKING LOCK, NO.1",100.0,（株）浜名製作所,1.0,2.0,4.66,1Y,TP131,0.006,7.76,手配,9.0,1.85,2.8875927858101065,-1.0375927858101064,26836.0,17.49144,20.175040000000003,0.54
90,9030119A010,0.0,12.5,0.0,0.0,50.0,0.0,37.5,37.5,"SHAFT, PARKING LOCK, NO.1",100.0,（株）浜名製作所,1.0,1.0,1.0,1Y,,0.0,0.0,直送,8.0,1.85,1.5857471264367815,0.2642528735632186,20880.0,13.110399999999998,15.1984,0.58
91,9030119A011,0.0,0.0,3.4482758620689653,22.413793103448278,13.793103448275861,8.620689655172415,27.586206896551722,27.586206896551722,"ACTUATOR ASSY, SHIFT CONTROL",6.0,アイシン精機（株）,1.0,4.0,8.04,1Y,TP342ﾌﾀｱﾘ,0.036000000000000004,10.68,手配,58.0,1.2100000000000002,0.7961600390339096,0.41383996096609055,16396.0,45.269200000000005,53.467200000000005,0.54
92,9031150A014,0.0,0.0,1.1428571428571428,8.571428571428571,14.857142857142858,21.142857142857142,30.857142857142854,30.857142857142854,"ACTUATOR ASSY, SHIFT CONTROL",6.0,アイシン精機（株）,1.0,4.0,8.04,1Y,TP342ﾌﾀｱﾘ,0.036000000000000004,10.68,手配,175.0,1.0100000000000002,0.6346453482133264,0.3753546517866738,18638.0,120.8157142857143,143.00380952380954,0.54
93,9031150A015,0.0,0.0,0.5649717514124294,10.734463276836157,19.774011299435028,23.163841807909606,24.293785310734464,24.293785310734464,"ACTUATOR ASSY, SHIFT CONTROL",6.0,アイシン精機（株）,1.0,4.0,8.04,1Y,TP342ﾌﾀｱﾘ,0.036000000000000004,10.68,手配,177.0,0.8800000000000001,0.6246453482133305,0.2553546517866696,18638.0,118.59690476190477,140.785,0.53
94,9033904A002,0.0,0.0,0.0,14.285714285714285,28.57142857142857,14.285714285714285,14.285714285714285,14.285714285714285,"BRACKET, PARKING LOCK PAWL",40.0,サトープレス工業（株）,1.0,1.0,1.78,1Y,TP331ﾌﾀﾅｼ,0.006,2.47,手配,7.0,2.25,1.7367303358729482,0.5132696641270518,18638.0,12.36918,16.09678,0.61
95,9034108A006,0.0,12.76595744680851,17.02127659574468,19.148936170212767,10.638297872340425,4.25531914893617,23.404255319148938,23.404255319148938,"BRACKET, PARKING LOCK PAWL",40.0,サトープレス工業（株）,1.0,1.0,1.78,1Y,TP331ﾌﾀﾅｼ,0.012,2.47,手配,47.0,1.3199999999999998,1.2913293051359527,0.028670694864047164,82750.0,46.8575,55.1325,0.53
96,9034108A010,0.0,0.0,40.0,20.0,20.0,20.0,0.0,0.0,"PIN SUB-ASSY, PARKING LOCK",100.0,アイコー（株）,1.0,2.0,3.92,1Y,TP131ﾌﾀﾅｼ,0.006,3.86,手配,5.0,1.5500000000000007,1.7508001951695538,-0.20080019516955305,16396.0,8.70612,10.34572,0.47
97,9034114A004,0.0,0.0,28.57142857142857,14.285714285714285,0.0,42.857142857142854,14.285714285714285,14.285714285714285,"COVER, DETENT SPRING",200.0,サンコール（株）,1.0,1.0,2.26,1Y,TP131ﾌﾀﾅｼ,0.006,2.6,手配,7.0,2.24,1.780800195169554,0.4591998048304462,8198.0,9.198,9.744533333333333,0.5
98,9034118060,0.0,0.0,0.0,0.0,11.11111111111111,11.11111111111111,33.33333333333333,33.33333333333333,"SHAFT, OUTPUT",4.0,アイシン機工（株）,1.0,6.0,4.92,1Y,TP341ﾌﾀﾅｼ,0.017,10.5,手配,9.0,2.5900000000000007,1.3434482758620694,1.2465517241379314,10440.0,26.752,33.711999999999996,0.74
99,9034118090,0.0,8.571428571428571,0.0,22.857142857142858,20.0,22.857142857142858,17.142857142857142,17.142857142857142,"SHAFT, OUTPUT",6.0,アイシン機工（株）,1.0,6.0,4.92,1Y,TP341ﾌﾀﾅｼ,0.017,9.6,手配,35.0,1.92,1.5540573022856543,0.3659426977143456,18638.0,36.5484,42.761066666666665,0.54
100,9034118A024,0.0,8.333333333333332,12.5,16.666666666666664,12.5,12.5,29.166666666666668,29.166666666666668,"(FO), OUTPUT SHAFT",64.0,愛知製鋼（株）,1.0,1.0,1.0,1Y,,0.0,0.0,直送,25.0,2.085,1.7268965517241384,0.3581034482758616,10440.0,30.144000000000002,31.884,0.52
101,9036324A003,0.0,1.3986013986013985,10.48951048951049,31.11888111888112,29.72027972027972,18.88111888111888,8.391608391608392,8.391608391608392,"(FO), OUTPUT SHAFT",64.0,愛知製鋼（株）,1.0,1.0,1.0,1Y,,0.0,0.0,直送,298.0,0.8300000000000001,0.7963552085874636,0.03364479141253651,8198.0,273.02454545454543,282.3404545454545,0.74
102,9036324A004,0.0,1.2875536480686696,7.510729613733906,13.519313304721031,25.321888412017167,33.69098712446352,13.090128755364807,13.090128755364807,"TUBE, TRANSAXLE LUBE APPLY",80.0,（株）メタルテック,1.0,1.0,1.9,1Y,TP332ﾌﾀﾅｼ,0.022000000000000002,2.9,手配,488.0,0.98,0.7738019100761967,0.20619808992380328,18638.0,454.52466666666663,470.0563333333333,0.74
103,9036324A005,0.0,0.0,1.1594202898550725,5.797101449275362,13.91304347826087,37.391304347826086,33.6231884057971,33.6231884057971,"TUBE, TRANSAXLE LUBE APPLY",70.0,（株）メタルテック,1.0,1.0,1.9,1Y,TP332ﾌﾀﾅｼ,0.022000000000000002,2.74,手配,363.0,1.06,0.734252873563214,0.32574712643678605,10440.0,323.69090909090914,335.5545454545455,0.69
104,9036340A010,0.0,0.0,3.3639143730886847,14.067278287461773,28.74617737003058,29.357798165137616,19.571865443425075,19.571865443425075,"TUBE, TRANSAXLE LUBE APPLY",40.0,（株）メタルテック,1.0,1.0,1.9,1Y,TP332ﾌﾀﾅｼ,0.022000000000000002,3.3,手配,342.0,1.13,0.8752076403047545,0.2547923596952454,37276.0,343.14349999999996,354.79224999999997,0.74
105,9036345A004,0.0,0.0,3.90625,7.8125,6.25,6.25,30.46875,30.46875,"TUBE, TRANSAXLE LUBE APPLY",60.0,（株）メタルテック,1.0,1.0,1.9,1Y,TP332ﾌﾀﾅｼ,0.022000000000000002,3.5,手配,128.0,1.3749999999999998,0.7414057302285644,0.6335942697714354,18638.0,133.5368888888889,174.9546666666667,0.64
106,9036628A005,0.0,0.0,0.9615384615384616,7.6923076923076925,16.346153846153847,11.538461538461538,19.230769230769234,19.230769230769234,"TUBE, DIFFERENTIAL GEAR LUBE APPLY",50.0,（株）メタルテック,1.0,1.0,1.9,1Y,TP332ﾌﾀﾅｼ,0.022000000000000002,2.5,手配,104.0,1.3400000000000003,0.7736960234203465,0.5663039765796538,8198.0,85.71266666666666,113.03933333333333,0.62
107,9036628A006,0.0,0.0,0.0,4.166666666666666,8.333333333333332,13.88888888888889,23.61111111111111,23.61111111111111,"SHAFT SUB-ASSY, OIL PUMP DRIVE",150.0,（株）オーハシテクニカ,1.0,1.0,1.97,1Y,TP331.5ﾌﾀﾅｼ,0.017,6.85,手配,72.0,1.6500000000000001,0.8249280312271295,0.8250719687728706,8198.0,64.5345,85.0295,0.62
108,9036628A007,0.0,0.0,0.0,4.0,6.0,5.0,25.0,25.0,CAP,1000.0,（株）青山製作所,1.0,1.0,1.0,1Y,,0.0,0.0,直送,100.0,1.66,0.7148275862068956,0.9451724137931043,10440.0,83.64999999999999,112.64999999999999,0.57
109,9036628A008,0.0,0.0,0.0,1.4492753623188406,5.797101449275362,8.695652173913043,14.492753623188406,14.492753623188406,CAP,2000.0,イワタボルト（株）,1.0,1.0,1.0,1Y,,0.0,0.0,直送,69.0,1.79,0.7811494252873551,1.0088505747126448,10440.0,61.552,82.432,0.58
110,9036630A017,0.0,0.0,0.0,3.6458333333333335,8.854166666666668,4.6875,29.166666666666668,29.166666666666668,"COVER, MOTOR HOUSING",36.0,（株）アイシン福井,1.0,24.0,19.68,1Y,Aﾊﾟﾚﾌﾀﾅｼ,0.68,140.0,手配,193.0,1.4900000000000007,0.6811245841828532,0.8088754158171475,18638.0,156.31666666666663,208.08888888888885,0.6
111,9036630A018,0.0,0.0,0.0,1.5189873417721518,0.5063291139240507,10.379746835443038,24.556962025316455,24.556962025316455,"COVER, MOTOR HOUSING",16.0,（株）アイシン福井,1.0,24.0,19.68,1Y,Aﾊﾟﾚﾌﾀﾅｼ,0.68,137.704,手配,396.0,1.12,0.46844725828951983,0.6515527417104803,18638.0,169.76105263157896,267.85578947368424,0.34
112,9036652A003,0.0,0.0,0.0,4.132231404958678,5.785123966942149,3.3057851239669422,19.00826446280992,19.00826446280992,"(CA), MOTOR HOUSING COVER",30.0,アイシン軽金属（株）,1.0,1.0,1.0,1Y,,0.0,0.0,直送,121.0,1.6800000000000006,0.6906896551724149,0.9893103448275857,10440.0,100.17999999999999,134.98,0.57
113,9036652A004,0.0,0.0,0.0,0.8264462809917356,4.958677685950414,7.43801652892562,23.140495867768596,23.140495867768596,"(CA), MOTOR HOUSING COVER",30.0,アイシン軽金属（株）,1.0,1.0,1.0,1Y,,0.0,0.0,直送,121.0,1.6400000000000006,0.6967241379310334,0.9432758620689672,10440.0,95.45714285714286,128.6,0.57
114,9036658A001,0.0,0.0,0.7042253521126761,6.338028169014084,15.492957746478872,10.56338028169014,40.140845070422536,40.140845070422536,"(CA), MOTOR HOUSING COVER",35.0,アイシン軽金属（株）,1.0,1.0,1.0,1Y,,0.0,0.0,直送,143.0,1.1350000000000007,0.6852720175652581,0.44972798243474255,8198.0,104.84133333333332,141.2768888888889,0.57
115,9036658A002,0.0,0.0,0.0,2.857142857142857,12.571428571428573,12.571428571428573,40.57142857142857,40.57142857142857,"(CA), MOTOR HOUSING COVER",35.0,アイシン軽金属（株）,1.0,1.0,1.0,1Y,,0.0,0.0,直送,175.0,1.2400000000000002,0.6822176140522063,0.557782385947794,8198.0,135.35611111111112,180.90055555555557,0.59
116,9036659A009,0.0,0.0,0.5,4.5,12.0,17.25,16.5,16.5,"(CA), MOTOR HOUSING COVER",42.0,アイシン軽金属（株）,1.0,1.0,1.0,1Y,,0.462,217.0,直送,401.0,1.25,0.630562292091433,0.619437707908567,18638.0,306.45611111111106,410.0005555555555,0.59
117,9036659A010,0.0,0.0,0.7462686567164178,3.482587064676617,5.223880597014925,13.432835820895523,20.8955223880597,20.8955223880597,"COVER, MOTOR HOUSING",20.0,（株）アイシン福井,1.0,24.0,19.68,1Y,Aﾊﾟﾚﾌﾀﾅｼ,0.68,138.9,手配,402.0,1.3200000000000005,0.6305622920914331,0.6894377079085674,18638.0,306.45611111111106,410.0005555555555,0.59
118,9050827A011,4.761904761904762,19.047619047619047,4.761904761904762,19.047619047619047,19.047619047619047,0.0,14.285714285714285,14.285714285714285,"GEAR ASSY, DIFFERENTIAL",2.0,武蔵精密工業（株）,1.0,1.0,1.0,1Y,ｻﾝﾎﾞｯｸｽ＃24A,0.031,14.2,手配,23.0,1.4200000000000002,1.2923200780678212,0.12767992193217892,8198.0,32.9722,33.99695,0.78
119,9052409A003,0.0,0.0,0.0,0.0,66.66666666666666,0.0,33.33333333333333,33.33333333333333,"GEAR ASSY, DIFFERENTIAL",2.0,（株）オンド,1.0,4.0,4.0,1Y,ｻﾝﾎﾞｯｸｽ＃24Aﾌﾀｱﾘ,0.033,16.99,手配,3.0,2.4800000000000004,2.0608001951695543,0.41919980483044617,8198.0,13.78888,14.198780000000001,0.78
120,9056439A005,0.0,26.666666666666668,6.666666666666667,0.0,26.666666666666668,13.333333333333334,26.666666666666668,26.666666666666668,"GEAR ASSY, DIFFERENTIAL",2.0,（株）オンド,1.0,4.0,4.0,1Y,ｻﾝﾎﾞｯｸｽ＃24Aﾌﾀｱﾘ,0.033,14.51,手配,16.0,2.31,1.8925668449197852,0.41743315508021483,6545.0,63.868500000000004,76.9585,0.93
121,9056439A006,0.0,50.0,25.0,25.0,0.0,0.0,0.0,0.0,"CLAMP, TUBE",300.0,サトープレス工業（株）,1.0,1.0,1.78,1Y,AW131ﾌﾀﾅｼ,0.006,1.545,手配,9.0,1.8350000000000002,3.646688227684346,-1.811688227684346,2319.0,24.5667,29.204700000000003,0.93
122,9056450A002,4.0,44.0,44.0,8.0,0.0,0.0,0.0,0.0,"WIRE, TRANSMISSION",100.0,矢崎総業（株）,1.0,1.0,1.79,1Y,TP332ﾌﾀｱﾘ,0.024,9.3,手配,31.0,2.39,4.393441451346892,-2.0034414513468914,1819.0,19.916700000000002,23.554700000000004,0.93
123,9056451A087,100.0,0.0,0.0,0.0,0.0,0.0,0.0,0.0,"WIRE, TRANSMISSION",6.0,（株）ＢｌｕＥ　Ｎｅｘｕｓ,1.0,5.0,2.75,1Y,TP342ﾌﾀｱﾘ,0.022000000000000002,2.42,手配,1.0,2.93,20.74132075471698,-17.81132075471698,318.0,5.9574,6.5934,0.93
124,9056455A045,0.0,100.0,0.0,0.0,0.0,0.0,0.0,0.0,"WIRE, TRANSMISSION",100.0,矢崎総業（株）,1.0,1.0,1.79,1Y,TP332ﾌﾀｱﾘ,0.024,9.3,手配,2.0,2.91,7.028741529525653,-4.118741529525653,1033.0,12.606900000000001,14.672900000000002,0.93
125,9056457A136,0.0,0.0,50.0,50.0,0.0,0.0,0.0,0.0,"WIRE, TRANSMISSION",8.0,（株）ＢｌｕＥ　Ｎｅｘｕｓ,1.0,5.0,2.75,1Y,TP342ﾌﾀｱﾘ,0.036000000000000004,4.27,手配,2.0,2.895,4.12634703196347,-1.23134703196347,1971.0,21.3303,25.2723,0.93
126,9056457A137,44.44444444444444,44.44444444444444,11.11111111111111,0.0,0.0,0.0,0.0,0.0,"WIRE, TRANSMISSION",8.0,（株）ＢｌｕＥ　Ｎｅｘｕｓ,1.0,5.0,2.75,1Y,TP342ﾌﾀｱﾘ,0.036000000000000004,4.31,手配,11.0,1.83,7.155296442687749,-5.3252964426877485,1012.0,12.4116,14.4356,0.93
127,9056457A138,100.0,0.0,0.0,0.0,0.0,0.0,0.0,0.0,"WIRE, TRANSMISSION",100.0,矢崎総業（株）,1.0,1.0,1.79,1Y,TP332ﾌﾀｱﾘ,0.024,5.8,手配,3.0,2.14,23.922700729927012,-21.78270072992701,274.0,5.5482000000000005,6.0962000000000005,0.93
128,9056463A033,100.0,0.0,0.0,0.0,0.0,0.0,0.0,0.0,"WIRE, TRANSMISSION",6.0,（株）ＢｌｕＥ　Ｎｅｘｕｓ,1.0,5.0,2.75,1Y,TP332ﾌﾀｱﾘ,0.024,4.31,手配,5.0,2.89,23.922700729927012,-21.03270072992701,274.0,5.5482000000000005,6.0962000000000005,0.93
129,9056463A034,100.0,0.0,0.0,0.0,0.0,0.0,0.0,0.0,"WIRE, TRANSMISSION",6.0,（株）ＢｌｕＥ　Ｎｅｘｕｓ,1.0,5.0,2.75,1Y,TP332ﾌﾀｱﾘ,0.024,4.31,手配,11.0,2.19,57.18,-54.99,112.0,4.0416,4.2656,0.93
130,9056463A035,0.0,0.0,0.0,0.0,0.0,33.33333333333333,22.22222222222222,22.22222222222222,"WIRE, TRANSMISSION",6.0,（株）ＢｌｕＥ　Ｎｅｘｕｓ,1.0,5.0,2.75,1Y,TP332ﾌﾀｱﾘ,0.024,4.31,手配,11.0,1.61,0.9299999999999999,0.6800000000000002,0.0,3.0,3.0,0.93
131,9056463A036,0.0,0.0,0.0,0.0,20.0,60.0,0.0,0.0,"COVER, CONNECTOR",200.0,石黒ゴム工業（株）,1.0,2.0,3.64,1Y,TP332ﾌﾀﾅｼ,0.022000000000000002,1.42,手配,7.0,1.31,0.93,0.38,0.0,3.0,3.0,0.93
132,9093003179,0.0,0.0,7.6923076923076925,15.384615384615385,0.0,15.384615384615385,15.384615384615385,15.384615384615385,"COVER, CONNECTOR",400.0,石黒ゴム工業（株）,1.0,2.0,3.64,1Y,TP332ﾌﾀﾅｼ,0.022000000000000002,3.01,手配,13.0,2.17,1.1974997317308722,0.9725002682691277,18638.0,19.638,20.880533333333336,0.5
133,9094906A012,1.1627906976744187,6.976744186046512,11.627906976744185,13.953488372093023,17.441860465116278,16.27906976744186,19.767441860465116,19.767441860465116,"COVER, CONNECTOR",200.0,石黒ゴム工業（株）,1.0,2.0,3.64,1Y,TP131ﾌﾀﾅｼ,0.006,3.01,手配,86.0,1.34,1.0813276765660087,0.2586723234339914,64112.0,78.65216,91.47456,0.59
134,9155180614,0.0,16.216216216216218,18.91891891891892,18.91891891891892,8.108108108108109,18.91891891891892,18.91891891891892,18.91891891891892,"COVER, CONNECTOR",100.0,石黒ゴム工業（株）,1.0,2.0,3.64,1Y,TP342ﾌﾀﾅｼ,0.033,3.3,手配,38.0,1.5500000000000005,1.5790552843383028,-0.02905528433830229,90948.0,35.74128,37.76234666666667,0.54
135,9155180640,0.0,0.0,54.54545454545454,18.181818181818183,9.090909090909092,9.090909090909092,9.090909090909092,9.090909090909092,"COVER, CONNECTOR",100.0,石黒ゴム工業（株）,1.0,2.0,3.64,1Y,TP332ﾌﾀﾅｼ,0.022000000000000002,3.1,手配,12.0,1.5700000000000005,2.230095503809422,-0.6600955038094216,37276.0,23.129040000000003,24.371573333333338,0.54
136,9161140614,0.0,7.954545454545454,21.59090909090909,22.727272727272727,20.454545454545457,14.772727272727273,9.090909090909092,9.090909090909092,"COVER, CONNECTOR",50.0,石黒ゴム工業（株）,1.0,2.0,3.64,1Y,TP332ﾌﾀﾅｼ,0.022000000000000002,3.1,手配,89.0,0.9850000000000001,1.0481548449404425,-0.06315484494044243,298208.0,65.027264,69.00337066666667,0.52
137,9167180618,3.4482758620689653,6.896551724137931,10.344827586206897,31.03448275862069,10.344827586206897,6.896551724137931,20.689655172413794,20.689655172413794,"COVER, CONNECTOR",100.0,石黒ゴム工業（株）,1.0,2.0,3.64,1Y,TP131ﾌﾀﾅｼ,0.006,0.37,手配,30.0,1.64,1.6567303358729482,-0.016730335872948254,55914.0,32.634420000000006,34.49822,0.53
138,G1144ECB010,0.0,0.0,0.0946969696969697,2.840909090909091,11.268939393939394,14.109848484848486,28.50378787878788,28.50378787878788,"COVER, CONNECTOR",400.0,石黒ゴム工業（株）,1.0,2.0,3.64,1Y,TP332ﾌﾀﾅｼ,0.022000000000000002,1.42,手配,1056.0,1.21,0.6607392046840816,0.5492607953159183,8198.0,862.79,1136.0566666666666,0.63
139,G1144ECE010,0.0,0.0,0.20366598778004072,1.2219959266802443,4.378818737270876,7.128309572301425,17.10794297352342,17.10794297352342,"CONNECTOR, WIRING HARNESS",40.0,矢崎総業（株）,1.0,1.0,1.79,1Y,TP331ﾌﾀｱﾘ,0.013999999999999999,5.7,手配,982.0,1.5300000000000002,0.6121839080459616,0.9178160919540387,10440.0,758.9,1019.9,0.58
140,G1163ECB010,0.0,1.9736842105263157,11.842105263157894,26.31578947368421,25.0,15.789473684210526,14.473684210526317,14.473684210526317,"CONNECTOR, WIRING HARNESS",32.0,矢崎総業（株）,1.0,1.0,1.79,1Y,TP331ﾌﾀｱﾘ,0.013999999999999999,3.18,手配,157.0,0.72,0.6513320079522875,0.06866799204771246,15090.0,102.8575,109.145,0.54
141,G1163ECE010,0.0,0.9404388714733543,3.4482758620689653,7.836990595611286,15.360501567398119,23.197492163009404,31.03448275862069,31.03448275862069,"CONNECTOR, WIRING HARNESS",40.0,矢崎総業（株）,1.0,1.0,1.79,1Y,TP331ﾌﾀｱﾘ,0.013999999999999999,5.7,手配,326.0,0.8700000000000001,0.5814403292181093,0.2885596707818908,40824.0,217.36720000000003,230.97520000000003,0.53
142,G117362010,0.0,0.28169014084507044,1.1267605633802817,3.943661971830986,6.338028169014084,9.71830985915493,34.78873239436619,34.78873239436619,"CONNECTOR, WIRING HARNESS",45.0,住友電装（株）,1.0,1.0,1.0,1Y,TP332ﾌﾀｱﾘ,0.024,4.62,手配,710.0,1.6900000000000004,0.8702811460457239,0.8197188539542765,18638.0,881.1277777777776,1088.2166666666665,0.85
143,G1174ECB010,0.0,0.0,1.8518518518518516,5.555555555555555,8.333333333333332,11.11111111111111,43.51851851851852,43.51851851851852,"CONNECTOR, WIRING HARNESS",45.0,住友電装（株）,1.0,1.0,3.25,1Y,TP332,0.024,4.62,手配,108.0,1.6799999999999995,0.9780800195169529,0.7019199804830466,8198.0,140.366,173.15800000000002,0.85
144,G1174ECE010,0.0,0.0,0.0,0.0,0.0,5.0,34.166666666666664,34.166666666666664,"SENSOR, TEMPERATURE",700.0,ＴＤＫ（株）,1.0,1.0,1.0,1Y,,0.0,0.0,直送,120.0,2.1149999999999998,0.9705747126436789,1.144425287356321,10440.0,182.656,224.416,0.87
145,G1250ECB010,0.0,0.0,20.689655172413794,13.793103448275861,15.517241379310345,10.344827586206897,15.517241379310345,15.517241379310345,"SENSOR, TEMPERATURE",700.0,ＴＤＫ（株）,1.0,1.0,1.0,1Y,,0.0,0.0,直送,58.0,1.4100000000000006,1.1204970178926454,0.28950298210735514,5030.0,73.935,82.31833333333333,0.87
146,G1250ECC010,0.0,0.0,0.0,25.0,6.25,15.625,18.75,18.75,"BOLT, FLANGE",2000.0,（株）青山製作所,1.0,6.0,5.76,1Y,TP331ﾌﾀﾅｼ,0.012,12.63,手配,32.0,2.0549999999999997,1.2677272727272715,0.7872727272727282,3168.0,46.936,52.216,0.87
147,G1250ECE010,0.0,0.0,5.454545454545454,6.363636363636363,17.272727272727273,15.454545454545453,22.727272727272727,22.727272727272727,"BOLT, FLANGE",1500.0,（株）青山製作所,1.0,6.0,5.76,1Y,TP331ﾌﾀﾅｼ,0.012,10.13,手配,110.0,1.6600000000000001,1.000689655172412,0.6593103448275881,10440.0,154.12,171.52,0.88
148,G9201ECB030,0.0,1.5174506828528074,2.4279210925644916,7.132018209408194,11.077389984825494,9.104704097116842,17.298937784522003,17.298937784522003,"BOLT, FLANGE",500.0,（株）青山製作所,1.0,6.0,5.76,1Y,TP331ﾌﾀﾅｼ,0.012,8.83,手配,659.0,1.67,0.8209906063193961,0.8490093936806038,8197.0,801.2075,903.67,0.78
149,G9201ECE010,0.0,2.6631158455392807,3.7283621837549936,10.918774966711052,5.326231691078561,7.8561917443408795,23.96804260985353,23.96804260985353,"BOLT, FLANGE",300.0,（株）青山製作所,1.0,6.0,5.76,1Y,TP331ﾌﾀﾅｼ,0.012,10.22,手配,751.0,1.7400000000000002,0.8921869910910888,0.8478130089089114,10439.0,1124.1924999999999,1254.6799999999998,0.86
019128GA010    ,,,,,,,,,,,,,,,,,,,,,189.0,2.1300000000000003,,,,,,
01912ECB010    ,,,,,,,,,,,,,,,,,,,,,63.0,2.78,,,,,,
01912ECB040    ,,,,,,,,,,,,,,,,,,,,,245.0,1.5,,,,,,
01912ECB060    ,,,,,,,,,,,,,,,,,,,,,7.0,2.52,,,,,,
1040043104R    ,,,,,,,,,,,,,,,,,,,,,9.0,3.45,,,,,,
1040052001Z    ,,,,,,,,,,,,,,,,,,,,,26.0,2.4050000000000002,,,,,,
1040183011P    ,,,,,,,,,,,,,,,,,,,,,38.0,1.1700000000000002,,,,,,
2030044001J    ,,,,,,,,,,,,,,,,,,,,,10.0,1.7349999999999999,,,,,,
2030045013L    ,,,,,,,,,,,,,,,,,,,,,9.0,1.69,,,,,,
2030052002N    ,,,,,,,,,,,,,,,,,,,,,37.0,1.58,,,,,,
3040052001B    ,,,,,,,,,,,,,,,,,,,,,115.0,0.75,,,,,,
33490ECB010    ,,,,,,,,,,,,,,,,,,,,,1748.0,0.9500000000000002,,,,,,
33490ECE010    ,,,,,,,,,,,,,,,,,,,,,2183.0,1.1500000000000004,,,,,,
34989ECB020    ,,,,,,,,,,,,,,,,,,,,,6.0,1.9800000000000004,,,,,,
34989ECB030    ,,,,,,,,,,,,,,,,,,,,,3.0,3.56,,,,,,
34989ECE020    ,,,,,,,,,,,,,,,,,,,,,1.0,4.31,,,,,,
35141ECB010    ,,,,,,,,,,,,,,,,,,,,,326.0,0.5699999999999998,,,,,,
35141ECE010    ,,,,,,,,,,,,,,,,,,,,,194.0,1.03,,,,,,
35145ECB010    ,,,,,,,,,,,,,,,,,,,,,52.0,1.95,,,,,,
35145ECE010    ,,,,,,,,,,,,,,,,,,,,,70.0,1.8000000000000003,,,,,,
35145ECE020    ,,,,,,,,,,,,,,,,,,,,,71.0,1.5199999999999996,,,,,,
35165ECE010    ,,,,,,,,,,,,,,,,,,,,,24.0,1.6099999999999999,,,,,,
35174ECB010    ,,,,,,,,,,,,,,,,,,,,,311.0,1.0599999999999998,,,,,,
35174ECE010    ,,,,,,,,,,,,,,,,,,,,,166.0,1.3000000000000003,,,,,,
35174ECE020    ,,,,,,,,,,,,,,,,,,,,,72.0,1.5599999999999998,,,,,,
3519510A010    ,,,,,,,,,,,,,,,,,,,,,4.0,2.71,,,,,,
35195ECE010    ,,,,,,,,,,,,,,,,,,,,,25.0,2.72,,,,,,
35195TFG010    ,,,,,,,,,,,,,,,,,,,,,29.0,2.545,,,,,,
35198ECE010    ,,,,,,,,,,,,,,,,,,,,,27.0,1.65,,,,,,
35300ECB010    ,,,,,,,,,,,,,,,,,,,,,812.0,2.225,,,,,,
35312ECB010    ,,,,,,,,,,,,,,,,,,,,,91.0,1.31,,,,,,
35352ECB010    ,,,,,,,,,,,,,,,,,,,,,4.0,1.6850000000000005,,,,,,
3539450A010    ,,,,,,,,,,,,,,,,,,,,,2.0,2.2600000000000002,,,,,,
35409ECB010    ,,,,,,,,,,,,,,,,,,,,,21.0,1.95,,,,,,
35441ECB010    ,,,,,,,,,,,,,,,,,,,,,260.0,1.5,,,,,,
35441TFA010    ,,,,,,,,,,,,,,,,,,,,,51.0,1.59,,,,,,
3548255A010    ,,,,,,,,,,,,,,,,,,,,,17.0,1.56,,,,,,
35501ECB010    ,,,,,,,,,,,,,,,,,,,,,55.0,1.3999999999999997,,,,,,
35505ECB010    ,,,,,,,,,,,,,,,,,,,,,267.0,0.9699999999999998,,,,,,
35556ECB010    ,,,,,,,,,,,,,,,,,,,,,54.0,1.395,,,,,,
35557ECB010    ,,,,,,,,,,,,,,,,,,,,,125.0,1.44,,,,,,
35580ECB011    ,,,,,,,,,,,,,,,,,,,,,832.0,1.5749999999999997,,,,,,
35595ECB010    ,,,,,,,,,,,,,,,,,,,,,160.0,1.0749999999999997,,,,,,
3559850A010    ,,,,,,,,,,,,,,,,,,,,,58.0,1.3300000000000003,,,,,,
35771ECB010    ,,,,,,,,,,,,,,,,,,,,,1709.0,0.5900000000000001,,,,,,
35771ECE010    ,,,,,,,,,,,,,,,,,,,,,1336.0,0.7,,,,,,
35847ECB010    ,,,,,,,,,,,,,,,,,,,,,90.0,1.3999999999999997,,,,,,
35847ECB020    ,,,,,,,,,,,,,,,,,,,,,89.0,1.1900000000000004,,,,,,
35847ECE010    ,,,,,,,,,,,,,,,,,,,,,190.0,1.67,,,,,,
35847ECE020    ,,,,,,,,,,,,,,,,,,,,,120.0,1.7399999999999998,,,,,,
35882ECB010    ,,,,,,,,,,,,,,,,,,,,,144.0,1.29,,,,,,
36108ECB010    ,,,,,,,,,,,,,,,,,,,,,31.0,1.41,,,,,,
39171ECB010    ,,,,,,,,,,,,,,,,,,,,,320.0,0.57,,,,,,
39171ECE010    ,,,,,,,,,,,,,,,,,,,,,192.0,0.97,,,,,,
41310ECB010    ,,,,,,,,,,,,,,,,,,,,,3372.0,0.77,,,,,,
41310ECE010    ,,,,,,,,,,,,,,,,,,,,,3908.0,1.1,,,,,,
5040056001E    ,,,,,,,,,,,,,,,,,,,,,97.0,1.6099999999999994,,,,,,
82125ECB010    ,,,,,,,,,,,,,,,,,,,,,58.0,1.545,,,,,,
82125ECE010    ,,,,,,,,,,,,,,,,,,,,,70.0,1.4249999999999998,,,,,,
82821CWA030    ,,,,,,,,,,,,,,,,,,,,,44.0,2.73,,,,,,
82821ECB010    ,,,,,,,,,,,,,,,,,,,,,18.0,2.375,,,,,,
82821ECB020    ,,,,,,,,,,,,,,,,,,,,,41.0,2.7700000000000005,,,,,,
82821ECB040    ,,,,,,,,,,,,,,,,,,,,,53.0,1.66,,,,,,
82821ECB050    ,,,,,,,,,,,,,,,,,,,,,100.0,2.565,,,,,,
82821ECE010    ,,,,,,,,,,,,,,,,,,,,,61.0,3.75,,,,,,
82821XAE010    ,,,,,,,,,,,,,,,,,,,,,95.0,2.6700000000000004,,,,,,
82821XAE020    ,,,,,,,,,,,,,,,,,,,,,9.0,2.2500000000000004,,,,,,
82824ECB010    ,,,,,,,,,,,,,,,,,,,,,205.0,1.05,,,,,,
82824ECB020    ,,,,,,,,,,,,,,,,,,,,,359.0,1.2400000000000002,,,,,,
82824ECE010    ,,,,,,,,,,,,,,,,,,,,,180.0,1.06,,,,,,
9010506A003    ,,,,,,,,,,,,,,,,,,,,,5.0,2.4400000000000004,,,,,,
9010506A089    ,,,,,,,,,,,,,,,,,,,,,8.0,2.9200000000000004,,,,,,
9010508A014    ,,,,,,,,,,,,,,,,,,,,,1110.0,0.92,,,,,,
9010508A042    ,,,,,,,,,,,,,,,,,,,,,108.0,0.72,,,,,,
9010512A018    ,,,,,,,,,,,,,,,,,,,,,1050.0,0.7899999999999998,,,,,,
9011906908,,,,,,,,,,,,,,,,,,,,,5.0,1.76,,,,,,
9011906A065    ,,,,,,,,,,,,,,,,,,,,,35.0,1.4999999999999998,,,,,,
9014908A008    ,,,,,,,,,,,,,,,,,,,,,43.0,1.1349999999999998,,,,,,
9015905A007    ,,,,,,,,,,,,,,,,,,,,,29.0,1.69,,,,,,
9015906A021    ,,,,,,,,,,,,,,,,,,,,,95.0,1.11,,,,,,
9015906A022    ,,,,,,,,,,,,,,,,,,,,,142.0,1.1349999999999998,,,,,,
9015906A023    ,,,,,,,,,,,,,,,,,,,,,17.0,2.315,,,,,,
9020150A002    ,,,,,,,,,,,,,,,,,,,,,42.0,1.37,,,,,,
9020156A001    ,,,,,,,,,,,,,,,,,,,,,40.0,1.37,,,,,,
9020156A002    ,,,,,,,,,,,,,,,,,,,,,58.0,1.14,,,,,,
9025006A007    ,,,,,,,,,,,,,,,,,,,,,47.0,1.225,,,,,,
9030106A018    ,,,,,,,,,,,,,,,,,,,,,25.0,1.56,,,,,,
9030111A014    ,,,,,,,,,,,,,,,,,,,,,56.0,1.7600000000000002,,,,,,
9030115A011    ,,,,,,,,,,,,,,,,,,,,,8.0,1.685,,,,,,
9030117A010    ,,,,,,,,,,,,,,,,,,,,,9.0,1.85,,,,,,
9030119A010    ,,,,,,,,,,,,,,,,,,,,,8.0,1.85,,,,,,
9030119A011    ,,,,,,,,,,,,,,,,,,,,,58.0,1.2100000000000002,,,,,,
9031150A014    ,,,,,,,,,,,,,,,,,,,,,175.0,1.0100000000000002,,,,,,
9031150A015    ,,,,,,,,,,,,,,,,,,,,,177.0,0.8800000000000001,,,,,,
9033904A002    ,,,,,,,,,,,,,,,,,,,,,7.0,2.25,,,,,,
9034108A006    ,,,,,,,,,,,,,,,,,,,,,47.0,1.3199999999999998,,,,,,
9034108A010    ,,,,,,,,,,,,,,,,,,,,,5.0,1.5500000000000007,,,,,,
9034114A004    ,,,,,,,,,,,,,,,,,,,,,7.0,2.24,,,,,,
9034118060,,,,,,,,,,,,,,,,,,,,,9.0,2.5900000000000007,,,,,,
9034118090,,,,,,,,,,,,,,,,,,,,,35.0,1.92,,,,,,
9034118A024    ,,,,,,,,,,,,,,,,,,,,,25.0,2.085,,,,,,
9036324A003    ,,,,,,,,,,,,,,,,,,,,,298.0,0.8300000000000001,,,,,,
9036324A004    ,,,,,,,,,,,,,,,,,,,,,488.0,0.98,,,,,,
9036324A005    ,,,,,,,,,,,,,,,,,,,,,363.0,1.06,,,,,,
9036340A010    ,,,,,,,,,,,,,,,,,,,,,342.0,1.13,,,,,,
9036345A004    ,,,,,,,,,,,,,,,,,,,,,128.0,1.3749999999999998,,,,,,
9036628A005    ,,,,,,,,,,,,,,,,,,,,,104.0,1.3400000000000003,,,,,,
9036628A006    ,,,,,,,,,,,,,,,,,,,,,72.0,1.6500000000000001,,,,,,
9036628A007    ,,,,,,,,,,,,,,,,,,,,,100.0,1.66,,,,,,
9036628A008    ,,,,,,,,,,,,,,,,,,,,,69.0,1.79,,,,,,
9036630A017    ,,,,,,,,,,,,,,,,,,,,,193.0,1.4900000000000007,,,,,,
9036630A018    ,,,,,,,,,,,,,,,,,,,,,396.0,1.12,,,,,,
9036652A003    ,,,,,,,,,,,,,,,,,,,,,121.0,1.6800000000000006,,,,,,
9036652A004    ,,,,,,,,,,,,,,,,,,,,,121.0,1.6400000000000006,,,,,,
9036658A001    ,,,,,,,,,,,,,,,,,,,,,143.0,1.1350000000000007,,,,,,
9036658A002    ,,,,,,,,,,,,,,,,,,,,,175.0,1.2400000000000002,,,,,,
9036659A009    ,,,,,,,,,,,,,,,,,,,,,401.0,1.25,,,,,,
9036659A010    ,,,,,,,,,,,,,,,,,,,,,402.0,1.3200000000000005,,,,,,
9050827A011    ,,,,,,,,,,,,,,,,,,,,,23.0,1.4200000000000002,,,,,,
9052409A003    ,,,,,,,,,,,,,,,,,,,,,3.0,2.4800000000000004,,,,,,
9056439A005    ,,,,,,,,,,,,,,,,,,,,,16.0,2.31,,,,,,
9056439A006    ,,,,,,,,,,,,,,,,,,,,,9.0,1.8350000000000002,,,,,,
9056450A002    ,,,,,,,,,,,,,,,,,,,,,31.0,2.39,,,,,,
9056451A084    ,,,,,,,,,,,,,,,,,,,,,1.0,,,,,,,
9056451A087    ,,,,,,,,,,,,,,,,,,,,,1.0,2.93,,,,,,
9056455A045    ,,,,,,,,,,,,,,,,,,,,,2.0,2.91,,,,,,
9056457A136    ,,,,,,,,,,,,,,,,,,,,,2.0,2.895,,,,,,
9056457A137    ,,,,,,,,,,,,,,,,,,,,,11.0,1.83,,,,,,
9056457A138    ,,,,,,,,,,,,,,,,,,,,,3.0,2.14,,,,,,
9056463A033    ,,,,,,,,,,,,,,,,,,,,,5.0,2.89,,,,,,
9056463A034    ,,,,,,,,,,,,,,,,,,,,,11.0,2.19,,,,,,
9056463A035    ,,,,,,,,,,,,,,,,,,,,,11.0,1.61,,,,,,
9056463A036    ,,,,,,,,,,,,,,,,,,,,,7.0,1.31,,,,,,
9056463A037    ,,,,,,,,,,,,,,,,,,,,,1.0,,,,,,,
9093003179,,,,,,,,,,,,,,,,,,,,,13.0,2.17,,,,,,
9094906A012    ,,,,,,,,,,,,,,,,,,,,,86.0,1.34,,,,,,
9155180614,,,,,,,,,,,,,,,,,,,,,38.0,1.5500000000000005,,,,,,
9155180640,,,,,,,,,,,,,,,,,,,,,12.0,1.5700000000000005,,,,,,
9161140614,,,,,,,,,,,,,,,,,,,,,89.0,0.9850000000000001,,,,,,
9167180618,,,,,,,,,,,,,,,,,,,,,30.0,1.64,,,,,,
G1144ECB010    ,,,,,,,,,,,,,,,,,,,,,1056.0,1.21,,,,,,
G1144ECE010    ,,,,,,,,,,,,,,,,,,,,,982.0,1.5300000000000002,,,,,,
G1163ECB010    ,,,,,,,,,,,,,,,,,,,,,157.0,0.72,,,,,,
G1163ECE010    ,,,,,,,,,,,,,,,,,,,,,326.0,0.8700000000000001,,,,,,
G117362010     ,,,,,,,,,,,,,,,,,,,,,710.0,1.6900000000000004,,,,,,
G1174ECB010    ,,,,,,,,,,,,,,,,,,,,,108.0,1.6799999999999995,,,,,,
G1174ECE010    ,,,,,,,,,,,,,,,,,,,,,120.0,2.1149999999999998,,,,,,
G1250ECB010    ,,,,,,,,,,,,,,,,,,,,,58.0,1.4100000000000006,,,,,,
G1250ECC010    ,,,,,,,,,,,,,,,,,,,,,32.0,2.0549999999999997,,,,,,
G1250ECE010    ,,,,,,,,,,,,,,,,,,,,,110.0,1.6600000000000001,,,,,,
G9201ECB030    ,,,,,,,,,,,,,,,,,,,,,659.0,1.67,,,,,,
G9201ECE010    ,,,,,,,,,,,,,,,,,,,,,751.0,1.7400000000000002,,,,,,
G9210ECB010    ,,,,,,,,,,,,,,,,,,,,,779.0,,,,,,,
G9210ECC010    ,,,,,,,,,,,,,,,,,,,,,453.0,,,,,,,
G9210ECE010    ,,,,,,,,,,,,,,,,,,,,,496.0,,,,,,,
G9210ECE020    ,,,,,,,,,,,,,,,,,,,,,881.0,,,,,,,
G9210ECE030    ,,,,,,,,,,,,,,,,,,,,,60.0,,,,,,,
