,品番,変更前）正常1,変更前）正常2,変更前）正常3,変更前）正常4,変更前）異常1,変更前）異常2,変更前）異常3,変更前）異常4,変更前）異常5,変更後）正常1,変更後）正常2,変更後）正常3,変更後）正常4,変更後）異常1,変更後）異常2,変更後）異常3,変更後）異常4,変更後）異常5,差分）正常1,差分）正常2,差分）正常3,差分）正常4,差分）異常1,差分）異常2,差分）異常3,差分）異常4,差分）異常5,品名,収容数,仕入先名/工場名,A,B,C,整備室,箱種,箱サイズ,箱重量,手配区分,変更前）かんばん数,変更後）かんばん数,変更前）社内LT,変更後）社内LT,差分）社内LT,変更前）基準在庫日数（基準在庫枚数込み）,変更前）社内LT-基準在庫日数（基準在庫枚数込み）,変更後）基準在庫日数（基準在庫枚数込み）,変更後）社内LT-基準在庫日数（基準在庫枚数込み）,変更前）計算社内かんばん数,変更前）計算社内かんばん数MAX,変更後）計算社内かんばん数,変更後）計算社内かんばん数MAX
0,019128GA010,0.0,0.0,36.84210526315789,10.526315789473683,0.0,0.0,5.263157894736842,15.789473684210526,31.57894736842105,0.0,0.0,0.0,1.0752688172043012,7.526881720430108,9.67741935483871,16.129032258064516,15.053763440860216,50.53763440860215,0.0,0.0,-36.84210526315789,-9.451046972269381,7.526881720430108,9.67741935483871,10.865874363327674,-0.7357102433503098,18.9586870401811,"CAP, SHIPPING",50.0,石黒ゴム工業（株）,1.0,2.0,3.64,1Y,ＴＰ３４２フタナシ,0.033,2.11,手配,19.0,93.0,2.86,3.51,0.6499999999999999,1.4414337185906154,1.4185662814093845,1.1397499731730845,2.3702500268269153,101.97500000000001,111.22500000000001,102.15780000000001,111.61180000000002
1,01912ECB010,0.0,0.0,0.0,0.0,11.11111111111111,0.0,0.0,33.33333333333333,55.55555555555556,0.0,0.0,0.0,0.0,0.0,6.451612903225806,9.67741935483871,16.129032258064516,67.74193548387096,0.0,0.0,0.0,0.0,-11.11111111111111,6.451612903225806,9.67741935483871,-17.204301075268813,12.186379928315404,"CAP, SHIPPING",300.0,石黒ゴム工業（株）,1.0,2.0,3.64,1Y,ＴＰ３３２フタナシ,0.022000000000000002,3.21,手配,9.0,31.0,5.86,3.52,-2.3400000000000003,1.7644598389814654,4.095540161018535,1.0592948373940114,2.4607051626059886,29.208333333333332,32.291666666666664,27.78633333333333,30.937666666666665
2,1040043104R,0.0,0.0,0.0,0.0,0.0,0.0,100.0,0.0,0.0,0.0,0.0,0.0,12.5,0.0,25.0,0.0,37.5,25.0,0.0,0.0,0.0,12.5,0.0,25.0,-100.0,37.5,25.0,"PIN, STRAIGHT",1000.0,（株）ギフ加藤製作所,1.0,2.0,3.8,1Y,ＡＷ１３１フタナシ,0.005,13.4,手配,1.0,9.0,5.130000000000001,6.110000000000001,0.9800000000000004,2.724337185906134,2.405662814093867,2.440095503809421,3.66990449619058,9.9375,10.8625,10.0905,11.0359
3,1040052001Z,0.0,0.0,0.0,25.0,0.0,0.0,0.0,25.0,50.0,0.0,6.666666666666667,6.666666666666667,6.666666666666667,13.333333333333334,6.666666666666667,13.333333333333334,33.33333333333333,13.333333333333334,0.0,6.666666666666667,6.666666666666667,-18.333333333333332,13.333333333333334,6.666666666666667,13.333333333333334,8.333333333333329,-36.666666666666664,"PLUG, W/HEAD STRAIGHT SCREW",200.0,（株）青山製作所,1.0,6.0,5.76,1Y,ＴＰ１３１フタナシ,0.006,6.27,手配,4.0,15.0,6.3100000000000005,3.45,-2.8600000000000003,2.111713948985604,4.198286051014397,1.7368965517241375,1.7131034482758627,9.961549999999999,10.399383333333333,10.049,10.492333333333333
4,1040183011P,0.0,0.0,0.0,0.0,33.33333333333333,0.0,33.33333333333333,33.33333333333333,0.0,0.0,0.0,0.0,0.0,58.333333333333336,25.0,0.0,0.0,16.666666666666664,0.0,0.0,0.0,0.0,25.000000000000007,25.0,-33.33333333333333,-33.33333333333333,16.666666666666664,"BOLT, FLANGE",500.0,（株）青山製作所,1.0,6.0,5.76,1Y,ＴＰ３３１フタナシ,0.012,9.38,手配,3.0,12.0,3.3000000000000007,1.19,-2.1100000000000008,2.1616742176799066,1.138325782320094,0.9669854824935951,0.22301451750640489,9.47352,9.87312,7.69708,8.110479999999999
5,2030052002N,0.0,0.0,0.0,25.0,0.0,25.0,25.0,25.0,0.0,0.0,13.333333333333334,0.0,6.666666666666667,20.0,13.333333333333334,20.0,20.0,6.666666666666667,0.0,13.333333333333334,0.0,-18.333333333333332,20.0,-11.666666666666666,-5.0,-5.0,6.666666666666667,"PLUG, W/HEAD STRAIGHT SCREW",300.0,（株）杉浦製作所,1.0,2.0,1.06,1Y,ＴＰ３３１フタナシ,0.012,9.85,手配,6.0,15.0,3.315,1.97,-1.345,1.9486023115436808,1.3663976884563191,1.5140573022856532,0.4559426977143468,10.708333333333332,12.249999999999998,10.878333333333334,12.454
6,3040052001B,0.0,16.666666666666664,33.33333333333333,41.66666666666667,0.0,0.0,0.0,8.333333333333332,0.0,0.0,10.526315789473683,18.421052631578945,21.052631578947366,13.157894736842104,0.0,7.894736842105263,5.263157894736842,23.684210526315788,0.0,-6.140350877192981,-14.912280701754383,-20.614035087719305,13.157894736842104,0.0,7.894736842105263,-3.0701754385964906,23.684210526315788,"PLUG, W/HEAD STRAIGHT SCREW",500.0,（株）青山製作所,1.0,6.0,5.76,1Y,ＴＰ３３１フタナシ,0.012,11.97,手配,12.0,39.0,0.88,0.8900000000000001,0.01000000000000012,1.3043440526688796,-0.42434405266887965,0.890623117469879,-0.0006231174698788644,24.97208,26.380546666666664,25.43072,26.86858666666667
7,33490ECB010,0.0,0.0,15.172413793103448,5.517241379310345,0.0,11.03448275862069,44.827586206896555,11.03448275862069,12.413793103448276,0.1941747572815534,1.5533980582524272,2.524271844660194,22.9126213592233,27.378640776699033,22.52427184466019,6.796116504854369,0.7766990291262136,15.339805825242719,0.1941747572815534,1.5533980582524272,-12.648141948443254,17.395379979912956,27.378640776699033,11.4897890860395,-38.03146970204219,-10.257783729494477,2.926012721794443,"COOLER ASSY, OIL",4.0,マレリ（株）,1.0,2.0,3.92,1Y,ＴＰ３３１．５フタアリ,0.019,0.019,手配,145.0,515.0,2.05,0.9900000000000002,-1.0599999999999996,1.2590771175726987,0.7909228824273011,0.8507392046840677,0.1392607953159325,412.59,462.53999999999996,426.73499999999996,478.40999999999997
8,33490ECE010,0.0,0.0,17.1875,32.8125,0.0,4.6875,29.6875,6.25,9.375,0.14705882352941177,1.1764705882352942,1.911764705882353,11.617647058823529,21.029411764705884,19.852941176470587,21.764705882352942,4.5588235294117645,17.941176470588236,0.14705882352941177,1.1764705882352942,-15.275735294117647,-21.19485294117647,21.029411764705884,15.165441176470587,-7.922794117647058,-1.6911764705882355,8.566176470588236,"COOLER ASSY, OIL",4.0,マレリ（株）,1.0,2.0,3.92,1Y,ＴＰ３３１．５フタアリ,0.019,0.019,手配,128.0,680.0,1.4449999999999998,1.1900000000000004,-0.25499999999999945,1.2532342789797115,0.19176572102028833,0.8341379310344661,0.3558620689655343,534.9675000000001,600.6425,541.6500000000001,608.1500000000001
9,35145ECB010,0.0,0.0,0.0,0.0,10.0,0.0,40.0,30.0,20.0,0.0,0.0,15.0,0.0,10.0,5.0,20.0,15.0,35.0,0.0,0.0,15.0,0.0,0.0,5.0,-20.0,-15.0,15.0,"PLATE, OIL",100.0,三共鋼業（株）,1.0,1.0,1.74,1Y,ＴＰ１３１フタナシ,0.006,4.63,手配,10.0,20.0,3.51,2.8249999999999997,-0.685,1.7569279393173205,1.7530720606826793,1.3884801171017314,1.4365198828982684,15.3876,19.3836,15.8154,19.9494
10,35145ECE010,0.0,8.333333333333332,16.666666666666664,0.0,8.333333333333332,0.0,0.0,16.666666666666664,50.0,0.0,0.0,0.0,0.0,7.4074074074074066,11.11111111111111,7.4074074074074066,18.51851851851852,55.55555555555556,0.0,-8.333333333333332,-16.666666666666664,0.0,-0.9259259259259256,11.11111111111111,7.4074074074074066,1.8518518518518547,5.555555555555557,"PLATE, OIL",100.0,三共鋼業（株）,1.0,1.0,1.74,1Y,ＴＰ１３１フタナシ,0.006,3.61,手配,12.0,27.0,5.0,2.74,-2.26,1.6108569744928036,3.389143025507196,0.8511494252873566,1.8888505747126436,20.0755,25.329500000000003,18.290000000000003,23.610000000000003
11,35145ECE020,0.0,0.0,0.0,0.0,25.0,0.0,25.0,25.0,25.0,0.0,0.0,3.7037037037037033,14.814814814814813,7.4074074074074066,7.4074074074074066,14.814814814814813,7.4074074074074066,44.44444444444444,0.0,0.0,3.7037037037037033,14.814814814814813,-17.592592592592595,7.4074074074074066,-10.185185185185187,-17.592592592592595,19.444444444444443,"PLATE, OIL",100.0,（株）浅賀井製作所,1.0,4.0,6.88,1Y,ＴＰ３３１フタナシ,0.012,1.2,手配,4.0,27.0,3.3499999999999996,2.06,-1.2899999999999996,1.6608569744928021,1.6891430255071975,0.8511494252873566,1.2088505747126435,20.0755,21.389000000000003,18.290000000000003,19.620000000000005
12,35174ECB010,0.0,0.0,14.285714285714285,9.523809523809524,0.0,14.285714285714285,23.809523809523807,19.047619047619047,19.047619047619047,0.0,5.825242718446602,14.563106796116504,14.563106796116504,11.650485436893204,6.796116504854369,13.592233009708737,8.737864077669903,24.271844660194176,0.0,5.825242718446602,0.277392510402219,5.03929727230698,11.650485436893204,-7.489597780859916,-10.21729079981507,-10.309754969949145,5.224225612575129,"PLATE, OIL RESERVOIR LOCK",20.0,（株）浅賀井製作所,1.0,4.0,6.88,1Y,ＴＰ３３２フタナシ,0.022000000000000002,3.52,手配,21.0,103.0,1.9,1.2800000000000002,-0.6199999999999997,1.2253855878634645,0.6746144121365354,0.921232007806781,0.3587679921932192,89.91300000000001,94.90800000000002,90.91449999999999,96.082
13,35174ECE010,0.0,0.0,11.11111111111111,11.11111111111111,11.11111111111111,11.11111111111111,0.0,44.44444444444444,11.11111111111111,0.0,0.0,3.0303030303030303,3.0303030303030303,3.0303030303030303,10.606060606060606,18.181818181818183,24.242424242424242,37.878787878787875,0.0,0.0,-8.08080808080808,-8.08080808080808,-8.08080808080808,-0.5050505050505052,18.181818181818183,-20.2020202020202,26.767676767676765,"PLATE, OIL RESERVOIR LOCK",40.0,（株）浅賀井製作所,1.0,4.0,6.88,1Y,ＴＰ３３２フタナシ,0.022000000000000002,4.85,手配,9.0,66.0,2.6500000000000004,2.175,-0.47500000000000053,1.312342789797121,1.3376572102028794,0.9504597701149426,1.2245402298850572,60.137249999999995,63.42099999999999,58.855,62.18
14,35174ECE020,0.0,0.0,20.0,0.0,0.0,0.0,20.0,20.0,40.0,0.0,16.666666666666664,3.3333333333333335,0.0,0.0,6.666666666666667,6.666666666666667,26.666666666666668,40.0,0.0,16.666666666666664,-16.666666666666668,0.0,0.0,6.666666666666667,-13.333333333333332,6.666666666666668,0.0,"PLATE, OIL RESERVOIR LOCK",90.0,（株）浅賀井製作所,1.0,4.0,6.88,1Y,ＴＰ３３１フタナシ,0.012,1.795,手配,5.0,30.0,4.07,2.9299999999999997,-1.1400000000000006,1.6027712770435227,2.4672287229564773,1.1731034482758609,1.7568965517241388,21.389,22.848444444444443,21.62,23.09777777777778
15,3519510A010,0.0,100.0,0.0,0.0,0.0,0.0,0.0,0.0,0.0,0.0,0.0,0.0,0.0,25.0,0.0,0.0,0.0,75.0,0.0,-100.0,0.0,0.0,25.0,0.0,0.0,0.0,75.0,"CLAMP, TRANSAXLE APPLY TUBE, NO.1",600.0,中庸スプリング（株）,1.0,2.0,2.34,1Y,ＡＷ１３１フタナシ,0.006,3.7,手配,1.0,4.0,2.01,14.04,12.03,5.381567635903918,-3.3715676359039186,2.166960234203464,11.873039765796534,5.0979,5.4309,3.17035,3.51485
16,35195ECE010,0.0,0.0,0.0,25.0,0.0,12.5,25.0,0.0,37.5,0.0,0.0,14.285714285714285,0.0,0.0,14.285714285714285,28.57142857142857,28.57142857142857,14.285714285714285,0.0,0.0,14.285714285714285,-25.0,0.0,1.7857142857142847,3.5714285714285694,28.57142857142857,-23.214285714285715,"CLAMP, TUBE",400.0,三共鋼業（株）,1.0,1.0,1.74,1Y,ＴＰ１３１フタナシ,0.006,3.44,手配,8.0,14.0,3.965,3.27,-0.6949999999999998,2.1917139489856066,1.7732860510143933,1.8268965517241391,1.443103448275861,11.143699999999999,13.770699999999998,11.246,13.906
17,35195TFG010,0.0,33.33333333333333,0.0,16.666666666666664,0.0,16.666666666666664,0.0,16.666666666666664,16.666666666666664,0.0,0.0,0.0,7.6923076923076925,0.0,0.0,7.6923076923076925,7.6923076923076925,76.92307692307693,0.0,-33.33333333333333,0.0,-8.974358974358971,0.0,-16.666666666666664,7.6923076923076925,-8.974358974358971,60.25641025641027,"CLAMP, TRANSAXLE APPLY TUBE, NO.1",400.0,三共鋼業（株）,1.0,1.0,1.74,1Y,ＴＰ１３１フタナシ,0.006,3.88,手配,6.0,13.0,2.4850000000000003,3.76,1.2749999999999995,2.1917139489856057,0.29328605101439464,1.0222988505747128,2.7377011494252868,11.143699999999999,13.770699999999998,9.246,11.906
18,35198ECE010,0.0,33.33333333333333,0.0,0.0,0.0,0.0,0.0,33.33333333333333,33.33333333333333,0.0,0.0,0.0,7.6923076923076925,0.0,15.384615384615385,15.384615384615385,7.6923076923076925,53.84615384615385,0.0,-33.33333333333333,0.0,7.6923076923076925,0.0,15.384615384615385,15.384615384615385,-25.641025641025635,20.512820512820518,"BRACKET, WIRE HARNESS CLAMP",200.0,サトープレス工業（株）,1.0,1.0,1.78,1Y,ＴＰ３３１フタナシ,0.012,5.28,手配,6.0,13.0,5.904999999999999,4.04,-1.8649999999999993,2.1917139489856057,3.7132860510143937,0.9822988505747127,3.0577011494252875,10.6183,13.2453,8.713999999999999,11.373999999999999
19,35300ECB010,0.0,0.0,0.0,0.0,0.0,0.0,0.0,58.01526717557252,41.98473282442748,0.0,0.0,0.0,0.0,0.0,0.0,12.755102040816327,40.56122448979592,46.683673469387756,0.0,0.0,0.0,0.0,0.0,0.0,12.755102040816327,-17.4540426857766,4.698940644960274,"PUMP ASSY, OIL W/MOTOR",12.0,アイシン精機（株）,1.0,4.0,8.04,1Y,ＴＰ３４１フタナシ,0.017,6.97,手配,131.0,392.0,2.7999999999999994,2.38,-0.4199999999999995,1.158744092461765,1.6412559075382345,0.9505622920914268,1.4294377079085732,353.7291666666667,373.0,361.4641666666667,381.16
20,35352ECB010,0.0,0.0,0.0,0.0,0.0,0.0,100.0,0.0,0.0,0.0,0.0,0.0,0.0,0.0,0.0,0.0,0.0,100.0,0.0,0.0,0.0,0.0,0.0,0.0,-100.0,0.0,100.0,"ROTOR, TRANSMISSION OIL PUMP DRIVEN",504.0,五興商事（株）,1.0,1.0,1.97,1Y,ＴＰ３３１フタアリ,0.013999999999999999,9.96,手配,2.0,4.0,7.77,18.395,10.625,4.713716814159292,3.056283185840708,1.9310465967309096,16.46395340326909,5.537142857142857,6.33,3.624761904761905,4.445
21,3539450A010,0.0,0.0,0.0,0.0,50.0,0.0,50.0,0.0,0.0,0.0,20.0,0.0,0.0,20.0,0.0,0.0,0.0,60.0,0.0,20.0,0.0,0.0,-30.0,0.0,-50.0,0.0,60.0,"MAGNET, OIL CLEANER",2000.0,ミズショー（株）,1.0,1.0,1.88,1Y,サンボックスＣ３フタナシ,0.011000000000000001,8.717,手配,2.0,5.0,5.595,30.74,25.145,4.2786743718122695,1.3163256281877302,4.090191007618842,26.649808992381157,6.2837499999999995,7.208749999999999,6.3561700000000005,7.301570000000001
22,3548255A010,0.0,0.0,0.0,0.0,25.0,0.0,0.0,75.0,0.0,0.0,0.0,0.0,0.0,12.5,0.0,0.0,12.5,75.0,0.0,0.0,0.0,0.0,-12.5,0.0,0.0,-62.5,75.0,"CLAMP, TEMPERATURE SENSOR",300.0,サトープレス工業（株）,1.0,1.0,1.78,1Y,ＡＷ１３１フタナシ,0.006,4.74,手配,4.0,8.0,6.96,5.285,-1.6749999999999998,2.7725709234784075,4.1874290765215925,1.1734482758620683,4.111551724137932,7.991299999999999,9.742633333333332,6.054,7.827333333333334
23,35501ECB010,0.0,25.0,0.0,50.0,0.0,0.0,0.0,12.5,12.5,0.0,0.0,13.636363636363635,9.090909090909092,9.090909090909092,0.0,4.545454545454546,9.090909090909092,54.54545454545454,0.0,-25.0,13.636363636363635,-40.90909090909091,9.090909090909092,0.0,4.545454545454546,-3.4090909090909083,42.04545454545454,"ROD SUB-ASSY, PARKING LOCK",100.0,大橋鉄工（株）,1.0,1.0,1.39,1Y,ＴＰ３３１フタナシ,0.011000000000000001,5.837000000000001,手配,8.0,22.0,1.3299999999999996,3.13,1.8000000000000003,1.71692793931732,-0.3869279393173204,0.8561600390339102,2.2738399609660895,14.988,18.983999999999998,13.402000000000001,17.536
24,35505ECB010,4.545454545454546,4.545454545454546,18.181818181818183,18.181818181818183,9.090909090909092,4.545454545454546,0.0,20.454545454545457,20.454545454545457,0.0,6.896551724137931,5.747126436781609,17.24137931034483,10.344827586206897,12.643678160919542,10.344827586206897,14.942528735632186,21.839080459770116,-4.545454545454546,2.3510971786833847,-12.434691745036574,-0.9404388714733543,1.253918495297805,8.098223615464995,10.344827586206897,-5.512016718913271,1.3845350052246594,"LEVER SUB-ASSY, PARKING LOCK",24.0,中庸スプリング（株）,1.0,2.0,2.34,1Y,ＴＰ１３１フタナシ,0.009000000000000001,2.45,手配,44.0,87.0,1.2499999999999996,1.2400000000000002,-0.009999999999999343,1.194462705436159,0.0555372945638406,0.8714784093681376,0.36852159063186263,70.4325,78.75750000000001,70.76125,79.37375
25,35556ECB010,0.0,0.0,0.0,0.0,40.0,0.0,0.0,60.0,0.0,0.0,0.0,15.0,0.0,15.0,20.0,10.0,5.0,35.0,0.0,0.0,15.0,0.0,-25.0,20.0,10.0,-55.0,35.0,"SHAFT, PARKING LOCK PAWL",100.0,（株）ギフ加藤製作所,1.0,2.0,3.8,1Y,ＡＷ１３１フタナシ,0.005,7.0,手配,5.0,21.0,5.4300000000000015,1.59,-3.8400000000000016,1.8369279393173197,3.593072060682682,1.0061600390339114,0.5838399609660887,17.985,19.983,16.5025,18.5695
26,35557ECB010,0.0,0.0,11.11111111111111,44.44444444444444,0.0,22.22222222222222,11.11111111111111,0.0,11.11111111111111,0.0,2.4390243902439024,12.195121951219512,7.317073170731707,4.878048780487805,7.317073170731707,26.82926829268293,12.195121951219512,26.82926829268293,0.0,2.4390243902439024,1.0840108401084017,-37.12737127371274,4.878048780487805,-14.905149051490515,15.718157181571819,12.195121951219512,15.718157181571819,"PAWL, PARKING LOCK",46.0,小川工業（株）,1.0,2.0,5.0,1Y,ＴＰ１３１フタナシ,0.006,9.466000000000001,手配,9.0,45.0,1.35,1.7299999999999995,0.37999999999999945,1.4343868520859668,-0.08438685208596675,1.007833617955598,0.7221663820444015,41.656956521739126,46.00043478260869,40.99195652173913,45.48543478260869
27,35580ECB011,0.0,0.0,0.0,0.0,5.426356589147287,23.25581395348837,38.759689922480625,24.031007751937985,8.527131782945736,0.0,0.0,0.8875739644970414,3.2544378698224854,8.579881656804734,21.005917159763314,27.218934911242602,0.0,39.053254437869825,0.0,0.0,0.8875739644970414,3.2544378698224854,3.153525067657447,-2.249896793725057,-11.540755011238023,-24.031007751937985,30.526122654924087,"ACTUATOR ASSY, SHIFT CONTROL",6.0,アイシン精機（株）,1.0,4.0,8.04,1Y,ＴＰ３４２フタアリ,0.036000000000000004,10.68,手配,129.0,338.0,2.09,1.5700000000000005,-0.5199999999999994,1.1636202718364779,0.926379728163522,0.9461144321093113,0.6238855678906892,302.7,319.34999999999997,313.05,330.27500000000003
28,35595ECB010,0.0,6.896551724137931,17.24137931034483,3.4482758620689653,3.4482758620689653,6.896551724137931,10.344827586206897,17.24137931034483,34.48275862068966,0.0,0.0,0.0,15.686274509803921,11.76470588235294,3.9215686274509802,21.568627450980394,9.803921568627452,37.254901960784316,0.0,-6.896551724137931,-17.24137931034483,12.237998647734955,8.316430020283974,-2.9749830966869504,11.223799864773497,-7.4374577417173775,2.772143340094658,"BRACKET, PARKING LOCK PAWL",40.0,サトープレス工業（株）,1.0,1.0,1.78,1Y,ＴＰ３３１フタナシ,0.012,2.47,手配,29.0,51.0,3.02,1.3199999999999994,-1.7000000000000006,1.320771175726929,1.699228824273071,0.6724640156135637,0.6475359843864357,31.4715,41.4615,30.454749999999997,40.78975
29,3559850A010,0.0,0.0,25.0,0.0,0.0,25.0,0.0,50.0,0.0,0.0,0.0,15.0,15.0,15.0,5.0,5.0,20.0,25.0,0.0,0.0,-10.0,15.0,15.0,-20.0,5.0,-30.0,25.0,"PIN SUB-ASSY, PARKING LOCK",100.0,アイコー（株）,1.0,2.0,3.92,1Y,ＴＰ１３１フタナシ,0.006,3.86,手配,4.0,20.0,4.165,1.8899999999999997,-2.2750000000000004,2.0469279393173205,2.1180720606826795,1.1561600390339108,0.7338399609660888,20.982,22.98,19.603,21.67
30,35771ECB010,1.694915254237288,0.0,17.796610169491526,72.88135593220339,5.084745762711865,0.0,0.0,0.0,2.5423728813559325,0.0,22.61904761904762,38.2936507936508,21.23015873015873,1.3888888888888888,0.1984126984126984,0.0,4.166666666666666,12.103174603174603,-1.694915254237288,22.61904761904762,20.497040624159272,-51.651197202044656,-3.6958568738229762,0.1984126984126984,0.0,4.166666666666666,9.56080172181867,"SHAFT, OUTPUT",4.0,アイシン機工（株）,1.0,6.0,4.92,1Y,ＴＰ３４１フタナシ,0.017,10.5,手配,118.0,511.0,0.75,0.5699999999999998,-0.18000000000000016,0.9390771175726956,-0.18907711757269563,0.820739204684062,-0.2507392046840622,392.61,409.26,406.065,423.29
31,35771ECE010,0.9433962264150944,0.0,0.0,50.0,22.641509433962266,16.037735849056602,1.8867924528301887,0.9433962264150944,7.547169811320755,0.0,15.207373271889402,19.81566820276498,11.52073732718894,12.903225806451612,11.29032258064516,5.299539170506913,2.5345622119815667,21.428571428571427,-0.9433962264150944,15.207373271889402,19.81566820276498,-38.47926267281106,-9.738283627510654,-4.747413268411442,3.412746717676724,1.5911659855664724,13.881401617250672,"SHAFT, OUTPUT",6.0,アイシン機工（株）,1.0,6.0,4.92,1Y,ＴＰ３４１フタナシ,0.017,9.6,手配,106.0,440.0,0.94,0.8799999999999999,-0.06000000000000005,0.9448514184695682,-0.004851418469568269,0.8141379310344943,0.06586206896550562,344.51,359.1044444444444,347.8,362.5777777777778
32,35847ECB010,0.0,0.0,6.666666666666667,0.0,6.666666666666667,6.666666666666667,26.666666666666668,6.666666666666667,46.666666666666664,0.0,0.0,3.125,6.25,9.375,6.25,3.125,9.375,62.5,0.0,0.0,-3.541666666666667,6.25,2.708333333333333,-0.41666666666666696,-23.541666666666668,2.708333333333333,15.833333333333336,"TUBE, TRANSAXLE LUBE APPLY",80.0,（株）メタルテック,1.0,1.0,1.9,1Y,ＴＰ３３２フタナシ,0.022000000000000002,2.9,手配,15.0,32.0,3.850000000000001,2.5100000000000002,-1.3400000000000007,1.6215423514538545,2.2284576485461463,0.7149280312271282,1.795071968772872,15.737250000000001,20.73225,14.177125,19.344625
33,35847ECB020,0.0,0.0,7.6923076923076925,0.0,7.6923076923076925,15.384615384615385,15.384615384615385,23.076923076923077,30.76923076923077,0.0,0.0,0.0,0.0,3.3333333333333335,10.0,10.0,20.0,56.666666666666664,0.0,0.0,-7.6923076923076925,0.0,-4.3589743589743595,-5.384615384615385,-5.384615384615385,-3.0769230769230766,25.897435897435894,"TUBE, TRANSAXLE LUBE APPLY",70.0,（株）メタルテック,1.0,1.0,1.9,1Y,ＴＰ３３２フタナシ,0.022000000000000002,2.74,手配,13.0,30.0,3.1500000000000004,2.37,-0.7800000000000002,1.5488495575221233,1.601150442477877,0.6793120273237383,1.6906879726762618,17.271428571428572,22.98,15.764285714285714,21.67
34,35847ECE010,0.0,0.0,15.625,15.625,0.0,3.125,6.25,15.625,43.75,0.0,0.0,1.5151515151515151,0.0,9.090909090909092,3.0303030303030303,4.545454545454546,12.121212121212121,69.6969696969697,0.0,0.0,-14.109848484848484,-15.625,9.090909090909092,-0.09469696969696972,-1.7045454545454541,-3.503787878787879,25.946969696969703,"TUBE, TRANSAXLE LUBE APPLY",40.0,（株）メタルテック,1.0,1.0,1.9,1Y,ＴＰ３３２フタナシ,0.022000000000000002,3.3,手配,32.0,66.0,3.1000000000000005,2.1800000000000006,-0.9199999999999999,1.2723427897971191,1.8276572102028814,0.580459770114942,1.5995402298850587,35.8375,48.9725,34.25,47.55
35,35847ECE020,0.0,0.0,4.761904761904762,9.523809523809524,4.761904761904762,19.047619047619047,9.523809523809524,19.047619047619047,33.33333333333333,0.0,0.0,2.2222222222222223,2.2222222222222223,2.2222222222222223,4.444444444444445,8.88888888888889,15.555555555555555,64.44444444444444,0.0,0.0,-2.5396825396825395,-7.301587301587301,-2.5396825396825395,-14.603174603174603,-0.6349206349206344,-3.492063492063492,31.111111111111114,"TUBE, TRANSAXLE LUBE APPLY",60.0,（株）メタルテック,1.0,1.0,1.9,1Y,ＴＰ３３２フタナシ,0.022000000000000002,3.5,手配,21.0,45.0,2.9700000000000006,2.4300000000000006,-0.54,1.38851418469568,1.5814858153043205,0.6106896551724142,1.8193103448275862,24.453833333333332,33.210499999999996,22.723333333333333,31.59
36,35882ECB010,0.0,0.0,28.57142857142857,0.0,9.523809523809524,14.285714285714285,14.285714285714285,9.523809523809524,23.809523809523807,0.0,0.0,8.695652173913043,0.0,6.521739130434782,2.1739130434782608,13.043478260869565,26.08695652173913,43.47826086956522,0.0,0.0,-19.875776397515526,0.0,-3.0020703933747415,-12.111801242236023,-1.2422360248447202,16.563146997929607,19.668737060041412,"TUBE, DIFFERENTIAL GEAR LUBE APPLY",50.0,（株）メタルテック,1.0,1.0,1.9,1Y,ＴＰ３３２フタナシ,0.022000000000000002,2.5,手配,21.0,46.0,1.95,1.6700000000000004,-0.2799999999999996,1.4034639696586597,0.5465360303413402,0.6280800195169556,1.0419199804830448,22.98,30.972,21.67,29.938000000000002
37,41310ECB010,0.0,0.0,47.2972972972973,12.162162162162163,14.864864864864865,1.3513513513513513,0.0,24.324324324324326,0.0,0.0,1.7364657814096014,11.95097037793667,20.531154239019408,33.40143003064352,10.41879468845761,6.026557711950971,1.1235955056179776,14.81103166496425,0.0,1.7364657814096014,-35.34632691936063,8.368992076857245,18.536565165778654,9.067443337106258,6.026557711950971,-23.20072881870635,14.81103166496425,"GEAR ASSY, DIFFERENTIAL",2.0,（株）オンド,1.0,4.0,4.0,1Y,サンボックス＃２４Ａフタアリ,0.033,16.99,手配,74.0,1027.0,1.06,0.79,-0.27,1.3245385587863443,-0.26453855878634425,0.700246401561346,0.08975359843865405,702.3,752.25,715.1149999999999,766.7899999999998
38,41310ECE010,0.0,0.0,28.09917355371901,29.75206611570248,32.231404958677686,5.785123966942149,0.0,4.132231404958678,0.0,0.0,1.3385826771653544,3.385826771653543,6.929133858267717,16.22047244094488,16.456692913385826,24.094488188976378,8.11023622047244,23.46456692913386,0.0,1.3385826771653544,-24.713346782065464,-22.822932257434765,-16.010932517732805,10.671568946443678,24.094488188976378,3.9780048155137626,23.46456692913386,"GEAR ASSY, DIFFERENTIAL",2.0,（株）オンド,1.0,4.0,4.0,1Y,サンボックス＃２４Ａフタアリ,0.033,14.51,手配,121.0,1321.0,1.1,1.15,0.04999999999999982,1.3216171394898486,-0.2216171394898485,0.712068965517256,0.43793103448274395,922.4499999999999,988.1249999999999,933.9999999999999,1000.4999999999999
39,5040056001E,0.0,8.333333333333332,12.5,0.0,8.333333333333332,12.5,20.833333333333336,8.333333333333332,29.166666666666668,0.0,0.0,5.88235294117647,8.823529411764707,11.76470588235294,2.941176470588235,35.294117647058826,8.823529411764707,26.47058823529412,0.0,-8.333333333333332,-6.61764705882353,8.823529411764707,3.431372549019608,-9.558823529411764,14.46078431372549,0.49019607843137436,-2.6960784313725483,"CLAMP, TUBE",300.0,サトープレス工業（株）,1.0,1.0,1.78,1Y,ＡＷ１３１フタナシ,0.006,1.545,手配,24.0,34.0,2.84,1.8250000000000002,-1.0149999999999997,1.466156763590391,1.373843236409609,1.0410880702610397,0.7839119297389605,22.313999999999997,28.973999999999997,22.981,29.871000000000002
40,82125ECB010,0.0,0.0,0.0,11.11111111111111,11.11111111111111,11.11111111111111,44.44444444444444,11.11111111111111,11.11111111111111,0.0,0.0,9.523809523809524,9.523809523809524,4.761904761904762,4.761904761904762,0.0,9.523809523809524,61.904761904761905,0.0,0.0,9.523809523809524,-1.587301587301587,-6.349206349206349,-6.349206349206349,-44.44444444444444,-1.587301587301587,50.7936507936508,"WIRE, TRANSMISSION",100.0,矢崎総業（株）,1.0,1.0,1.79,1Y,ＴＰ３３２フタアリ,0.024,9.3,手配,9.0,21.0,2.89,3.1499999999999995,0.25999999999999934,1.7569279393173203,1.1330720606826798,0.8361600390339101,2.3138399609660896,14.5884,18.5844,12.9886,17.1226
41,82125ECE010,0.0,0.0,8.333333333333332,0.0,0.0,8.333333333333332,8.333333333333332,33.33333333333333,41.66666666666667,0.0,3.8461538461538463,3.8461538461538463,7.6923076923076925,0.0,7.6923076923076925,3.8461538461538463,26.923076923076923,46.15384615384615,0.0,3.8461538461538463,-4.4871794871794854,7.6923076923076925,0.0,-0.6410256410256396,-4.4871794871794854,-6.410256410256405,4.487179487179482,"WIRE, TRANSMISSION",100.0,矢崎総業（株）,1.0,1.0,1.79,1Y,ＴＰ３３２フタアリ,0.024,5.8,手配,12.0,26.0,4.705,2.285,-2.42,1.6108569744928034,3.0941430255071967,0.7811494252873564,1.5038505747126436,18.2366,23.4906,16.427999999999997,21.747999999999998
42,82821CWA030,0.0,0.0,0.0,0.0,0.0,0.0,0.0,20.0,80.0,0.0,0.0,0.0,0.0,0.0,4.3478260869565215,8.695652173913043,13.043478260869565,73.91304347826086,0.0,0.0,0.0,0.0,0.0,4.3478260869565215,8.695652173913043,-6.9565217391304355,-6.08695652173914,"COVER, CONNECTOR",200.0,石黒ゴム工業（株）,1.0,2.0,3.64,1Y,ＴＰ３３２フタナシ,0.022000000000000002,1.42,手配,5.0,23.0,6.04,4.79,-1.25,1.9259464519752856,4.114053548024715,1.1090597831920155,3.6809402168079846,22.193749999999998,24.506249999999998,20.61705,22.98055
43,82821ECB010,0.0,0.0,0.0,25.0,0.0,0.0,0.0,25.0,50.0,0.0,0.0,0.0,0.0,8.333333333333332,0.0,0.0,33.33333333333333,58.333333333333336,0.0,0.0,0.0,-25.0,8.333333333333332,0.0,0.0,8.333333333333329,8.333333333333336,"COVER, CONNECTOR",400.0,石黒ゴム工業（株）,1.0,2.0,3.64,1Y,ＴＰ３３２フタナシ,0.022000000000000002,3.01,手配,4.0,12.0,7.359999999999999,5.25,-2.1099999999999994,2.571469748724908,4.788530251275091,1.3879997853846975,3.8620002146153025,12.596874999999999,13.753124999999999,10.808525,11.990275
44,82821ECB020,0.0,0.0,14.285714285714285,0.0,0.0,0.0,14.285714285714285,14.285714285714285,57.14285714285714,0.0,0.0,0.0,0.0,0.0,0.0,8.333333333333332,25.0,66.66666666666666,0.0,0.0,-14.285714285714285,0.0,0.0,0.0,-5.9523809523809526,10.714285714285715,9.523809523809518,"COVER, CONNECTOR",200.0,石黒ゴム工業（株）,1.0,2.0,3.64,1Y,ＴＰ１３１フタナシ,0.006,3.01,手配,7.0,24.0,6.670000000000001,4.85,-1.8200000000000012,1.9257348743624543,4.744265125637547,1.1489998926923493,3.7010001073076504,23.11875,25.43125,21.562450000000002,23.92595
45,82821ECB040,0.0,0.0,0.0,0.0,16.666666666666664,0.0,33.33333333333333,16.666666666666664,33.33333333333333,0.0,0.0,5.0,5.0,5.0,25.0,10.0,20.0,30.0,0.0,0.0,5.0,5.0,-11.666666666666664,25.0,-23.33333333333333,3.3333333333333357,-3.3333333333333286,"COVER, CONNECTOR",100.0,石黒ゴム工業（株）,1.0,2.0,3.64,1Y,ＴＰ３４２フタナシ,0.033,3.3,手配,6.0,20.0,4.83,2.3,-2.5300000000000002,2.006927939317321,2.823072060682679,1.1471505245181748,1.152849475481825,19.5834,21.581400000000002,18.156100000000002,20.223100000000002
46,82821ECB050,0.0,0.0,0.0,0.0,0.0,0.0,62.5,0.0,37.5,0.0,0.0,0.0,0.0,0.0,0.0,6.382978723404255,36.17021276595745,57.446808510638306,0.0,0.0,0.0,0.0,0.0,0.0,-56.11702127659574,36.17021276595745,19.946808510638306,"COVER, CONNECTOR",100.0,石黒ゴム工業（株）,1.0,2.0,3.64,1Y,ＴＰ３３２フタナシ,0.022000000000000002,3.1,手配,8.0,47.0,3.09,3.34,0.25,1.6029732259876412,1.4870267740123586,0.9695298915960058,2.3704701084039943,41.387499999999996,46.012499999999996,40.2341,44.9611
47,82821ECE010,0.0,0.0,0.0,0.0,0.0,0.0,0.0,20.0,80.0,0.0,0.0,0.0,0.0,0.0,0.0,0.0,7.547169811320755,92.45283018867924,0.0,0.0,0.0,0.0,0.0,0.0,0.0,-12.452830188679245,12.452830188679243,"COVER, CONNECTOR",50.0,石黒ゴム工業（株）,1.0,2.0,3.64,1Y,ＴＰ３３２フタナシ,0.022000000000000002,3.1,手配,10.0,53.0,6.675000000000001,5.8599999999999985,-0.8150000000000022,1.570501852475581,5.10449814752442,1.1705843471596895,4.689415652840309,59.217800000000004,64.4718,57.92400000000001,63.24400000000001
48,82821XAE010,0.0,0.0,0.0,0.0,0.0,0.0,30.0,10.0,60.0,0.0,0.0,0.0,0.0,0.0,0.0,8.51063829787234,27.659574468085108,63.829787234042556,0.0,0.0,0.0,0.0,0.0,0.0,-21.48936170212766,17.659574468085108,3.8297872340425556,"COVER, CONNECTOR",100.0,石黒ゴム工業（株）,1.0,2.0,3.64,1Y,ＴＰ１３１フタナシ,0.006,0.37,手配,11.0,47.0,4.86,3.76,-1.1000000000000005,1.6028674371812268,3.2571325628187733,1.0094999463461738,2.750500053653826,43.2375,47.8625,42.124900000000004,46.8519
49,82821XAE020,0.0,0.0,0.0,0.0,0.0,100.0,0.0,0.0,0.0,0.0,0.0,0.0,25.0,0.0,0.0,0.0,25.0,50.0,0.0,0.0,0.0,25.0,0.0,-100.0,0.0,25.0,50.0,"COVER, CONNECTOR",400.0,石黒ゴム工業（株）,1.0,2.0,3.64,1Y,ＴＰ３３２フタナシ,0.022000000000000002,1.42,手配,1.0,4.0,6.079999999999999,6.470000000000001,0.39000000000000146,4.18771175726928,1.8922882427307188,2.0786020980727007,4.3913979019273,7.04595,7.545450000000001,5.185675000000001,5.702425000000001
50,82824ECB010,0.0,3.125,6.25,3.125,0.0,25.0,9.375,9.375,43.75,0.0,0.0,0.0,7.936507936507936,9.523809523809524,9.523809523809524,25.396825396825395,20.634920634920633,26.984126984126984,0.0,-3.125,-6.25,4.811507936507936,9.523809523809524,-15.476190476190476,16.021825396825395,11.259920634920633,-16.765873015873016,"CONNECTOR, WIRING HARNESS",32.0,矢崎総業（株）,1.0,1.0,1.79,1Y,ＴＰ３３１フタアリ,0.013999999999999999,3.18,手配,32.0,63.0,2.76,1.2699999999999996,-1.4900000000000002,1.2626169405815404,1.4973830594184594,0.6519712124908509,0.6180287875091487,38.589375,51.076875,37.818437499999995,50.73718749999999
51,82824ECB020,0.0,0.0,9.375,14.0625,0.0,9.375,26.5625,15.625,25.0,0.0,0.0,0.0,1.694915254237288,9.322033898305085,9.322033898305085,14.40677966101695,29.66101694915254,35.59322033898305,0.0,0.0,-9.375,-12.367584745762713,9.322033898305085,-0.052966101694915224,-12.15572033898305,14.03601694915254,10.593220338983052,"CONNECTOR, WIRING HARNESS",40.0,矢崎総業（株）,1.0,1.0,1.79,1Y,ＴＰ３３１フタアリ,0.013999999999999999,5.7,手配,64.0,118.0,2.005,1.59,-0.4149999999999998,1.159146974872493,0.8458530251275069,0.6250692134349163,0.9649307865650838,70.0625,93.1875,69.5415,93.1765
52,9010506A003,0.0,0.0,0.0,0.0,0.0,0.0,100.0,0.0,0.0,0.0,0.0,0.0,0.0,0.0,0.0,20.0,0.0,80.0,0.0,0.0,0.0,0.0,0.0,0.0,-80.0,0.0,80.0,"BOLT, FLANGE",2000.0,（株）青山製作所,1.0,6.0,5.76,1Y,ＴＰ３３１フタナシ,0.012,12.63,手配,1.0,5.0,7.72,10.47,2.750000000000001,4.584639696586598,3.1353603034134014,1.8008001951695538,8.669199804830447,5.077920000000001,5.211120000000001,3.14968,3.28748
53,9010506A089,0.0,0.0,0.0,33.33333333333333,0.0,66.66666666666666,0.0,0.0,0.0,0.0,0.0,0.0,14.285714285714285,14.285714285714285,0.0,28.57142857142857,28.57142857142857,14.285714285714285,0.0,0.0,0.0,-19.047619047619044,14.285714285714285,-66.66666666666666,28.57142857142857,28.57142857142857,14.285714285714285,"BOLT, FLANGE",1500.0,（株）青山製作所,1.0,6.0,5.76,1Y,ＴＰ３３１フタナシ,0.012,10.13,手配,3.0,7.0,4.23,5.44,1.21,3.3715057788592016,0.8584942211407989,3.035143255714132,2.4048567442858686,6.083333333333334,6.28888888888889,6.1513333333333335,6.361422222222222
54,9010508A014,0.0,0.0,0.0,32.407407407407405,43.51851851851852,1.8518518518518516,8.333333333333332,3.7037037037037033,10.185185185185185,0.0,0.0,0.2857142857142857,2.0,8.285714285714285,29.428571428571427,40.285714285714285,2.857142857142857,16.857142857142858,0.0,0.0,0.2857142857142857,-30.407407407407405,-35.232804232804234,27.576719576719576,31.952380952380953,-0.8465608465608461,6.6719576719576725,"BOLT, FLANGE",500.0,（株）青山製作所,1.0,6.0,5.76,1Y,ＴＰ３３１フタナシ,0.012,8.83,手配,108.0,355.0,1.0799999999999998,0.94,-0.1399999999999999,0.9927308082934988,0.08726919170650105,0.5847106581692807,0.35528934183071925,192.0108,203.67813333333334,196.04460000000003,207.96093333333337
55,9010508A042,0.0,0.0,9.090909090909092,36.36363636363637,9.090909090909092,9.090909090909092,18.181818181818183,18.181818181818183,0.0,0.0,6.0606060606060606,12.121212121212121,30.303030303030305,21.21212121212121,12.121212121212121,9.090909090909092,0.0,9.090909090909092,0.0,6.0606060606060606,3.0303030303030294,-6.060606060606062,12.12121212121212,3.0303030303030294,-9.090909090909092,-18.181818181818183,9.090909090909092,"BOLT, FLANGE",300.0,（株）青山製作所,1.0,6.0,5.76,1Y,ＴＰ３３１フタナシ,0.012,10.22,手配,11.0,33.0,1.56,0.69,-0.8700000000000001,1.3861567635903922,0.17384323640960786,0.6836960234203461,0.006303976579653869,20.649,21.759,19.2585,20.406833333333335
56,9010512A018,0.0,0.0,24.107142857142858,38.392857142857146,13.392857142857142,4.464285714285714,0.0,2.6785714285714284,16.964285714285715,0.0,0.3125,5.9375,18.4375,31.874999999999996,25.624999999999996,1.875,0.0,15.937499999999998,0.0,0.3125,-18.169642857142858,-19.955357142857146,18.482142857142854,21.16071428571428,1.875,-2.6785714285714284,-1.026785714285717,"BOLT, FLANGE",200.0,（株）青山製作所,1.0,6.0,5.76,1Y,ＴＰ３３１フタナシ,0.012,9.85,手配,112.0,324.0,0.935,0.95,0.014999999999999902,0.9968718157733784,-0.0618718157733783,0.7891327676566069,0.16086723234339306,174.4284,185.0104,243.47039999999998,254.30239999999998
57,9011906908,0.0,0.0,0.0,0.0,0.0,100.0,0.0,0.0,0.0,0.0,50.0,0.0,0.0,0.0,25.0,0.0,0.0,25.0,0.0,50.0,0.0,0.0,0.0,-75.0,0.0,0.0,25.0,"BOLT, W/WASHER",2000.0,（株）青山製作所,1.0,6.0,5.76,1Y,ＴＰ３３１フタナシ,0.012,15.83,手配,2.0,4.0,7.03,4.405000000000001,-2.624999999999999,5.421373489291384,1.608626510708616,5.235185571620212,-0.8301855716202109,4.78821,4.898593333333333,4.83438,4.947613333333334
58,9011906A065,0.0,25.0,0.0,0.0,0.0,25.0,25.0,0.0,25.0,0.0,0.0,0.0,0.0,0.0,23.076923076923077,15.384615384615385,23.076923076923077,38.46153846153847,0.0,-25.0,0.0,0.0,0.0,-1.9230769230769234,-9.615384615384615,23.076923076923077,13.461538461538467,"BOLT, FLANGE W/WASHER",1000.0,（株）青山製作所,1.0,6.0,5.76,1Y,ＴＰ３３１フタナシ,0.012,11.83,手配,4.0,14.0,3.375,2.0000000000000004,-1.3749999999999996,2.0262247906040898,1.3487752093959102,0.9055767786243155,1.0944232213756848,10.353750000000002,10.816250000000002,8.51593,8.98863
59,9014908A008,0.0,0.0,25.0,0.0,0.0,0.0,25.0,25.0,25.0,0.0,0.0,0.0,35.294117647058826,0.0,11.76470588235294,11.76470588235294,17.647058823529413,23.52941176470588,0.0,0.0,-25.0,35.294117647058826,0.0,11.76470588235294,-13.23529411764706,-7.352941176470587,-1.4705882352941195,SCREW,800.0,（株）青山製作所,1.0,6.0,5.76,1Y,ＴＰ３３１フタナシ,0.012,10.59,手配,4.0,17.0,3.51,1.2500000000000002,-2.26,1.810979832483272,1.6990201675167278,0.8204614228994526,0.42953857710054766,12.01875,12.596875,10.21765,10.808525000000001
60,9015905A007,0.0,0.0,0.0,33.33333333333333,0.0,0.0,33.33333333333333,33.33333333333333,0.0,0.0,0.0,0.0,15.384615384615385,30.76923076923077,7.6923076923076925,0.0,38.46153846153847,7.6923076923076925,0.0,0.0,0.0,-17.948717948717942,30.76923076923077,7.6923076923076925,-33.33333333333333,5.128205128205138,7.6923076923076925,"SCREW, W/WASHER",2000.0,（株）青山製作所,1.0,6.0,5.76,1Y,ＴＰ３３１フタナシ,0.012,9.43,手配,3.0,14.0,3.09,2.13,-0.96,2.0265774199588096,1.0634225800411903,1.6569722013523671,0.4730277986476328,10.353750000000002,10.816250000000002,10.51593,10.98863
61,9015906A021,0.0,9.090909090909092,0.0,27.27272727272727,9.090909090909092,27.27272727272727,0.0,18.181818181818183,9.090909090909092,0.0,12.903225806451612,16.129032258064516,3.225806451612903,12.903225806451612,25.806451612903224,9.67741935483871,6.451612903225806,12.903225806451612,0.0,3.8123167155425204,16.129032258064516,-24.046920821114366,3.8123167155425204,-1.4662756598240456,9.67741935483871,-11.730205278592377,3.8123167155425204,"SCREW, W/WASHER",1200.0,（株）青山製作所,1.0,6.0,5.76,1Y,ＴＰ３３１フタナシ,0.012,9.71,手配,11.0,32.0,1.8799999999999997,1.28,-0.5999999999999996,1.4089800443458975,0.47101995565410215,1.000708090647812,0.27929190935218795,19.899133333333335,20.982411111111112,20.282633333333333,21.390494444444442
62,9015906A022,0.0,0.0,15.384615384615385,7.6923076923076925,15.384615384615385,23.076923076923077,15.384615384615385,15.384615384615385,7.6923076923076925,0.0,2.272727272727273,2.272727272727273,9.090909090909092,25.0,34.090909090909086,9.090909090909092,0.0,18.181818181818183,0.0,2.272727272727273,-13.111888111888112,1.3986013986013992,9.615384615384615,11.01398601398601,-6.293706293706293,-15.384615384615385,10.48951048951049,"SCREW, W/WASHER",1500.0,（株）青山製作所,1.0,6.0,5.76,1Y,ＴＰ３３１フタナシ,0.012,10.13,手配,13.0,45.0,1.8,1.13,-0.6700000000000002,1.272927879440259,0.5270721205597411,0.8480553766902763,0.2819446233097236,26.587500000000002,28.12916666666667,27.1077,28.683366666666668
63,9015906A023,0.0,0.0,25.0,0.0,0.0,0.0,25.0,25.0,25.0,0.0,0.0,10.0,10.0,20.0,10.0,0.0,10.0,40.0,0.0,0.0,-15.0,10.0,20.0,10.0,-25.0,-15.0,15.0,"SCREW, W/WASHER",1300.0,（株）青山製作所,1.0,6.0,5.76,1Y,ＴＰ３３１フタナシ,0.012,9.67,手配,4.0,11.0,4.625,4.26,-0.3650000000000002,2.3495506459464517,2.2754493540535483,1.9850638617580776,2.274936138241922,8.55,8.90576923076923,8.6724,9.036015384615384
64,9020150A002,0.0,0.0,16.666666666666664,50.0,0.0,0.0,33.33333333333333,0.0,0.0,0.0,0.0,5.88235294117647,11.76470588235294,5.88235294117647,5.88235294117647,17.647058823529413,17.647058823529413,35.294117647058826,0.0,0.0,-10.784313725490193,-38.23529411764706,5.88235294117647,5.88235294117647,-15.686274509803916,17.647058823529413,35.294117647058826,"WASHER, PLATE",100.0,（株）ムロコーポレーション,1.0,1.0,0.73,1Y,ＴＰ１３１フタナシ,0.006,6.9,手配,6.0,20.0,1.3050000000000002,2.1,0.7949999999999999,1.6569279393173202,-0.35192793931732,0.9861600390339111,1.113839960966089,17.1858,21.1818,16.089100000000002,20.223100000000002
65,9020156A001,0.0,0.0,0.0,0.0,0.0,50.0,25.0,25.0,0.0,0.0,0.0,5.88235294117647,5.88235294117647,5.88235294117647,5.88235294117647,11.76470588235294,17.647058823529413,47.05882352941176,0.0,0.0,5.88235294117647,5.88235294117647,5.88235294117647,-44.11764705882353,-13.23529411764706,-7.352941176470587,47.05882352941176,"WASHER, PLATE",100.0,（株）ムロコーポレーション,1.0,1.0,0.73,1Y,ＴＰ１３１フタナシ,0.006,13.86,手配,4.0,20.0,2.79,2.63,-0.16000000000000014,1.6569279393173202,1.1330720606826798,1.0061600390339114,1.6238399609660885,17.5854,21.5814,16.5025,20.6365
66,9020156A002,0.0,0.0,12.5,37.5,12.5,0.0,0.0,12.5,25.0,0.0,0.0,4.761904761904762,9.523809523809524,14.285714285714285,14.285714285714285,9.523809523809524,14.285714285714285,33.33333333333333,0.0,0.0,-7.738095238095238,-27.976190476190474,1.7857142857142847,14.285714285714285,9.523809523809524,1.7857142857142847,8.333333333333329,"WASHER, PLATE",100.0,（株）ムロコーポレーション,1.0,1.0,0.73,1Y,ＴＰ１３１フタナシ,0.006,10.47,手配,8.0,25.0,1.585,1.8600000000000003,0.27500000000000036,1.510856974492803,0.07414302550719687,0.9311494252873559,0.9288505747126444,21.651699999999998,26.905699999999996,20.418,25.738
67,9025006A007,0.0,0.0,0.0,100.0,0.0,0.0,0.0,0.0,0.0,0.0,0.0,5.555555555555555,11.11111111111111,22.22222222222222,11.11111111111111,11.11111111111111,0.0,38.88888888888889,0.0,0.0,5.555555555555555,-88.88888888888889,22.22222222222222,11.11111111111111,11.11111111111111,0.0,38.88888888888889,"PIN, STRAIGHT",200.0,（株）ギフ加藤製作所,1.0,2.0,3.8,1Y,ＡＷ１３１フタナシ,0.005,0.84,手配,2.0,18.0,1.4,1.76,0.3600000000000001,1.83692793931732,-0.43692793931732,1.0161600390339103,0.7438399609660897,18.184800000000003,20.182800000000004,16.709200000000003,18.776200000000003
68,9030106A018,20.0,20.0,0.0,0.0,20.0,0.0,20.0,20.0,0.0,0.0,16.666666666666664,0.0,0.0,16.666666666666664,8.333333333333332,0.0,16.666666666666664,41.66666666666667,-20.0,-3.3333333333333357,0.0,0.0,-3.3333333333333357,8.333333333333332,-20.0,-3.3333333333333357,41.66666666666667,"RING, O",2000.0,ＮＯＫ（株）,1.0,2.0,3.52,1Y,ＴＰ１３１フタナシ,0.006,0.6,手配,5.0,12.0,2.7700000000000005,3.85,1.0799999999999996,2.2209512109512106,0.5490487890487898,1.8308530853488802,2.01914691465112,9.85832,11.083020000000001,10.030520000000001,11.28597
69,9030111A014,0.0,14.285714285714285,14.285714285714285,14.285714285714285,0.0,14.285714285714285,14.285714285714285,28.57142857142857,0.0,0.0,0.0,4.3478260869565215,4.3478260869565215,8.695652173913043,13.043478260869565,13.043478260869565,13.043478260869565,43.47826086956522,0.0,-14.285714285714285,-9.937888198757763,-9.937888198757763,8.695652173913043,-1.2422360248447202,-1.2422360248447202,-15.527950310559005,43.47826086956522,"RING, O",1000.0,ＮＯＫ（株）,1.0,2.0,3.52,1Y,ＴＰ１３１フタナシ,0.006,0.6,手配,7.0,23.0,2.08,2.82,0.7399999999999998,1.6557348743624543,0.4242651256375458,1.2360382015237688,1.583961798476231,15.950000000000001,18.262500000000003,16.2356,18.5991
70,9030115A011,0.0,100.0,0.0,0.0,0.0,0.0,0.0,0.0,0.0,0.0,0.0,0.0,20.0,20.0,0.0,20.0,20.0,20.0,0.0,-100.0,0.0,20.0,20.0,0.0,20.0,20.0,20.0,"RING, O",1000.0,ＮＯＫ（株）,1.0,2.0,3.52,1Y,ＴＰ１３１フタナシ,0.006,0.7,手配,1.0,5.0,1.9300000000000008,2.6100000000000003,0.6799999999999995,3.914284872464012,-1.9842848724640112,1.5657471264367815,1.0442528735632188,5.94224,6.46764,3.9792000000000005,4.5112000000000005
71,9030117A010,0.0,0.0,0.0,0.0,0.0,0.0,100.0,0.0,0.0,0.0,0.0,28.57142857142857,0.0,0.0,0.0,14.285714285714285,42.857142857142854,14.285714285714285,0.0,0.0,28.57142857142857,0.0,0.0,0.0,-85.71428571428572,42.857142857142854,14.285714285714285,"RING, O",1000.0,ＮＯＫ（株）,1.0,2.0,3.52,1Y,ＴＰ１３１フタナシ,0.006,0.8,手配,1.0,7.0,5.86,6.039999999999999,0.17999999999999883,3.2456867446456923,2.614313255354308,2.8875927858101065,3.1524072141898927,6.576420000000001,7.238720000000001,6.668760000000001,7.348160000000001
72,9030119A010,0.0,0.0,0.0,0.0,100.0,0.0,0.0,0.0,0.0,0.0,0.0,0.0,0.0,0.0,0.0,0.0,20.0,80.0,0.0,0.0,0.0,0.0,-100.0,0.0,0.0,20.0,80.0,"RING, O",1000.0,ＮＯＫ（株）,1.0,2.0,3.52,1Y,ＴＰ１３１フタナシ,0.006,0.8,手配,1.0,5.0,4.64,7.26,2.62,3.914284872464012,0.7257151275359877,1.5857471264367815,5.674252873563218,6.047319999999999,6.5727199999999995,4.0855999999999995,4.6175999999999995
73,9030119A011,0.0,20.0,0.0,40.0,0.0,0.0,0.0,40.0,0.0,0.0,0.0,4.761904761904762,19.047619047619047,9.523809523809524,4.761904761904762,9.523809523809524,14.285714285714285,38.095238095238095,0.0,-20.0,4.761904761904762,-20.952380952380953,9.523809523809524,4.761904761904762,9.523809523809524,-25.714285714285715,38.095238095238095,"RING, O",200.0,ＮＯＫ（株）,1.0,2.0,3.52,1Y,ＴＰ１３１フタナシ,0.006,0.58,手配,5.0,21.0,1.6399999999999997,2.0700000000000003,0.4300000000000006,1.7369279393173196,-0.09692793931731991,0.7961600390339107,1.2738399609660895,13.789200000000001,15.7872,12.161800000000001,14.228800000000001
74,9031150A014,0.0,0.0,23.076923076923077,15.384615384615385,7.6923076923076925,30.76923076923077,7.6923076923076925,7.6923076923076925,7.6923076923076925,0.0,0.0,1.7543859649122806,8.771929824561402,8.771929824561402,17.543859649122805,24.561403508771928,12.280701754385964,26.31578947368421,0.0,0.0,-21.322537112010796,-6.612685560053983,1.0796221322537098,-13.225371120107965,16.869095816464235,4.5883940620782715,18.623481781376515,"SEAL, TYPE T OIL",84.0,ＮＯＫ（株）,1.0,2.0,3.52,1Y,サンボックス＃２４Ｂフタナシ,0.021,5.257999999999999,手配,13.0,57.0,1.63,1.11,-0.5199999999999998,1.281208647232232,0.34879135276776796,0.6346453482133272,0.4753546517866729,32.73214285714286,38.23809523809524,31.387857142857147,37.0152380952381
75,9031150A015,0.0,8.333333333333332,33.33333333333333,8.333333333333332,0.0,0.0,8.333333333333332,25.0,16.666666666666664,0.0,0.0,0.0,19.642857142857142,17.857142857142858,12.5,14.285714285714285,10.714285714285714,25.0,0.0,-8.333333333333332,-33.33333333333333,11.30952380952381,17.857142857142858,12.5,5.9523809523809526,-14.285714285714286,8.333333333333336,"SEAL, TYPE T OIL",84.0,ＮＯＫ（株）,1.0,2.0,3.52,1Y,サンボックス＃２４Ｂフタナシ,0.021,5.56,手配,12.0,56.0,1.5250000000000001,0.97,-0.5550000000000002,1.2812086472322315,0.24379135276776864,0.6246453482133276,0.34535465178667235,32.18154761904762,37.6875,30.82511904761905,36.4525
76,9033904A002,0.0,0.0,0.0,0.0,0.0,100.0,0.0,0.0,0.0,0.0,0.0,0.0,0.0,0.0,33.33333333333333,0.0,66.66666666666666,0.0,0.0,0.0,0.0,0.0,0.0,-66.66666666666667,0.0,66.66666666666666,0.0,CAP,1000.0,サトープレス工業（株）,1.0,1.0,1.78,1Y,ＡＷ１３１フタナシ,0.006,0.97,手配,3.0,3.0,6.0699999999999985,4.53,-1.5399999999999983,4.258674371812268,1.8113256281877304,1.736730335872948,2.7932696641270525,5.82125,6.74625,3.88347,4.82887
77,9034108A006,0.0,20.0,20.0,20.0,0.0,0.0,0.0,40.0,0.0,0.0,5.263157894736842,10.526315789473683,10.526315789473683,15.789473684210526,5.263157894736842,5.263157894736842,10.526315789473683,36.84210526315789,0.0,-14.736842105263158,-9.473684210526317,-9.473684210526317,15.789473684210526,5.263157894736842,5.263157894736842,-29.473684210526315,36.84210526315789,"PLUG, W/HEAD STRAIGHT SCREW",1000.0,（株）杉浦製作所,1.0,2.0,1.06,1Y,ＴＰ３３１フタナシ,0.012,7.4,手配,7.0,19.0,1.63,1.97,0.3400000000000001,1.7064993261455534,-0.07649932614555355,1.2913293051359525,0.6786706948640475,13.863940000000001,15.91374,14.116750000000001,16.21425
78,9034108A010,0.0,100.0,0.0,0.0,0.0,0.0,0.0,0.0,0.0,0.0,0.0,0.0,0.0,0.0,33.33333333333333,0.0,0.0,66.66666666666666,0.0,-100.0,0.0,0.0,0.0,33.33333333333333,0.0,0.0,66.66666666666666,"PLUG, W/HEAD STRAIGHT SCREW",1000.0,（株）杉浦製作所,1.0,2.0,1.06,1Y,ＴＰ３３１フタナシ,0.012,7.4,手配,1.0,3.0,1.7599999999999998,5.75,3.99,4.614639696586599,-2.8546396965865988,1.7508001951695538,3.9991998048304462,4.87812,5.27772,2.9429800000000004,3.3563800000000006
79,9034118090,0.0,0.0,20.0,0.0,20.0,20.0,0.0,20.0,20.0,0.0,0.0,0.0,13.333333333333334,6.666666666666667,40.0,0.0,20.0,20.0,0.0,0.0,-20.0,13.333333333333334,-13.333333333333332,20.0,0.0,0.0,0.0,"PLUG, W/HEAD STRAIGHT SCREW",300.0,（株）杉浦製作所,1.0,2.0,1.06,1Y,ＴＰ３３１フタナシ,0.012,10.36,手配,8.0,15.0,2.63,2.29,-0.33999999999999986,1.9486023115436808,0.6813976884563191,1.5540573022856532,0.7359426977143468,11.325000000000001,12.866666666666667,11.5086,13.084266666666666
80,9034118A024,0.0,0.0,50.0,0.0,0.0,0.0,0.0,50.0,0.0,0.0,0.0,7.6923076923076925,7.6923076923076925,7.6923076923076925,7.6923076923076925,7.6923076923076925,46.15384615384615,15.384615384615385,0.0,0.0,-42.30769230769231,7.6923076923076925,7.6923076923076925,7.6923076923076925,7.6923076923076925,-3.8461538461538467,15.384615384615385,"PLUG, W/HEAD STRAIGHT SCREW",200.0,（株）青山製作所,1.0,6.0,5.76,1Y,ＴＰ１３１フタナシ,0.006,6.27,手配,4.0,14.0,3.14,4.15,1.0100000000000002,2.111713948985604,1.0282860510143963,1.7268965517241384,2.423103448275862,9.830200000000001,10.268033333333335,9.916,10.359333333333334
81,9036324A003,0.0,0.0,3.7037037037037033,37.03703703703704,18.51851851851852,7.4074074074074066,18.51851851851852,14.814814814814813,0.0,0.0,3.4090909090909087,12.5,32.95454545454545,26.136363636363637,10.227272727272728,3.4090909090909087,0.0,11.363636363636363,0.0,3.4090909090909087,8.796296296296298,-4.082491582491585,7.617845117845118,2.819865319865322,-15.10942760942761,-14.814814814814813,11.363636363636363,"BEARING, RADIAL BALL",22.0,日本精工（株）,1.0,8.0,9.0,1Y,テンバコ１０フタナシ,0.015,12.85,手配,27.0,93.0,1.23,0.8099999999999998,-0.42000000000000015,1.1099241466498133,0.12007585335018667,0.7963552085874579,0.013644791412541935,70.20545454545454,72.47590909090908,69.58681818181817,71.9356818181818
82,9036324A004,0.0,0.0,0.0,31.48148148148148,51.85185185185185,5.555555555555555,0.0,0.0,11.11111111111111,0.0,3.3557046979865772,10.06711409395973,14.093959731543624,35.57046979865772,17.449664429530202,2.013422818791946,1.342281879194631,16.10738255033557,0.0,3.3557046979865772,10.06711409395973,-17.387521749937857,-16.28138205319413,11.894108873974647,2.013422818791946,1.342281879194631,4.996271439224458,"BEARING, RADIAL BALL",30.0,日本精工（株）,1.0,8.0,9.0,1Y,テンバコ１０フタナシ,0.015,9.978,手配,54.0,158.0,1.11,0.9000000000000001,-0.20999999999999996,1.0468602311543689,0.06313976884563122,0.7738019100761907,0.12619808992380943,117.08333333333333,120.9375,116.02366666666666,119.96283333333332
83,9036324A005,0.0,0.0,0.0,0.0,3.0303030303030303,24.242424242424242,45.45454545454545,0.0,27.27272727272727,0.0,0.0,1.7241379310344827,8.620689655172415,21.551724137931032,26.72413793103448,18.96551724137931,0.8620689655172413,21.551724137931032,0.0,0.0,1.7241379310344827,8.620689655172415,18.521421107628,2.4817136886102382,-26.489028213166144,0.8620689655172413,-5.721003134796238,"BEARING, RADIAL BALL",22.0,日本精工（株）,1.0,8.0,9.0,1Y,サンボックス＃Ｋ１０Ｂフタナシ,0.015,11.86,手配,33.0,123.0,1.7600000000000002,1.045,-0.7150000000000003,0.9500000000000018,0.8099999999999984,0.7342528735632206,0.3107471264367794,57.31636363636363,60.301590909090905,83.21818181818182,86.24090909090908
84,9036340A010,0.0,0.0,3.225806451612903,25.806451612903224,38.70967741935484,9.67741935483871,3.225806451612903,3.225806451612903,16.129032258064516,0.0,0.0,5.357142857142857,19.642857142857142,31.25,19.642857142857142,2.6785714285714284,1.7857142857142856,19.642857142857142,0.0,0.0,2.1313364055299537,-6.163594470046082,-7.45967741935484,9.965437788018432,-0.5472350230414746,-1.4400921658986174,3.5138248847926263,"BEARING, RADIAL BALL",80.0,日本精工（株）,1.0,8.0,9.0,1Y,サンボックス＃Ｋ１０Ｂフタナシ,0.015,9.301,手配,31.0,118.0,1.23,1.0299999999999998,-0.20000000000000018,1.0991469748724936,0.1308530251275064,0.875207640304752,0.15479235969524785,90.875,93.765625,89.26774999999999,92.22212499999999
85,9036628A005,0.0,0.0,0.0,0.0,0.0,12.5,0.0,18.75,68.75,0.0,0.0,0.0,11.428571428571429,8.571428571428571,2.857142857142857,8.571428571428571,34.285714285714285,34.285714285714285,0.0,0.0,0.0,11.428571428571429,8.571428571428571,-9.642857142857142,8.571428571428571,15.535714285714285,-34.464285714285715,"RACE, TAPERED ROLLER BEARING, INNER",60.0,（株）ジェイテクト,1.0,1.0,1.9,1Y,サンボックス＃９Ｆフタナシ,0.013000000000000001,11.26,手配,16.0,35.0,5.04,1.8100000000000005,-3.2299999999999995,1.456156763590392,3.5838432364096082,0.7736960234203466,1.0363039765796538,23.979,30.639,22.359,29.249000000000002
86,9036628A006,0.0,0.0,0.0,0.0,0.0,0.0,22.22222222222222,22.22222222222222,55.55555555555556,0.0,0.0,0.0,0.0,0.0,8.0,16.0,28.000000000000004,48.0,0.0,0.0,0.0,0.0,0.0,8.0,-6.222222222222221,5.777777777777782,-7.555555555555557,"RACE, TAPERED ROLLER BEARING, OUTER",80.0,（株）ジェイテクト,1.0,1.0,1.9,1Y,サンボックス＃９Ｆフタナシ,0.013000000000000001,10.94,手配,9.0,25.0,4.83,2.34,-2.49,1.6015423514538565,3.2284576485461436,0.8249280312271282,1.5150719687728715,18.734250000000003,23.729250000000004,17.01925,22.18675
87,9036628A007,0.0,0.0,0.0,0.0,0.0,7.142857142857142,7.142857142857142,28.57142857142857,57.14285714285714,0.0,0.0,0.0,2.7027027027027026,2.7027027027027026,2.7027027027027026,16.216216216216218,18.91891891891892,56.75675675675676,0.0,0.0,0.0,2.7027027027027026,2.7027027027027026,-4.44015444015444,9.073359073359075,-9.65250965250965,-0.3861003861003809,"RACE, TAPERED ROLLER BEARING, INNER",72.0,（株）ジェイテクト,1.0,1.0,1.9,1Y,サンボックス＃９Ｆフタナシ,0.013000000000000001,11.644,手配,14.0,37.0,4.695,2.8,-1.8950000000000005,1.4382170216348173,3.256782978365183,0.7148275862068965,2.0851724137931034,24.161944444444444,31.45916666666667,22.05833333333333,29.44722222222222
88,9036628A008,0.0,0.0,10.0,0.0,0.0,0.0,10.0,20.0,60.0,0.0,0.0,0.0,0.0,7.6923076923076925,0.0,11.538461538461538,23.076923076923077,57.692307692307686,0.0,0.0,-10.0,0.0,7.6923076923076925,0.0,1.5384615384615383,3.0769230769230766,-2.3076923076923137,"RACE, TAPERED ROLLER BEARING, OUTER",100.0,（株）ジェイテクト,1.0,1.0,1.9,1Y,サンボックス＃９Ｆフタナシ,0.013000000000000001,10.1,手配,10.0,26.0,5.93,2.8900000000000006,-3.039999999999999,1.6008569744928014,4.329143025507198,0.7811494252873564,2.108850574712644,18.499299999999998,23.753299999999996,16.427999999999997,21.747999999999998
89,9036630A017,0.0,0.0,0.0,0.0,0.0,12.0,16.0,20.0,52.0,0.0,0.0,0.0,3.076923076923077,7.6923076923076925,0.0,18.461538461538463,30.76923076923077,40.0,0.0,0.0,0.0,3.076923076923077,7.6923076923076925,-12.0,2.4615384615384635,10.76923076923077,-12.0,"RACE, TAPERED ROLLER BEARING, OUTER",72.0,（株）ジェイテクト,1.0,1.0,1.9,1Y,サンボックス＃９Ｆフタナシ,0.013000000000000001,10.492,手配,25.0,65.0,3.83,1.85,-1.98,1.2524645547704834,2.5775354452295165,0.6811245841828533,1.1688754158171468,42.18402777777778,55.03125,40.39166666666666,53.52222222222221
90,9036630A018,0.0,0.0,0.0,0.0,8.88888888888889,0.0,15.555555555555555,35.55555555555556,40.0,0.0,0.0,0.0,1.6260162601626018,0.0,11.38211382113821,22.76422764227642,27.64227642276423,36.58536585365854,0.0,0.0,0.0,1.6260162601626018,-8.88888888888889,11.38211382113821,7.208672086720865,-7.913279132791327,-3.414634146341463,"RACE, TAPERED ROLLER BEARING, INNER",38.0,（株）ジェイテクト,1.0,1.0,1.9,1Y,サンボックス＃９Ｆフタナシ,0.013000000000000001,9.51,手配,45.0,123.0,2.03,1.21,-0.8199999999999998,0.8726896261288646,1.1573103738711352,0.46844725828951544,0.7415527417104846,44.381578947368425,68.72368421052632,45.294210526315794,70.17315789473685
91,9036652A003,0.0,0.0,5.555555555555555,0.0,0.0,11.11111111111111,5.555555555555555,38.88888888888889,38.88888888888889,0.0,0.0,0.0,2.272727272727273,11.363636363636363,2.272727272727273,13.636363636363635,15.909090909090908,54.54545454545454,0.0,0.0,-5.555555555555555,2.272727272727273,11.363636363636363,-8.838383838383837,8.08080808080808,-22.979797979797986,15.656565656565647,"RACE, TAPERED ROLLER BEARING, INNER",60.0,（株）ジェイテクト,1.0,1.0,1.9,1Y,サンボックス＃９Ｆフタナシ,0.013000000000000001,11.98,手配,18.0,44.0,3.735,2.305,-1.4299999999999997,1.3685141846956828,2.3664858153043173,0.6906896551724133,1.6143103448275868,28.394333333333332,37.150999999999996,26.27,35.13666666666667
92,9036652A004,0.0,0.0,0.0,0.0,5.88235294117647,0.0,5.88235294117647,29.411764705882355,58.82352941176471,0.0,0.0,0.0,0.0,7.142857142857142,9.523809523809524,23.809523809523807,23.809523809523807,35.714285714285715,0.0,0.0,0.0,0.0,1.2605042016806722,9.523809523809524,17.927170868347336,-5.602240896358548,-23.109243697478995,"RACE, TAPERED ROLLER BEARING, OUTER",63.0,（株）ジェイテクト,1.0,1.0,1.9,1Y,サンボックス＃９Ｆフタナシ,0.013000000000000001,7.0,手配,17.0,42.0,4.67,1.7050000000000003,-2.965,1.3859398939304655,3.2840601060695347,0.6967241379310349,1.0082758620689654,27.18507936507936,35.5247619047619,25.066666666666663,33.511111111111106
93,9036658A001,0.0,0.0,0.0,0.0,0.0,0.0,8.333333333333332,33.33333333333333,58.333333333333336,0.0,0.0,2.1739130434782608,8.695652173913043,17.391304347826086,8.695652173913043,21.73913043478261,8.695652173913043,32.608695652173914,0.0,0.0,2.1739130434782608,8.695652173913043,17.391304347826086,8.695652173913043,13.405797101449277,-24.637681159420286,-25.72463768115942,"RACE, TAPERED ROLLER BEARING, INNER",45.0,（株）ジェイテクト,1.0,1.0,1.9,1Y,サンボックス＃９Ｆフタナシ,0.013000000000000001,9.79,手配,12.0,46.0,4.630000000000001,1.28,-3.3500000000000005,1.3471175726927949,3.282882427307206,0.6852720175652605,0.5947279824347396,28.752,37.632,27.181999999999995,36.36866666666666
94,9036658A002,0.0,0.0,0.0,0.0,0.0,0.0,18.75,6.25,75.0,0.0,0.0,0.0,1.7857142857142856,8.928571428571429,7.142857142857142,33.92857142857143,14.285714285714285,33.92857142857143,0.0,0.0,0.0,1.7857142857142856,8.928571428571429,7.142857142857142,15.17857142857143,8.035714285714285,-41.07142857142857,"RACE, TAPERED ROLLER BEARING, OUTER",36.0,（株）ジェイテクト,1.0,1.0,1.9,1Y,サンボックス＃９Ｆフタナシ,0.013000000000000001,5.667999999999999,手配,16.0,56.0,4.67,1.3300000000000003,-3.34,1.281694058154236,3.388305941845764,0.6822176140522066,0.6477823859477937,36.3,47.4,34.87583333333333,46.35916666666667
95,9036659A009,0.0,0.0,0.0,0.0,0.0,12.307692307692308,50.76923076923077,6.153846153846154,30.76923076923077,0.0,0.0,1.5384615384615385,6.153846153846154,15.384615384615385,15.384615384615385,11.538461538461538,16.923076923076923,33.07692307692307,0.0,0.0,1.5384615384615385,6.153846153846154,15.384615384615385,3.0769230769230766,-39.230769230769226,10.76923076923077,2.307692307692303,"RACE, TAPERED ROLLER BEARING, INNER",36.0,（株）ジェイテクト,1.0,1.0,1.9,1Y,サンボックス＃９Ｆフタナシ,0.013000000000000001,9.88,手配,65.0,130.0,2.06,1.2600000000000002,-0.7999999999999998,1.1362322773852398,0.9237677226147603,0.6305622920914261,0.6294377079085741,80.08333333333333,105.77777777777777,78.47027777777777,104.73138888888889
96,9036659A010,0.0,0.0,0.0,0.0,0.0,9.375,51.5625,4.6875,34.375,0.0,0.0,1.5267175572519083,3.0534351145038165,3.0534351145038165,10.687022900763358,15.267175572519085,32.06106870229007,34.35114503816794,0.0,0.0,1.5267175572519083,3.0534351145038165,3.0534351145038165,1.312022900763358,-36.295324427480914,27.373568702290072,-0.023854961832057597,"RACE, TAPERED ROLLER BEARING, OUTER",36.0,（株）ジェイテクト,1.0,1.0,1.9,1Y,サンボックス＃９Ｆフタナシ,0.013000000000000001,7.144,手配,64.0,131.0,2.06,1.6300000000000003,-0.4299999999999997,1.1362322773852398,0.9237677226147603,0.6305622920914261,0.9994377079085742,80.08333333333333,105.77777777777777,78.47027777777777,104.73138888888889
97,9050827A011,0.0,0.0,33.33333333333333,0.0,0.0,0.0,33.33333333333333,33.33333333333333,0.0,0.0,22.22222222222222,0.0,0.0,33.33333333333333,0.0,0.0,22.22222222222222,22.22222222222222,0.0,22.22222222222222,-33.33333333333333,0.0,33.33333333333333,0.0,-33.33333333333333,-11.111111111111107,22.22222222222222,"SPRING, TORSION",200.0,（株）東郷製作所,1.0,8.0,11.12,1Y,ＴＰ３３１フタナシ,0.012,4.48,手配,3.0,10.0,3.72,1.47,-2.25,2.4438558786346403,1.27614412136536,1.2923200780678212,0.17767992193217874,10.792200000000001,11.041950000000002,9.061300000000001,9.319675
98,9052409A003,0.0,0.0,0.0,0.0,0.0,0.0,100.0,0.0,0.0,0.0,0.0,0.0,0.0,0.0,0.0,0.0,50.0,50.0,0.0,0.0,0.0,0.0,0.0,0.0,-100.0,50.0,50.0,"SPRING, RETAINER",500.0,（株）東郷製作所,1.0,8.0,11.12,1Y,ＴＰ３３１フタナシ,0.012,2.65,手配,1.0,4.0,8.649999999999999,11.145,2.495000000000001,4.624639696586598,4.0253603034134,2.0608001951695543,9.084199804830446,6.11688,6.21678,4.22452,4.32787
99,9093003179,0.0,0.0,0.0,0.0,0.0,0.0,33.33333333333333,66.66666666666666,0.0,0.0,0.0,10.0,0.0,0.0,0.0,0.0,0.0,90.0,0.0,0.0,10.0,0.0,0.0,0.0,-33.33333333333333,-66.66666666666666,90.0,"PLUG, BREATHER",500.0,（株）青山製作所,1.0,6.0,5.76,1Y,ＴＰ３３１フタナシ,0.012,9.18,手配,3.0,10.0,6.13,6.1899999999999995,0.05999999999999961,2.5643371859061337,3.565662814093866,1.1974997317308722,4.9925002682691275,7.625,7.933333333333334,5.727,6.042133333333334
100,9094906A012,0.0,15.384615384615385,0.0,23.076923076923077,0.0,7.6923076923076925,7.6923076923076925,38.46153846153847,7.6923076923076925,0.0,6.666666666666667,6.666666666666667,3.3333333333333335,20.0,6.666666666666667,13.333333333333334,16.666666666666664,26.666666666666668,0.0,-8.717948717948719,6.666666666666667,-19.743589743589745,20.0,-1.0256410256410255,5.641025641025641,-21.794871794871803,18.974358974358974,"CLAMP, WIRING",500.0,中庸スプリング（株）,1.0,2.0,2.34,1Y,ＡＷ１３１フタナシ,0.006,1.85,手配,13.0,30.0,2.7500000000000004,1.6750000000000003,-1.0750000000000002,1.4887181577338484,1.261281842266152,1.08132767656601,0.5936723234339902,21.73014,24.904739999999997,22.17264,25.422240000000002
101,9155180614,0.0,25.0,0.0,50.0,0.0,0.0,25.0,0.0,0.0,0.0,18.75,12.5,12.5,6.25,12.5,6.25,25.0,6.25,0.0,-6.25,12.5,-37.5,6.25,12.5,-18.75,25.0,6.25,"BOLT, FLANGE",1500.0,（株）青山製作所,1.0,6.0,5.76,1Y,ＴＰ３３１フタナシ,0.012,10.13,手配,4.0,16.0,1.75,1.9350000000000003,0.18500000000000028,1.9407340046712873,-0.19073400467128732,1.5790552843383028,0.3559447156616975,11.09856,11.598471111111111,11.29512,11.807164444444446
102,9155180640,0.0,0.0,50.0,0.0,50.0,0.0,0.0,0.0,0.0,0.0,0.0,22.22222222222222,0.0,11.11111111111111,11.11111111111111,11.11111111111111,0.0,44.44444444444444,0.0,0.0,-27.77777777777778,0.0,-38.888888888888886,11.11111111111111,11.11111111111111,0.0,44.44444444444444,"BOLT, FLANGE",1000.0,（株）青山製作所,1.0,6.0,5.76,1Y,ＴＰ３３１フタナシ,0.012,11.53,手配,2.0,9.0,2.19,4.16,1.9700000000000002,2.5643371859061337,-0.37433718590613374,2.230095503809422,1.929904496190578,7.995,8.303333333333333,8.105160000000001,8.420293333333335
103,9161140614,0.0,25.0,0.0,0.0,25.0,0.0,0.0,50.0,0.0,0.0,3.125,15.625,25.0,15.625,12.5,6.25,3.125,18.75,0.0,-21.875,15.625,25.0,-9.375,12.5,6.25,-46.875,18.75,"BOLT, W/WASHER",2500.0,（株）青山製作所,1.0,6.0,5.76,1Y,ＴＰ３３１フタナシ,0.012,13.08,手配,4.0,32.0,2.75,1.1,-1.65,1.4544803705956675,1.2955196294043325,1.0481548449404436,0.05184515505955645,18.392000000000003,19.37866666666667,18.731456,19.739882666666666
104,9167180618,0.0,0.0,0.0,0.0,0.0,100.0,0.0,0.0,0.0,7.142857142857142,0.0,7.142857142857142,14.285714285714285,7.142857142857142,7.142857142857142,14.285714285714285,28.57142857142857,14.285714285714285,7.142857142857142,0.0,7.142857142857142,14.285714285714285,7.142857142857142,-92.85714285714286,14.285714285714285,28.57142857142857,14.285714285714285,"BOLT, FLANGE W/WASHER",1000.0,（株）青山製作所,1.0,6.0,5.76,1Y,ＴＰ３３１フタナシ,0.012,9.43,手配,1.0,14.0,2.79,2.6950000000000003,-0.09499999999999975,2.0262247906040898,0.7637752093959103,1.6567303358729473,1.038269664127053,10.353750000000002,10.816250000000002,10.51593,10.98863
105,G1144ECE010,0.0,0.0,0.0,0.6060606060606061,0.0,0.6060606060606061,35.15151515151515,24.848484848484848,38.78787878787879,0.0,0.0,0.0,0.6060606060606061,2.727272727272727,4.848484848484849,10.606060606060606,39.09090909090909,42.12121212121212,0.0,0.0,0.0,0.0,2.727272727272727,4.242424242424242,-24.545454545454543,14.242424242424246,3.3333333333333286,"TERMINAL, MOTOR CABLE",8.0,矢崎総業（株）,1.0,1.0,1.79,1Y,ＴＰ３３１フタアリ,0.013999999999999999,4.71,手配,165.0,330.0,2.72,1.7550000000000001,-0.9650000000000001,1.076468557959414,1.6435314420405862,0.6121839080459736,1.1428160919540264,193.45749999999998,259.1325,194.85,261.35
106,G1163ECB010,0.0,0.0,18.75,18.75,12.5,18.75,0.0,18.75,12.5,0.0,6.666666666666667,15.555555555555555,24.444444444444443,31.11111111111111,11.11111111111111,4.444444444444445,0.0,6.666666666666667,0.0,6.666666666666667,-3.1944444444444446,5.694444444444443,18.61111111111111,-7.638888888888889,4.444444444444445,-18.75,-5.833333333333333,"BOLT, MOTOR STATOR YOKE",80.0,（株）青山製作所,1.0,6.0,5.76,1Y,ＴＰ３３１フタナシ,0.012,7.438,手配,16.0,46.0,1.5699999999999998,0.6699999999999999,-0.8999999999999999,1.2514910699655903,0.3185089300344095,0.6513320079522863,0.018667992047713633,29.122500000000002,30.735000000000003,27.061750000000004,28.670500000000004
107,G1163ECE010,0.0,0.0,12.5,37.5,3.125,0.0,18.75,9.375,18.75,0.0,1.9607843137254901,3.9215686274509802,12.745098039215685,16.666666666666664,18.627450980392158,24.509803921568626,6.862745098039216,14.705882352941178,0.0,1.9607843137254901,-8.57843137254902,-24.754901960784316,13.541666666666664,18.627450980392158,5.759803921568626,-2.512254901960784,-4.0441176470588225,"BOLT, MOTOR STATOR YOKE",100.0,（株）青山製作所,1.0,6.0,5.76,1Y,ＴＰ３３１フタナシ,0.012,7.77,手配,32.0,103.0,1.0999999999999996,0.85,-0.24999999999999967,1.1006418653392702,-0.0006418653392705753,0.5814403292181072,0.2685596707818928,56.0265,59.3615,55.696000000000005,59.136
108,G1250ECB010,0.0,0.0,0.0,16.666666666666664,0.0,33.33333333333333,0.0,33.33333333333333,16.666666666666664,0.0,0.0,23.809523809523807,4.761904761904762,4.761904761904762,9.523809523809524,9.523809523809524,14.285714285714285,33.33333333333333,0.0,0.0,23.809523809523807,-11.904761904761902,4.761904761904762,-23.809523809523803,9.523809523809524,-19.047619047619044,16.666666666666664,"PIPE ASSY, MOTOR COOLING, NO.1",60.0,（株）バルカー,1.0,2.0,6.2,1Y,ＴＰ３３２フタナシ,0.022000000000000002,1.94,手配,6.0,21.0,3.84,1.7800000000000002,-2.0599999999999996,2.028354907422579,1.8116450925774208,1.120497017892645,0.6595029821073553,21.705,23.854999999999997,19.6615,21.8065
109,G1250ECC010,0.0,0.0,0.0,0.0,0.0,0.0,33.33333333333333,33.33333333333333,33.33333333333333,0.0,0.0,0.0,7.6923076923076925,0.0,0.0,15.384615384615385,15.384615384615385,61.53846153846154,0.0,0.0,0.0,7.6923076923076925,0.0,0.0,-17.948717948717942,-17.948717948717942,28.20512820512821,"PIPE ASSY, MOTOR COOLING, NO.1",60.0,（株）バルカー,1.0,2.0,6.2,1Y,ＴＰ３３２フタナシ,0.022000000000000002,2.036,手配,3.0,13.0,7.0299999999999985,5.0600000000000005,-1.969999999999998,2.5715992918264976,4.458400708173501,1.267727272727272,3.792272727272729,13.266,14.446,12.31,13.610000000000001
110,G1250ECE010,0.0,20.0,26.666666666666668,0.0,0.0,0.0,0.0,6.666666666666667,46.666666666666664,0.0,0.0,2.272727272727273,2.272727272727273,13.636363636363635,11.363636363636363,15.909090909090908,6.8181818181818175,47.72727272727273,0.0,-20.0,-24.393939393939394,2.272727272727273,13.636363636363635,11.363636363636363,15.909090909090908,0.1515151515151505,1.0606060606060623,"PIPE ASSY, MOTOR COOLING, NO.1",60.0,（株）バルカー,1.0,2.0,6.2,1Y,ＴＰ３３２フタナシ,0.022000000000000002,1.64,手配,15.0,44.0,4.0600000000000005,2.4850000000000003,-1.5750000000000002,1.698514184695682,2.3614858153043183,1.0006896551724147,1.4843103448275856,41.529333333333334,45.907666666666664,40.013333333333335,44.44666666666667
111,G9201ECB030,0.0,0.0,1.0204081632653061,11.224489795918368,24.489795918367346,12.244897959183673,26.53061224489796,1.0204081632653061,23.46938775510204,0.0,0.0,1.185770750988142,4.3478260869565215,9.486166007905137,1.9762845849802373,7.5098814229249005,24.110671936758894,51.38339920948617,0.0,0.0,0.16536258772283596,-6.876663708961846,-15.003629910462209,-10.268613374203436,-19.02073082197306,23.09026377349359,27.91401145438413,"COVER SUB-ASSY, INVERTER",8.0,佐藤工業（株）,1.0,2.0,1.82,1Y,Ｔ２０３フタナシ,0.027000000000000003,7.806,手配,111.0,253.0,1.5900000000000003,2.59,0.9999999999999996,1.0081603624486335,0.5818396375513668,0.8209906063193894,1.7690093936806104,147.855,172.82999999999998,203.5325,229.37
112,G9201ECE010,0.0,0.0,0.0,0.0,10.869565217391305,0.0,38.04347826086957,8.695652173913043,42.391304347826086,0.0,0.0,1.524390243902439,7.621951219512195,2.7439024390243905,6.097560975609756,15.548780487804878,20.121951219512198,46.34146341463415,0.0,0.0,1.524390243902439,7.621951219512195,-8.125662778366914,6.097560975609756,-22.494697773064694,11.426299045599155,3.9501590668080624,"COVER SUB-ASSY, INVERTER",8.0,佐藤工業（株）,1.0,2.0,1.82,1Y,サンボックス＃２０Ｂフタナシ,0.027000000000000003,7.806,手配,98.0,328.0,2.055,2.2649999999999997,0.20999999999999952,0.9964802963960979,1.0585197036039022,0.8921869910910933,1.3728130089089063,219.72750000000002,252.56500000000003,287.95,321.2
