,品番,変更前）正常1,変更前）正常2,変更前）正常3,変更前）正常4,変更前）異常1,変更前）異常2,変更前）異常3,変更前）異常4,変更前）異常5,変更後）正常1,変更後）正常2,変更後）正常3,変更後）正常4,変更後）異常1,変更後）異常2,変更後）異常3,変更後）異常4,変更後）異常5,差分）正常1,差分）正常2,差分）正常3,差分）正常4,差分）異常1,差分）異常2,差分）異常3,差分）異常4,差分）異常5,品名,収容数,仕入先名/工場名,A,B,C,整備室,箱種,箱サイズ,箱重量,手配区分,変更前）かんばん数,変更後）かんばん数,変更前）社内LT,変更後）社内LT,差分）社内LT,変更前）基準在庫日数（基準在庫枚数込み）,変更前）社内LT-基準在庫日数（基準在庫枚数込み）,変更後）基準在庫日数（基準在庫枚数込み）,変更後）社内LT-基準在庫日数（基準在庫枚数込み）,変更前）日量数平均,変更前）計算社内かんばん数,変更前）計算社内かんばん数MAX,変更後）日量数平均,変更後）計算社内かんばん数,変更後）計算社内かんばん数MAX,変更前）基準在庫日数,変更後）基準在庫日数,変更前）便Ave,変更後）便Ave
0,019128GA010,0,0,0,7.843137255,7.843137255,5.882352941,35.29411765,39.21568627,3.921568627,0,0,0,2.272727273,15.90909091,20.45454545,34.09090909,11.36363636,15.90909091,0,0,0,-5.570409982,8.065953654,14.57219251,-1.203208556,-27.85204991,11.98752228,"CAP, SHIPPING",50,石黒ゴム工業（株）,1,2,3.64,1Y,TP342ﾌﾀﾅｼ,0.033,2.11,手配,51,44,2.41,1.835,-0.575,1.225557651,1.184442349,1.139749973,0.695250027,968.2,106.5974,116.2794,945.4,102.1578,111.6118,1.07,1.07,9.682,9.454
1,01912ECB010,0,0,0,0,0,0,42.85714286,57.14285714,0,0,0,0,0,0,12.5,18.75,31.25,37.5,0,0,0,0,0,12.5,-24.10714286,-25.89285714,37.5,"CAP, SHIPPING",300,石黒ゴム工業（株）,1,2,3.64,1Y,TP332ﾌﾀﾅｼ,0.022,3.21,手配,14,16,3.215,2.745,-0.47,1.536760962,1.678239038,1.059294837,1.685705163,1934.8,30.40966667,33.63433333,1890.8,27.78633333,30.93766667,1.07,0.85,3.224666667,3.151333333
2,01912ECB040,0,2.702702703,8.108108108,9.459459459,13.51351351,10.81081081,36.48648649,18.91891892,0,0,0,0,0,1.694915254,3.389830508,15.25423729,16.94915254,62.71186441,0,-2.702702703,-8.108108108,-9.459459459,-11.81859826,-7.420980302,-21.2322492,-1.969766377,62.71186441,"CAP, SHIPPING",50,愛産樹脂工業（株）,1,1,2.12,1Y,TP342ﾌﾀﾅｼ,0.033,3.44,手配,74,59,1.33,1.36,0.03,0.825557651,0.504442349,0.319749973,1.040250027,968.2,27.205,46.569,945.4,24.635,43.543,0.67,0.25,19.364,18.908
3,01912ECB060,0,0,0,0,0,100,0,0,0,0,0,0,0,100,0,0,0,0,0,0,0,0,100,-100,0,0,0,"CAP, SHIPPING",400,新光ゴム工業（株）,1,1,3.25,1Y,TP331ﾌﾀﾅｼ,0.012,2.04,手配,1,1,4.62,2.38,-2.24,3.632512156,0.987487844,2.048602098,0.331397902,424.8,7.1418,8.2038,413.4,5.03065,6.06415,0.78,0.78,1.062,1.0335
4,1040043104R,0,0,0,25,25,50,0,0,0,0,0,0,50,0,50,0,0,0,0,0,0,25,-25,0,0,0,0,"PIN, STRAIGHT",1000,（株）ギフ加藤製作所,1,2,3.8,1Y,AW131ﾌﾀﾅｼ,0.005,13.4,手配,4,2,2.815,2.685,-0.13,2.455576506,0.359423494,2.440095504,0.244904496,1936.4,10.2615,11.2297,1890.8,10.0905,11.0359,0.9,0.75,0.9682,0.9454
5,1040052001Z,0,14.28571429,0,28.57142857,0,0,42.85714286,14.28571429,0,0,14.28571429,14.28571429,14.28571429,28.57142857,14.28571429,14.28571429,0,0,0,0,14.28571429,-14.28571429,28.57142857,14.28571429,-28.57142857,-14.28571429,0,"PLUG, W/HEAD STRAIGHT SCREW",200,（株）青山製作所,1,6,5.76,1Y,TP131ﾌﾀﾅｼ,0.006,6.27,手配,7,7,2.84,2,-0.84,1.843771218,0.996228782,1.736896552,0.263103448,543.4,10.20005,10.65288333,532,10.049,10.49233333,0.74,0.53,0.452833333,0.443333333
6,1040183011P,0,0,0,28.57142857,28.57142857,28.57142857,14.28571429,0,0,0,0,0,0,70,30,0,0,0,0,0,0,-28.57142857,41.42857143,1.428571429,-14.28571429,0,0,"BOLT, FLANGE",500,（株）青山製作所,1,6,5.76,1Y,TP331ﾌﾀﾅｼ,0.012,9.38,手配,7,10,2.29,1.18,-1.11,1.928675167,0.361324833,0.966985482,0.213014518,1273.8,9.87852,10.30312,1240.2,7.69708,8.11048,0.74,0.54,0.4246,0.4134
7,2030044001J,0,0,0,100,0,0,0,0,0,0,0,0,0,50,50,0,0,0,0,0,0,-100,50,50,0,0,0,"SEAL, TYPE T OIL",400,ＮＯＫ（株）,1,2,3.52,1Y,TP131ﾌﾀﾅｼ,0.006,1.68,手配,2,2,3.07,1.885,-1.185,3.652512156,-0.582512156,1.564640156,0.320359844,424.8,5.8674,6.3984,413.4,3.79045,4.3072,0.8,0.54,0.531,0.51675
8,2030045013L,0,50,0,50,0,0,0,0,0,66.66666667,33.33333333,0,0,0,0,0,0,0,66.66666667,-16.66666667,0,-50,0,0,0,0,0,GASKET,2000,伊藤金属工業（株）,1,1,1.96,1Y,TP331ﾌﾀﾅｼ,0.012,4.7,手配,2,3,1.79,0.67,-1.12,3.267050582,-1.477050582,3.17062369,-2.50062369,2479.8,6.285735,7.525635,2422.8,6.21021,7.42161,0.84,0.53,1.2399,1.2114
9,2030052002N,0,50,20,0,0,10,20,0,0,0,18.18181818,0,9.090909091,27.27272727,18.18181818,18.18181818,9.090909091,0,0,-31.81818182,-20,9.090909091,27.27272727,8.181818182,-1.818181818,9.090909091,0,"PLUG, W/HEAD STRAIGHT SCREW",300,（株）杉浦製作所,1,2,1.06,1Y,TP331ﾌﾀﾅｼ,0.012,9.85,手配,10,11,0.855,1.86,1.005,1.703345904,-0.848345904,1.514057302,0.345942698,968.2,11.06833333,12.682,945.4,10.87833333,12.454,0.77,0.5,1.613666667,1.575666667
10,3040052001B,0,3.03030303,30.3030303,24.24242424,21.21212121,3.03030303,12.12121212,3.03030303,3.03030303,0,14.28571429,25,28.57142857,17.85714286,0,10.71428571,3.571428571,0,0,11.25541126,-5.303030303,4.329004329,-3.354978355,-3.03030303,-1.406926407,0.541125541,-3.03030303,"PLUG, W/HEAD STRAIGHT SCREW",500,（株）青山製作所,1,6,5.76,1Y,TP331ﾌﾀﾅｼ,0.012,11.97,手配,33,28,0.96,0.76,-0.2,1.080856272,-0.120856272,0.890623117,-0.130623117,4416.2,25.96424,27.43630667,4313.6,25.43072,26.86858667,0.74,0.52,1.472066667,1.437866667
11,33490ECB010,0,1.339285714,7.589285714,21.875,27.45535714,21.20535714,20.53571429,0,0,0.229357798,1.834862385,2.981651376,27.06422018,32.33944954,26.60550459,8.027522936,0.917431193,0,0.229357798,0.495576671,-4.607634338,5.189220183,4.884092398,5.400147444,-12.50819135,0.917431193,0,"COOLER ASSY, OIL",4,マレリ（株）,1,2,3.92,1Y,TP331.5ﾌﾀｱﾘ,0.019,0.019,手配,449,436,1.2,0.96,-0.24,1.048525122,0.151474878,0.850739205,0.109260795,424.8,438.42,491.52,413.4,426.735,478.41,1.02,0.82,53.1,51.675
12,33490ECE010,0,0,0.956022945,12.81070746,22.94455067,16.06118547,38.62332696,8.604206501,0,0.178571429,1.428571429,2.321428571,14.10714286,25.53571429,24.10714286,26.42857143,5.535714286,0.357142857,0.178571429,1.428571429,1.365405627,1.2964354,2.591163616,8.045957389,-12.19475553,-3.068492215,0.357142857,"COOLER ASSY, OIL",4,マレリ（株）,1,2,3.92,1Y,TP331.5ﾌﾀｱﾘ,0.019,0.019,手配,523,560,1.51,1.11,-0.4,1.042075424,0.467924576,0.834137931,0.275862069,543.4,553.1925,621.1175,532,541.65,608.15,1.02,0.81,67.925,66.5
13,34989ECB020,0,0,0,50,25,25,0,0,0,0,0,0,0,0,100,0,0,0,0,0,0,-50,-25,75,0,0,0,LABEL,500,（株）槌屋,1,1,2.33,1Y,TP131ﾌﾀﾅｼ,0.006,1,手配,4,2,2.58,1.98,-0.6,2.435723176,0.144276824,1.507574587,0.472425413,968,10.8408,12.7768,945.4,8.65774,10.54854,0.88,0.81,1.936,1.8908
14,35145ECB010,0,0,38.46153846,7.692307692,7.692307692,7.692307692,7.692307692,30.76923077,0,0,0,25,0,16.66666667,8.333333333,33.33333333,16.66666667,0,0,0,-13.46153846,-7.692307692,8.974358974,0.641025641,25.64102564,-14.1025641,0,"PLATE, OIL",100,三共鋼業（株）,1,1,1.74,1Y,TP131ﾌﾀﾅｼ,0.006,4.63,手配,13,12,1.7,1.975,0.275,1.533128039,0.166871961,1.388480117,0.586519883,424.8,16.1688,20.4168,413.4,15.8154,19.9494,0.82,0.62,4.248,4.134
15,35145ECE010,0,0,23.52941176,35.29411765,17.64705882,5.882352941,11.76470588,5.882352941,0,0,0,0,0,11.76470588,17.64705882,11.76470588,29.41176471,29.41176471,0,0,-23.52941176,-35.29411765,-5.882352941,11.76470588,0,23.52941176,29.41176471,"PLATE, OIL",100,三共鋼業（株）,1,1,1.74,1Y,TP131ﾌﾀﾅｼ,0.006,3.61,手配,17,17,1.33,1.92,0.59,1.371885609,-0.041885609,0.851149425,1.068850575,543.4,20.6605,26.0945,532,18.29,23.61,0.82,0.65,5.434,5.32
16,35145ECE020,0,0,33.33333333,11.11111111,27.77777778,5.555555556,16.66666667,5.555555556,0,0,0,5.555555556,22.22222222,11.11111111,11.11111111,22.22222222,11.11111111,16.66666667,0,0,-27.77777778,11.11111111,-16.66666667,5.555555556,5.555555556,5.555555556,16.66666667,"PLATE, OIL",100,（株）浅賀井製作所,1,4,6.88,1Y,TP331ﾌﾀﾅｼ,0.012,1.2,手配,18,18,1.46,1.22,-0.24,1.421885609,0.038114391,0.851149425,0.368850575,543.4,20.6605,22.019,532,18.29,19.62,0.87,0.65,1.3585,1.33
17,35165ECE010,0,0,0,50,16.66666667,0,33.33333333,0,0,0,0,25,25,0,25,0,25,0,0,0,25,-25,-16.66666667,25,-33.33333333,25,0,"PLATE, TRANSMISSION CASE",200,（株）松尾製作所,1,1,1.21,1Y,TP131ﾌﾀﾅｼ,0.006,1.53,手配,6,4,1.865,1.165,-0.7,1.873771218,-0.008771218,1.032298851,0.132701149,543.4,11.55855,14.27555,532,9.379,12.039,0.77,0.63,2.717,2.66
18,35174ECB010,0,5.063291139,37.97468354,15.18987342,21.51898734,1.265822785,0,13.92405063,5.063291139,0,7.692307692,19.23076923,19.23076923,15.38461538,8.974358974,17.94871795,11.53846154,0,0,2.629016553,-18.74391431,4.040895813,-6.134371957,7.70853619,17.94871795,-2.385589094,-5.063291139,"PLATE, OIL RESERVOIR LOCK",20,（株）浅賀井製作所,1,4,6.88,1Y,TP332ﾌﾀﾅｼ,0.022,3.52,手配,79,78,0.84,1.035,0.195,1.012625608,-0.172625608,0.921232008,0.113767992,424.8,95.394,100.704,413.4,90.9145,96.082,0.87,0.87,5.31,5.1675
19,35174ECE010,0,6.976744186,39.53488372,6.976744186,6.976744186,0,0,37.20930233,2.325581395,0,0,4.87804878,4.87804878,4.87804878,17.07317073,29.26829268,39.02439024,0,0,-6.976744186,-34.65683494,-2.098695406,-2.098695406,17.07317073,29.26829268,1.815087918,-2.325581395,"PLATE, OIL RESERVOIR LOCK",40,（株）浅賀井製作所,1,4,6.88,1Y,TP332ﾌﾀﾅｼ,0.022,4.85,手配,43,41,0.84,1.75,0.91,1.090754244,-0.250754244,0.95045977,0.79954023,543.4,62.09475,65.491,532,58.855,62.18,0.87,0.87,3.39625,3.325
20,35174ECE020,0,0,5.882352941,17.64705882,23.52941176,17.64705882,11.76470588,23.52941176,0,0,29.41176471,5.882352941,0,0,11.76470588,11.76470588,41.17647059,0,0,29.41176471,0,-17.64705882,-23.52941176,-5.882352941,0,17.64705882,0,"PLATE, OIL RESERVOIR LOCK",90,（株）浅賀井製作所,1,4,6.88,1Y,TP331ﾌﾀﾅｼ,0.012,1.795,手配,17,17,1.75,2.06,0.31,1.366697048,0.383302952,1.173103448,0.886896552,543.4,22.019,23.52844444,532,21.62,23.09777778,0.87,0.63,1.509444444,1.477777778
21,3519510A010,0,100,0,0,0,0,0,0,0,0,0,0,0,100,0,0,0,0,0,-100,0,0,100,0,0,0,0,"CLAMP, TRANSAXLE APPLY TUBE, NO.1",600,中庸スプリング（株）,1,2,2.34,1Y,AW131ﾌﾀﾅｼ,0.006,3.7,手配,1,1,1.76,2.67,0.91,5.088768233,-3.328768233,2.166960234,0.503039766,424.8,5.2302,5.5842,413.4,3.17035,3.51485,0.81,0.63,0.354,0.3445
22,35195ECE010,0,0,22.22222222,22.22222222,22.22222222,33.33333333,0,0,0,0,0,25,0,0,25,50,0,0,0,0,2.777777778,-22.22222222,-22.22222222,-8.333333333,50,0,0,"CLAMP, TUBE",400,三共鋼業（株）,1,1,1.74,1Y,TP131ﾌﾀﾅｼ,0.006,3.44,手配,9,8,1.96,2.825,0.865,1.923771218,0.036228782,1.826896552,0.998103448,1086.8,11.4227,14.1397,1064,11.246,13.906,0.82,0.62,2.717,2.66
23,35195TFG010,0,0,16.66666667,16.66666667,0,0,33.33333333,33.33333333,0,0,0,0,16.66666667,0,0,16.66666667,16.66666667,50,0,0,-16.66666667,0,0,0,-16.66666667,-16.66666667,50,"CLAMP, TRANSAXLE APPLY TUBE, NO.1",400,三共鋼業（株）,1,1,1.74,1Y,TP131ﾌﾀﾅｼ,0.006,3.88,手配,6,6,3.415,2.895,-0.52,1.923771218,1.491228782,1.022298851,1.872701149,1086.8,11.4227,14.1397,1064,9.246,11.906,0.82,0.62,2.717,2.66
24,35198ECE010,0,0,0,25,0,0,75,0,0,0,0,0,14.28571429,0,28.57142857,28.57142857,14.28571429,14.28571429,0,0,0,-10.71428571,0,28.57142857,-46.42857143,14.28571429,14.28571429,"BRACKET, WIRE HARNESS CLAMP",200,サトープレス工業（株）,1,1,1.78,1Y,TP331ﾌﾀﾅｼ,0.012,5.28,手配,4,7,3.11,1.55,-1.56,1.923771218,1.186228782,0.982298851,0.567701149,543.4,10.8793,13.5963,532,8.714,11.374,0.82,0.58,2.717,2.66
25,35300ECB010,0,0,0,0,0,0,0.469483568,99.53051643,0,0,0,0,0,0,0,23.80952381,75.71428571,0.476190476,0,0,0,0,0,0,23.34004024,-23.81623072,0.476190476,"PUMP ASSY, OIL W/MOTOR",12,アイシン精機（株）,1,4,8.04,1Y,TP341ﾌﾀﾅｼ,0.017,6.97,手配,213,210,2.49,2.14,-0.35,0.947333836,1.542666164,0.950562292,1.189437708,968.2,370.1091667,390.28,945.4,361.4641667,381.16,0.91,0.91,20.17083333,19.69583333
26,35312ECB010,0,4.347826087,8.695652174,17.39130435,17.39130435,13.04347826,26.08695652,13.04347826,0,0,0,14.28571429,9.523809524,14.28571429,0,28.57142857,23.80952381,9.523809524,0,-4.347826087,5.590062112,-7.867494824,-3.105590062,-13.04347826,2.48447205,10.76604555,9.523809524,"COVER, TRANSMISSION, OIL PUMP",63,（株）旭工業所,1,1,1.9,1Y,TP331ﾌﾀｱﾘ,0.014,4.718,手配,23,21,1.6,1.31,-0.29,1.279270665,0.320729335,0.751380825,0.558619175,424.8,22.89142857,29.63428571,413.4,20.35761905,26.91952381,0.83,0.59,6.742857143,6.561904762
27,3539450A010,0,0,0,0,100,0,0,0,0,0,100,0,0,0,0,0,0,0,0,100,0,0,-100,0,0,0,0,"MAGNET, OIL CLEANER",2000,ミズショー（株）,1,1,1.88,1Y,ｻﾝﾎﾞｯｸｽC-3ﾌﾀﾅｼ,0.011,8.717,手配,1,1,4.06,1.44,-2.62,3.951153012,0.108846988,4.090191008,-2.650191008,1936.4,6.43711,7.40531,1890.8,6.35617,7.30157,0.84,0.71,0.9682,0.9454
28,35409ECB010,0,33.33333333,66.66666667,0,0,0,0,0,0,0,0,25,0,50,0,0,25,0,0,-33.33333333,-41.66666667,0,50,0,0,25,0,"SPRING SUB-ASSY, MANUAL DETENT",200,サンコール（株）,1,1,2.26,1Y,TP131ﾌﾀﾅｼ,0.006,2.6,手配,3,4,1.25,1.315,0.065,2.296256078,-1.046256078,1.172320078,0.142679922,424.8,10.0092,12.1332,413.4,7.8211,9.8881,0.87,0.66,2.124,2.067
29,35441ECB010,0,1.470588235,13.23529412,23.52941176,13.23529412,27.94117647,17.64705882,0,2.941176471,0,6.349206349,4.761904762,1.587301587,4.761904762,3.174603175,31.74603175,34.92063492,12.6984127,0,4.878618114,-8.473389356,-21.94211018,-8.473389356,-24.7665733,14.09897292,34.92063492,9.757236228,"STRAINER, OIL",48,（株）ニフコ,1,1,2.14,1Y,TP331ﾌﾀﾅｼ,0.012,0.75,手配,68,63,1.135,1.64,0.505,1.009335345,0.125664655,0.832249168,0.807750832,968.2,70.57229167,90.743125,945.4,68.98104167,88.676875,0.86,0.67,20.17083333,19.69583333
30,35441TFA010,0,27.27272727,18.18181818,9.090909091,18.18181818,0,9.090909091,18.18181818,0,0,0,0,11.11111111,0,11.11111111,22.22222222,33.33333333,22.22222222,0,-27.27272727,-18.18181818,2.02020202,-18.18181818,11.11111111,13.13131313,15.15151515,22.22222222,"STRAINER, OIL",100,（株）ニフコ,1,1,2.14,1Y,TP331ﾌﾀﾅｼ,0.012,0.69,手配,11,9,1.37,2.11,0.74,1.573128039,-0.203128039,0.926160039,1.183839961,424.8,17.2308,21.4788,413.4,14.8489,18.9829,0.86,0.67,4.248,4.134
31,3548255A010,0,33.33333333,0,33.33333333,0,0,33.33333333,0,0,0,0,0,0,50,0,0,50,0,0,-33.33333333,0,-33.33333333,50,0,-33.33333333,50,0,"CLAMP, TEMPERATURE SENSOR",300,サトープレス工業（株）,1,1,1.78,1Y,AW131ﾌﾀﾅｼ,0.006,4.74,手配,3,2,2.38,2.005,-0.375,2.475656827,-0.095656827,1.173448276,0.831551724,543.4,8.1623,9.973633333,532,6.054,7.827333333,0.82,0.57,1.811333333,1.773333333
32,35501ECB010,0,7.692307692,15.38461538,7.692307692,30.76923077,7.692307692,23.07692308,7.692307692,0,0,0,23.07692308,15.38461538,15.38461538,0,7.692307692,15.38461538,23.07692308,0,-7.692307692,7.692307692,7.692307692,-15.38461538,-7.692307692,-15.38461538,7.692307692,23.07692308,"ROD SUB-ASSY, PARKING LOCK",100,大橋鉄工（株）,1,1,1.38,1Y,TP331ﾌﾀﾅｼ,0.011,5.837,手配,13,13,1.79,0.97,-0.82,1.493128039,0.296871961,0.856160039,0.113839961,424.8,15.744,19.992,413.4,13.402,17.536,0.78,0.6,4.248,4.134
33,35505ECB010,0,2.739726027,9.589041096,31.50684932,24.65753425,16.43835616,15.06849315,0,0,0,8.955223881,7.462686567,22.3880597,13.43283582,16.41791045,13.43283582,17.91044776,0,0,6.215497853,-2.126354529,-9.118789614,-11.22469843,-0.020445717,-1.63565733,17.91044776,0,"LEVER SUB-ASSY, PARKING LOCK",24,中庸スプリング（株）,1,2,2.34,1Y,TP131ﾌﾀﾅｼ,0.009,2.45,手配,73,67,1.11,1.03,-0.08,0.981150729,0.128849271,0.871478409,0.158521591,424.8,74.685,83.535,413.4,70.76125,79.37375,0.81,0.81,8.85,8.6125
34,35556ECB010,0,0,25,16.66666667,25,0,25,8.333333333,0,0,0,21.42857143,0,21.42857143,28.57142857,14.28571429,7.142857143,7.142857143,0,0,-3.571428571,-16.66666667,-3.571428571,28.57142857,-10.71428571,-1.19047619,7.142857143,"SHAFT, PARKING LOCK PAWL",100,（株）ギフ加藤製作所,1,2,3.8,1Y,AW131ﾌﾀﾅｼ,0.005,7,手配,12,14,1.81,1.33,-0.48,1.613128039,0.196871961,1.006160039,0.323839961,424.8,18.93,21.054,413.4,16.5025,18.5695,0.9,0.75,2.124,2.067
35,35557ECB010,0,6.451612903,19.35483871,3.225806452,16.12903226,16.12903226,19.35483871,19.35483871,0,0,3.448275862,17.24137931,10.34482759,6.896551724,10.34482759,37.93103448,13.79310345,0,0,-3.003337041,-2.113459399,7.119021135,-9.232480534,-5.784204672,18.57619577,-5.561735261,0,"PAWL, PARKING LOCK",46,小川工業（株）,1,2,4.94,1Y,TP131ﾌﾀﾅｼ,0.006,9.466,手配,31,29,1.59,1.53,-0.06,1.218038898,0.371961102,1.007833618,0.522166382,424.8,44.09478261,48.71217391,413.4,40.99195652,45.48543478,0.89,0.89,4.617391304,4.493478261
36,35580ECB011,0,0.970873786,7.281553398,2.427184466,4.368932039,9.223300971,8.737864078,66.99029126,0,0,0,1.45631068,5.339805825,14.0776699,34.46601942,44.66019417,0,0,0,-0.970873786,-5.825242718,2.912621359,9.708737864,25.24271845,35.9223301,-66.99029126,0,"ACTUATOR ASSY, SHIFT CONTROL",6,アイシン精機（株）,1,4,8.04,1Y,TP342ﾌﾀｱﾘ,0.036,10.68,手配,206,206,2.1,1.38,-0.72,0.952792306,1.147207694,0.946114432,0.433885568,424.6,321.45,339.1416667,413.4,313.05,330.275,0.91,0.9,17.69166667,17.225
37,35595ECB010,0,0,21.05263158,7.894736842,15.78947368,10.52631579,26.31578947,18.42105263,0,0,0,0,21.62162162,16.21621622,5.405405405,29.72972973,13.51351351,13.51351351,0,0,-21.05263158,13.72688478,0.426742532,-5.120910384,3.413940256,-4.907539118,13.51351351,"BRACKET, PARKING LOCK PAWL",40,サトープレス工業（株）,1,1,1.78,1Y,TP331ﾌﾀﾅｼ,0.012,2.47,手配,38,37,1.57,1.06,-0.51,1.105251216,0.464748784,0.672464016,0.387535984,424.8,33.267,43.887,413.4,30.45475,40.78975,0.82,0.57,10.62,10.335
38,3559850A010,0,0,14.28571429,57.14285714,21.42857143,0,7.142857143,0,0,0,0,21.42857143,21.42857143,21.42857143,7.142857143,7.142857143,21.42857143,0,0,0,7.142857143,-35.71428571,0,7.142857143,0,21.42857143,0,"PIN SUB-ASSY, PARKING LOCK",100,アイコー（株）,1,2,3.92,1Y,TP131ﾌﾀﾅｼ,0.006,3.86,手配,14,14,1.75,1.315,-0.435,1.823128039,-0.073128039,1.156160039,0.158839961,424.8,22.116,24.24,413.4,19.603,21.67,1.11,0.9,2.124,2.067
39,35771ECB010,0,0.91954023,7.586206897,30.11494253,28.04597701,24.59770115,8.505747126,0.229885057,0,0,25.85034014,43.76417234,24.26303855,1.587301587,0.22675737,0,4.308390023,0,0,24.93079991,36.17796544,-5.85190398,-26.45867542,-24.37094378,-8.505747126,4.078504965,0,"SHAFT, OUTPUT",4,アイシン機工（株）,1,6,4.92,1Y,TP341ﾌﾀﾅｼ,0.017,10.5,手配,435,441,0.82,0.54,-0.28,0.728525122,0.091474878,0.820739205,-0.280739205,424.8,374.7,392.4,413.4,406.065,423.29,0.7,0.79,17.7,17.225
40,35771ECE010,0,1.690140845,14.92957746,35.77464789,16.05633803,2.535211268,7.042253521,21.69014085,0.281690141,0,18.8034188,24.5014245,14.24501425,15.95441595,13.96011396,6.552706553,1.424501425,4.558404558,0,17.11327796,9.571847037,-21.52963364,-0.101922074,11.42490269,-0.489546968,-20.26563942,4.276714418,"SHAFT, OUTPUT",6,アイシン機工（株）,1,6,4.92,1Y,TP341ﾌﾀﾅｼ,0.017,9.6,手配,355,351,0.73,0.7,-0.03,0.733113137,-0.003113137,0.814137931,-0.114137931,543.4,215.8316667,230.9261111,532,347.8,362.5777778,0.7,0.79,15.09444444,14.77777778
41,35847ECB010,0,0,10,10,5,10,55,10,0,0,0,4.761904762,9.523809524,14.28571429,9.523809524,4.761904762,14.28571429,42.85714286,0,0,-5.238095238,-0.476190476,9.285714286,-0.476190476,-50.23809524,4.285714286,42.85714286,"TUBE, TRANSAXLE LUBE APPLY",80,（株）メタルテック,1,1,1.9,1Y,TP332ﾌﾀﾅｼ,0.022,2.9,手配,20,21,2.36,1.94,-0.42,1.400502431,0.959497569,0.714928031,1.225071969,424.8,16.5405,21.8505,413.4,14.177125,19.344625,0.83,0.51,5.31,5.1675
42,35847ECB020,0,0,0,19.04761905,0,23.80952381,33.33333333,23.80952381,0,0,0,0,0,5.263157895,15.78947368,15.78947368,31.57894737,31.57894737,0,0,0,-19.04761905,5.263157895,-8.020050125,-17.54385965,7.769423559,31.57894737,"TUBE, TRANSAXLE LUBE APPLY",70,（株）メタルテック,1,1,1.9,1Y,TP332ﾌﾀﾅｼ,0.022,2.74,手配,21,19,2.02,1.71,-0.31,1.329189627,0.690810373,0.679312027,1.030687973,424.8,18.17142857,24.24,413.4,15.76428571,21.67,0.83,0.5,6.068571429,5.905714286
43,35847ECE010,0,2.173913043,6.52173913,10.86956522,6.52173913,2.173913043,23.91304348,39.13043478,8.695652174,0,0,2.173913043,0,13.04347826,4.347826087,6.52173913,17.39130435,56.52173913,0,-2.173913043,-4.347826087,-10.86956522,6.52173913,2.173913043,-17.39130435,-21.73913043,47.82608696,"TUBE, TRANSAXLE LUBE APPLY",40,（株）メタルテック,1,1,1.9,1Y,TP332ﾌﾀﾅｼ,0.022,3.3,手配,46,46,2.09,1.82,-0.27,1.050754244,1.039245756,0.58045977,1.23954023,543.4,36.9625,50.5475,532,34.25,47.55,0.83,0.5,13.585,13.3
44,35847ECE020,0,0,0,3.703703704,14.81481481,7.407407407,33.33333333,40.74074074,0,0,0,3.333333333,3.333333333,3.333333333,6.666666667,13.33333333,23.33333333,46.66666667,0,0,3.333333333,-0.37037037,-11.48148148,-0.740740741,-20,-17.40740741,46.66666667,"TUBE, TRANSAXLE LUBE APPLY",60,（株）メタルテック,1,1,1.9,1Y,TP332ﾌﾀﾅｼ,0.022,3.5,手配,27,30,2.09,1.8,-0.29,1.161131365,0.928868635,0.610689655,1.189310345,543.4,25.18883333,34.2455,532,22.72333333,31.59,0.83,0.49,9.056666667,8.866666667
45,35882ECB010,0,0,6.060606061,15.15151515,18.18181818,12.12121212,36.36363636,12.12121212,0,0,0,12.12121212,0,9.090909091,3.03030303,18.18181818,36.36363636,21.21212121,0,0,6.060606061,-15.15151515,-9.090909091,-9.090909091,-18.18181818,24.24242424,21.21212121,"TUBE, DIFFERENTIAL GEAR LUBE APPLY",50,（株）メタルテック,1,1,1.9,1Y,TP332ﾌﾀﾅｼ,0.022,2.5,手配,33,33,1.72,1.35,-0.37,1.186564019,0.533435981,0.62808002,0.72191998,424.8,24.24,32.736,413.4,21.67,29.938,0.83,0.5,8.496,8.268
46,36108ECB010,0,14.28571429,14.28571429,57.14285714,0,0,14.28571429,0,0,0,28.57142857,14.28571429,14.28571429,0,28.57142857,0,0,14.28571429,0,14.28571429,0,-42.85714286,0,28.57142857,-14.28571429,0,14.28571429,"SHAFT SUB-ASSY, OIL PUMP DRIVE",150,（株）オーハシテクニカ,1,1,1.97,1Y,TP331.5ﾌﾀﾅｼ,0.017,6.85,手配,7,7,1.51,0.99,-0.52,1.909692058,-0.399692058,1.024240059,-0.034240059,424.8,12.0624,14.8944,413.4,9.8192,12.5752,0.84,0.64,2.832,2.756
47,41310ECB010,0,2.57985258,12.77641278,18.67321867,16.09336609,25.92137592,13.26781327,9.582309582,1.105651106,0,1.979045402,13.62048894,23.39930151,38.06752037,11.87427241,6.868451688,1.280558789,2.910360885,0,-0.600807178,0.844076164,4.72608284,21.97415428,-14.04710351,-6.39936158,-8.301750793,1.804709779,"GEAR ASSY, DIFFERENTIAL",2,（株）オンド,1,4,4,1Y,ｻﾝﾎﾞｯｸｽ＃24Aﾌﾀｱﾘ,0.033,16.99,手配,814,871,1.39,0.77,-0.62,1.114262561,0.275737439,0.700246402,0.069753598,424.8,1171.2,1224.3,413.4,715.115,766.79,1.1,0.69,53.1,51.675
48,41310ECE010,0,1.541425819,4.816955684,29.76878613,28.70905588,26.49325626,4.527938343,3.564547206,0.578034682,0,1.669941061,4.223968566,8.644400786,20.23575639,20.53045187,30.0589391,10.11787819,4.518664047,0,0.128515242,-0.592987118,-21.12438534,-8.473299492,-5.962804396,25.53100075,6.553330986,3.940629365,"GEAR ASSY, DIFFERENTIAL",2,（株）オンド,1,4,4,1Y,ｻﾝﾎﾞｯｸｽ＃24Aﾌﾀｱﾘ,0.033,14.51,手配,1040,1018,1.23,1.03,-0.2,1.111037712,0.118962288,0.712068966,0.317931034,543.4,1497.35,1565.275,532,934,1000.5,1.1,0.7,67.925,66.5
49,5040056001E,0,0,14.28571429,19.04761905,38.0952381,14.28571429,9.523809524,4.761904762,0,0,0,8,12,16,4,48,12,0,0,0,-6.285714286,-7.047619048,-22.0952381,-10.28571429,38.47619048,7.238095238,0,"CLAMP, TUBE",300,サトープレス工業（株）,1,1,1.78,1Y,AW131ﾌﾀﾅｼ,0.006,1.545,手配,21,25,1.29,1.64,0.35,1.247876823,0.042123177,1.04108807,0.59891193,2124,23.532,30.612,2067,22.981,29.871,0.82,0.58,7.08,6.89
50,82125ECB010,0,0,23.07692308,0,15.38461538,30.76923077,23.07692308,7.692307692,0,0,0,16.66666667,16.66666667,8.333333333,8.333333333,0,16.66666667,33.33333333,0,0,-6.41025641,16.66666667,-7.051282051,-22.43589744,-23.07692308,8.974358974,33.33333333,"WIRE, TRANSMISSION",100,矢崎総業（株）,1,1,1.79,1Y,TP332ﾌﾀｱﾘ,0.024,9.3,手配,13,12,2.02,1.685,-0.335,1.533128039,0.486871961,0.836160039,0.848839961,424.8,15.3192,19.5672,413.4,12.9886,17.1226,0.82,0.58,4.248,4.134
51,82125ECE010,0,0,12.5,18.75,12.5,25,12.5,12.5,6.25,0,5.882352941,5.882352941,11.76470588,0,11.76470588,5.882352941,41.17647059,17.64705882,0,5.882352941,-6.617647059,-6.985294118,-12.5,-13.23529412,-6.617647059,28.67647059,11.39705882,"WIRE, TRANSMISSION",100,矢崎総業（株）,1,1,1.79,1Y,TP332ﾌﾀｱﾘ,0.024,5.8,手配,16,17,1.76,1.62,-0.14,1.371885609,0.388114391,0.781149425,0.838850575,543.4,18.7586,24.1926,532,16.428,21.748,0.82,0.58,5.434,5.32
52,82821CWA030,0,0,0,0,0,0,55.55555556,44.44444444,0,0,0,0,0,0,10,20,30,40,0,0,0,0,0,10,-35.55555556,-14.44444444,40,"COVER, CONNECTOR",200,石黒ゴム工業（株）,1,2,3.64,1Y,TP332ﾌﾀﾅｼ,0.022,1.42,手配,9,10,3.3,3.04,-0.26,1.692347949,1.607652051,1.109059783,1.930940217,967.4,23.07355,25.49205,945.4,20.61705,22.98055,1.07,0.83,2.4185,2.3635
53,82821ECB010,0,0,0,0,0,25,75,0,0,0,0,0,0,20,0,0,80,0,0,0,0,0,20,-25,-75,80,0,"COVER, CONNECTOR",400,石黒ゴム工業（株）,1,2,3.64,1Y,TP332ﾌﾀﾅｼ,0.022,3.01,手配,4,5,3.945,3.12,-0.825,2.314461205,1.630538795,1.387999785,1.732000215,968.2,13.045075,14.255325,945.4,10.808525,11.990275,1.07,0.83,1.21025,1.18175
54,82821ECB020,0,0,0,0,10,10,60,20,0,0,0,0,0,0,0,20,60,20,0,0,0,0,-10,-10,-40,40,20,"COVER, CONNECTOR",200,石黒ゴム工業（株）,1,2,3.64,1Y,TP131ﾌﾀﾅｼ,0.006,3.01,手配,10,10,2.865,3.115,0.25,1.692230602,1.172769398,1.148999893,1.966000107,968.2,24.05835,26.47885,945.4,21.56245,23.92595,1.07,0.87,2.4205,2.3635
55,82821ECB040,0,0,25,16.66666667,16.66666667,0,41.66666667,0,0,0,0,8.333333333,8.333333333,8.333333333,41.66666667,16.66666667,16.66666667,0,0,0,-16.66666667,-8.333333333,-8.333333333,41.66666667,-25,16.66666667,0,"COVER, CONNECTOR",100,石黒ゴム工業（株）,1,2,3.64,1Y,TP342ﾌﾀﾅｼ,0.033,3.3,手配,12,12,2.085,1.64,-0.445,1.783128039,0.301871961,1.147150525,0.492849475,424.8,20.6292,22.7532,413.4,18.1561,20.2231,1.07,0.83,2.124,2.067
56,82821ECB050,0,0,0,0,4.347826087,8.695652174,17.39130435,69.56521739,0,0,0,0,0,0,0,12.5,70.83333333,16.66666667,0,0,0,0,-4.347826087,-8.695652174,-4.891304348,1.268115942,16.66666667,"COVER, CONNECTOR",100,石黒ゴム工業（株）,1,2,3.64,1Y,TP332ﾌﾀﾅｼ,0.022,3.1,手配,23,24,3.16,2.615,-0.545,1.381173975,1.778826025,0.969529892,1.645470108,967.4,43.1471,47.9841,945.4,40.2341,44.9611,1.07,0.83,4.837,4.727
57,82821ECE010,0,0,0,0,0,0,0,62.5,37.5,0,0,0,0,0,0,0,26.66666667,73.33333333,0,0,0,0,0,0,0,-35.83333333,35.83333333,"COVER, CONNECTOR",50,石黒ゴム工業（株）,1,2,3.64,1Y,TP332ﾌﾀﾅｼ,0.022,3.1,手配,16,15,3.92,3.86,-0.06,1.345965881,2.574034119,1.170584347,2.689415653,543.4,61.1438,66.5778,532,57.924,63.244,1.07,1.07,5.434,5.32
58,82821XAE010,0,0,0,0,0,0,31.81818182,68.18181818,0,0,0,0,0,0,0,16.66666667,54.16666667,29.16666667,0,0,0,0,0,0,-15.15151515,-14.01515152,29.16666667,"COVER, CONNECTOR",100,石黒ゴム工業（株）,1,2,3.64,1Y,TP131ﾌﾀﾅｼ,0.006,0.37,手配,22,24,3.07,2.58,-0.49,1.381115301,1.688884699,1.009499946,1.570500054,968.2,45.1167,49.9577,945.4,42.1249,46.8519,1.07,0.87,4.841,4.727
59,82821XAE020,0,0,0,100,0,0,0,0,0,0,0,0,100,0,0,0,0,0,0,0,0,0,0,0,0,0,0,"COVER, CONNECTOR",400,石黒ゴム工業（株）,1,2,3.64,1Y,TP332ﾌﾀﾅｼ,0.022,1.42,手配,1,1,3.75,1.89,-1.86,3.922512156,-0.172512156,2.078602098,-0.188602098,424.8,7.3011,7.8321,413.4,5.185675,5.702425,1.07,0.81,0.531,0.51675
60,82824ECB010,0,0,2.040816327,18.36734694,14.28571429,12.24489796,32.65306122,18.36734694,2.040816327,0,0,0,10.41666667,12.5,12.5,33.33333333,27.08333333,4.166666667,0,0,-2.040816327,-7.950680272,-1.785714286,0.255102041,0.680272109,8.715986395,2.12585034,"CONNECTOR, WIRING HARNESS",32,矢崎総業（株）,1,1,1.79,1Y,TP331ﾌﾀｱﾘ,0.014,3.18,手配,49,48,1.62,1.17,-0.45,1.048200972,0.571799028,0.651971212,0.518028788,424.8,40.83375,54.10875,413.4,37.8184375,50.7371875,0.82,0.57,13.275,12.91875
61,82824ECB020,0,0,2.222222222,15.55555556,25.55555556,13.33333333,27.77777778,15.55555556,0,0,0,0,2.247191011,12.35955056,12.35955056,19.1011236,39.3258427,14.60674157,0,0,-2.222222222,-13.30836454,-13.19600499,-0.973782772,-8.676654182,23.77028714,14.60674157,"CONNECTOR, WIRING HARNESS",40,矢崎総業（株）,1,1,1.79,1Y,TP331ﾌﾀｱﾘ,0.014,5.7,手配,90,89,1.28,1.3,0.02,0.94444612,0.33555388,0.625069213,0.674930787,968.2,73.1945,97.3995,945.4,69.5415,93.1765,0.82,0.58,24.205,23.635
62,82824ECE010,0,20,22.85714286,20,14.28571429,17.14285714,5.714285714,0,0,0,0,5.128205128,12.82051282,7.692307692,10.25641026,12.82051282,15.38461538,35.8974359,0,-20,-17.72893773,-7.179487179,-6.593406593,-6.886446886,7.106227106,15.38461538,35.8974359,"CONNECTOR, WIRING HARNESS",45,住友電装（株）,1,1,3.25,1Y,TP332,0.024,4.62,手配,35,39,0.83,0.94,0.11,1.028348524,-0.198348524,0.450517241,0.489482759,543.4,24.736,36.81155556,532,22.28,34.10222222,0.78,0.36,12.07555556,11.82222222
63,9010506A003,0,0,100,0,0,0,0,0,0,0,0,0,0,0,0,100,0,0,0,0,-100,0,0,0,100,0,0,"BOLT, FLANGE",2000,（株）青山製作所,1,6,5.76,1Y,TP331ﾌﾀﾅｼ,0.012,12.63,手配,1,1,2.21,3.16,0.95,4.305640194,-2.095640194,1.800800195,1.359199805,1699.2,5.20896,5.35056,1653.6,3.14968,3.28748,0.74,0.52,0.1416,0.1378
64,9010506A089,0,0,0,0,100,0,0,0,0,0,0,0,50,50,0,0,0,0,0,0,0,50,-50,0,0,0,0,"BOLT, FLANGE",1500,（株）青山製作所,1,6,5.76,1Y,TP331ﾌﾀﾅｼ,0.012,10.13,手配,1,2,3.31,3.13,-0.18,3.073364759,0.236635241,3.035143256,0.094856744,1936.4,6.227333333,6.442488889,1890.8,6.151333333,6.361422222,0.74,0.5,0.215155556,0.210088889
65,9010508A014,0,0,1.133144476,7.365439093,24.64589235,28.3286119,24.36260623,14.16430595,0,0,0,0.340136054,2.380952381,9.863945578,35.03401361,47.95918367,3.401360544,1.020408163,0,0,-0.793008421,-4.984486713,-14.78194677,6.705401707,23.59657744,-10.7629454,1.020408163,"BOLT, FLANGE",500,（株）青山製作所,1,6,5.76,1Y,TP331ﾌﾀﾅｼ,0.012,8.83,手配,353,294,1.1,0.89,-0.21,0.781132515,0.318867485,0.584710658,0.305289342,36604,200.6616,212.8629333,35749,196.0446,207.9609333,0.74,0.54,12.20133333,11.91633333
66,9010508A042,0,4,20,32,12,4,20,8,0,0,6.666666667,13.33333333,33.33333333,23.33333333,13.33333333,10,0,0,0,2.666666667,-6.666666667,1.333333333,11.33333333,9.333333333,-10,-8,0,"BOLT, FLANGE",300,（株）青山製作所,1,6,5.76,1Y,TP331ﾌﾀﾅｼ,0.012,10.22,手配,25,30,1.07,0.675,-0.395,1.167876823,-0.097876823,0.683696023,-0.008696023,2124,21.762,22.942,2067,19.2585,20.40683333,0.74,0.53,1.18,1.148333333
67,9010512A018,0,4,12.36363636,30.18181818,22.18181818,26.54545455,4.727272727,0,0,0,0.371747212,7.063197026,21.9330855,37.91821561,30.48327138,2.230483271,0,0,0,-3.628252788,-5.300439338,-8.24873268,15.73639743,3.93781683,-2.496789456,0,0,"BOLT, FLANGE",200,（株）青山製作所,1,6,5.76,1Y,TP331ﾌﾀﾅｼ,0.012,9.85,手配,282,269,0.81,0.91,0.1,0.785269353,0.024730647,0.789132768,0.120867232,13317.6,182.7876,193.8856,12998.4,243.4704,254.3024,0.74,0.74,11.098,10.832
68,9011906908,0,0,100,0,0,0,0,0,0,0,100,0,0,0,0,0,0,0,0,100,-100,0,0,0,0,0,0,"BOLT, W/WASHER",2000,（株）青山製作所,1,6,5.76,1Y,TP331ﾌﾀﾅｼ,0.012,15.83,手配,1,2,3.59,1.73,-1.86,5.072272145,-1.482272145,5.235185572,-3.505185572,1393,4.88055,4.996633333,1358.8,4.83438,4.947613333,0.74,0.54,0.116083333,0.113233333
69,9011906A065,0,14.28571429,0,42.85714286,14.28571429,14.28571429,14.28571429,0,0,0,0,0,0,0,37.5,25,37.5,0,0,-14.28571429,0,-42.85714286,-14.28571429,23.21428571,10.71428571,37.5,0,"BOLT, FLANGE W/WASHER",1000,（株）青山製作所,1,6,5.76,1Y,TP331ﾌﾀﾅｼ,0.012,11.83,手配,7,8,1.74,1.425,-0.315,1.777051004,-0.037051004,0.905576779,0.519423221,2904.6,10.69719,11.18129,2836.2,8.51593,8.98863,0.74,0.53,0.4841,0.4727
70,9014908A008,0,9.090909091,36.36363636,18.18181818,0,9.090909091,18.18181818,9.090909091,0,0,0,0,40,0,13.33333333,13.33333333,20,13.33333333,0,-9.090909091,-36.36363636,21.81818182,0,4.242424242,-4.848484848,10.90909091,13.33333333,SCREW,800,（株）青山製作所,1,6,5.76,1Y,TP331ﾌﾀﾅｼ,0.012,10.59,手配,11,15,1.48,1.14,-0.34,1.569640803,-0.089640803,0.820461423,0.319538577,2904.6,12.43995,13.045075,2836.2,10.21765,10.808525,0.74,0.52,0.605125,0.590875
71,9015905A007,0,0,14.28571429,28.57142857,28.57142857,14.28571429,0,14.28571429,0,0,0,0,25,50,12.5,0,12.5,0,0,0,-14.28571429,-3.571428571,21.42857143,-1.785714286,0,-1.785714286,0,"SCREW, W/WASHER",2000,（株）青山製作所,1,6,5.76,1Y,TP331ﾌﾀﾅｼ,0.012,9.43,手配,7,8,1.78,1.96,0.18,1.777246582,0.002753418,1.656972201,0.303027799,5804.4,10.69083,11.17453,5672.4,10.51593,10.98863,0.74,0.53,0.4837,0.4727
72,9015906A021,0,4,12,16,12,16,28,12,0,0,16,20,4,16,32,12,0,0,0,12,8,-12,4,16,-16,-12,0,"SCREW, W/WASHER",1200,（株）青山製作所,1,6,5.76,1Y,TP331ﾌﾀﾅｼ,0.012,9.71,手配,25,25,1.52,1.2,-0.32,1.182623775,0.337376225,1.000708091,0.199291909,8163.4,20.68736667,21.82117222,7976.6,20.28263333,21.39049444,0.74,0.52,1.133805556,1.107861111
73,9015906A022,0,0,5.555555556,11.11111111,27.77777778,30.55555556,22.22222222,2.777777778,0,0,2.777777778,2.777777778,11.11111111,30.55555556,41.66666667,11.11111111,0,0,0,2.777777778,-2.777777778,0,2.777777778,11.11111111,-11.11111111,-2.777777778,0,"SCREW, W/WASHER",1500,（株）青山製作所,1,6,5.76,1Y,TP331ﾌﾀﾅｼ,0.012,10.13,手配,36,36,1.355,1.075,-0.28,1.051144635,0.303855365,0.848055377,0.226944623,14520,27.684,29.29733333,14181,27.1077,28.68336667,0.74,0.51,1.613333333,1.575666667
74,9015906A023,0,60,40,0,0,0,0,0,0,0,0,20,20,40,20,0,0,0,0,-60,-20,20,40,20,0,0,0,"SCREW, W/WASHER",1300,（株）青山製作所,1,6,5.76,1Y,TP331ﾌﾀﾅｼ,0.012,9.67,手配,5,5,0.91,2.11,1.2,2.088420556,-1.178420556,1.985063862,0.124936138,2902.2,8.8044,9.176476923,2836.2,8.6724,9.036015385,0.74,0.52,0.372076923,0.363615385
75,9020150A002,0,0,14.28571429,28.57142857,14.28571429,28.57142857,14.28571429,0,0,0,0,9.090909091,18.18181818,9.090909091,9.090909091,27.27272727,27.27272727,0,0,0,-5.194805195,-10.38961039,-5.194805195,-19.48051948,12.98701299,27.27272727,0,"WASHER, PLATE",100,（株）ムロコーポレーション,1,1,0.73,1Y,TP131ﾌﾀﾅｼ,0.006,6.9,手配,7,11,2.03,1.87,-0.16,1.643128039,0.386871961,0.986160039,0.883839961,424.8,18.0804,22.3284,413.4,16.0891,20.2231,0.93,0.73,4.248,4.134
76,9020156A001,0,7.142857143,28.57142857,14.28571429,14.28571429,21.42857143,14.28571429,0,0,0,0,11.11111111,11.11111111,11.11111111,11.11111111,22.22222222,33.33333333,0,0,-7.142857143,-17.46031746,-3.174603175,-3.174603175,-10.31746032,7.936507937,33.33333333,0,"WASHER, PLATE",100,（株）ムロコーポレーション,1,1,0.73,1Y,TP131ﾌﾀﾅｼ,0.006,13.86,手配,14,9,1.775,1.9,0.125,1.643128039,0.131871961,1.006160039,0.893839961,424.8,18.5052,22.7532,413.4,16.5025,20.6365,0.93,0.75,4.248,4.134
77,9020156A002,0,11.11111111,33.33333333,11.11111111,0,22.22222222,22.22222222,0,0,0,0,7.142857143,14.28571429,21.42857143,21.42857143,14.28571429,21.42857143,0,0,-11.11111111,-26.19047619,3.174603175,21.42857143,-0.793650794,-7.936507937,21.42857143,0,"WASHER, PLATE",100,（株）ムロコーポレーション,1,1,0.73,1Y,TP131ﾌﾀﾅｼ,0.006,10.47,手配,9,14,1.2,1.335,0.135,1.481885609,-0.281885609,0.931149425,0.403850575,543.4,22.2907,27.7247,532,20.418,25.738,0.93,0.73,5.434,5.32
78,9025006A007,0,0,7.692307692,30.76923077,0,7.692307692,38.46153846,15.38461538,0,0,0,7.692307692,15.38461538,30.76923077,15.38461538,15.38461538,0,15.38461538,0,0,0,-15.38461538,30.76923077,7.692307692,-23.07692308,-15.38461538,15.38461538,"PIN, STRAIGHT",200,（株）ギフ加藤製作所,1,2,3.8,1Y,AW131ﾌﾀﾅｼ,0.005,0.84,手配,13,13,2.48,1.19,-1.29,1.613128039,0.866871961,1.016160039,0.173839961,849.6,19.1424,21.2664,826.8,16.7092,18.7762,0.9,0.76,2.124,2.067
79,9030106A018,0,0,0,0,20,20,60,0,0,0,40,0,0,40,20,0,0,0,0,40,0,0,20,0,-60,0,0,"RING, O",2000,ＮＯＫ（株）,1,2,3.52,1Y,TP131ﾌﾀﾅｼ,0.006,0.6,手配,5,5,3.01,2.11,-0.9,1.972072704,1.037927296,1.830853085,0.279146915,5147.2,10.20608,11.49288,5021.8,10.03052,11.28597,0.8,0.56,1.2868,1.25545
80,9030111A014,0,6.666666667,6.666666667,26.66666667,0,13.33333333,33.33333333,13.33333333,0,0,0,7.692307692,7.692307692,15.38461538,23.07692308,23.07692308,23.07692308,0,0,-6.666666667,1.025641026,-18.97435897,15.38461538,9.743589744,-10.25641026,9.743589744,0,"RING, O",1000,ＮＯＫ（株）,1,2,3.52,1Y,TP131ﾌﾀﾅｼ,0.006,0.6,手配,15,13,2.02,1.81,-0.21,1.422230602,0.597769398,1.236038202,0.573961798,4841,16.5548,18.9753,4727,16.2356,18.5991,0.8,0.56,2.4205,2.3635
81,9030115A011,0,100,0,0,0,0,0,0,0,0,0,0,33.33333333,33.33333333,0,33.33333333,0,0,0,-100,0,33.33333333,33.33333333,0,33.33333333,0,0,"RING, O",1000,ＮＯＫ（株）,1,2,3.52,1Y,TP131ﾌﾀﾅｼ,0.006,0.7,手配,1,3,1.02,1.68,0.66,3.559428046,-2.539428046,1.565747126,0.114252874,1086.8,6.04304,6.58644,1064,3.9792,4.5112,0.8,0.56,0.5434,0.532
82,9030117A010,0,0,33.33333333,0,66.66666667,0,0,0,0,0,0,100,0,0,0,0,0,0,0,0,66.66666667,0,-66.66666667,0,0,0,0,"RING, O",1000,ＮＯＫ（株）,1,2,3.52,1Y,TP131ﾌﾀﾅｼ,0.006,0.8,手配,3,2,3.27,1.88,-1.39,2.966136073,0.303863927,2.887592786,-1.007592786,1393,6.7611,7.4576,1358.8,6.66876,7.34816,0.8,0.54,0.6965,0.6794
83,9030119A011,0,15.38461538,7.692307692,23.07692308,7.692307692,7.692307692,30.76923077,7.692307692,0,0,0,7.142857143,28.57142857,14.28571429,7.142857143,14.28571429,21.42857143,7.142857143,0,-15.38461538,-0.549450549,5.494505495,6.593406593,-0.549450549,-16.48351648,13.73626374,7.142857143,"RING, O",200,ＮＯＫ（株）,1,2,3.52,1Y,TP131ﾌﾀﾅｼ,0.006,0.58,手配,13,14,1.75,1.08,-0.67,1.513128039,0.236871961,0.796160039,0.283839961,849.6,14.4696,16.5936,826.8,12.1618,14.2288,0.8,0.54,2.124,2.067
84,9031150A014,0,0,2.380952381,11.9047619,11.9047619,23.80952381,40.47619048,9.523809524,0,0,0,2.325581395,11.62790698,11.62790698,23.25581395,32.55813953,16.27906977,2.325581395,0,0,-0.055370986,-0.276854928,-0.276854928,-0.553709856,-7.918050941,6.755260244,2.325581395,"SEAL, TYPE T OIL",84,ＮＯＫ（株）,1,2,3.52,1Y,ｻﾝﾎﾞｯｸｽ＃24Bﾌﾀﾅｼ,0.021,5.258,手配,42,43,1.615,0.98,-0.635,1.061336853,0.553663147,0.634645348,0.345354652,968.2,34.12071429,39.88380952,945.4,31.38785714,37.0152381,0.8,0.54,5.763095238,5.627380952
85,9031150A015,0,0,13.63636364,22.72727273,15.90909091,18.18181818,11.36363636,18.18181818,0,0,0,0,25,22.72727273,15.90909091,18.18181818,13.63636364,4.545454545,0,0,-13.63636364,2.272727273,6.818181818,-2.272727273,6.818181818,-4.545454545,4.545454545,"SEAL, TYPE T OIL",84,ＮＯＫ（株）,1,2,3.52,1Y,ｻﾝﾎﾞｯｸｽ＃24Bﾌﾀﾅｼ,0.021,5.56,手配,44,44,1.285,0.8,-0.485,1.061336853,0.223663147,0.624645348,0.175354652,968.2,33.54440476,39.3075,945.4,30.82511905,36.4525,0.8,0.53,5.763095238,5.627380952
86,9033904A002,0,50,50,0,0,0,0,0,0,0,0,0,0,0,50,0,50,0,0,-50,-50,0,0,50,0,50,0,CAP,1000,サトープレス工業（株）,1,1,1.78,1Y,AW131ﾌﾀﾅｼ,0.006,0.97,手配,2,2,1.94,3.39,1.45,3.931153012,-1.991153012,1.736730336,1.653269664,968.2,5.95301,6.92121,945.4,3.88347,4.82887,0.82,0.61,0.9682,0.9454
87,9034108A006,0,0,8.333333333,8.333333333,33.33333333,25,25,0,0,0,9.090909091,18.18181818,18.18181818,27.27272727,9.090909091,9.090909091,0,9.090909091,0,9.090909091,9.848484848,9.848484848,-6.060606061,-15.90909091,-15.90909091,0,9.090909091,"PLUG, W/HEAD STRAIGHT SCREW",1000,（株）杉浦製作所,1,2,1.06,1Y,TP331ﾌﾀﾅｼ,0.012,7.4,手配,12,11,1.915,1.4,-0.515,1.471299529,0.443700471,1.291329305,0.108670695,4297.6,14.38864,16.53744,4195,14.11675,16.21425,0.77,0.53,2.1488,2.0975
88,9034114A004,0,0,100,0,0,0,0,0,0,0,0,50,0,0,50,0,0,0,0,0,-50,0,0,50,0,0,0,"PLUG, W/HEAD STRAIGHT SCREW",500,（株）青山製作所,1,6,5.76,1Y,TP331ﾌﾀﾅｼ,0.012,11.33,手配,1,2,2.48,1.875,-0.605,4.305640194,-1.825640194,1.780800195,0.094199805,424.8,5.124,5.2656,413.4,3.067,3.2048,0.74,0.5,0.1416,0.1378
89,9034118060,0,0,0,0,0,0,100,0,0,0,0,0,0,0,100,0,0,0,0,0,0,0,0,100,-100,0,0,"PLUG, W/HEAD STRAIGHT SCREW",300,住友商事（株）鉄鋼部輸送機材,1,1,3,1Y,TP331ﾌﾀﾅｼ,0.012,13.56,手配,1,1,4.11,1.94,-2.17,2.595656827,1.514343173,1.343448276,0.596551724,543.4,9.701933333,11.51326667,532,7.561333333,9.334666667,0.94,0.74,1.811333333,1.773333333
90,9034118090,0,10,10,20,30,10,20,0,0,0,0,0,22.22222222,11.11111111,66.66666667,0,0,0,0,-10,-10,2.222222222,-18.88888889,56.66666667,-20,0,0,"PLUG, W/HEAD STRAIGHT SCREW",300,（株）杉浦製作所,1,2,1.06,1Y,TP331ﾌﾀﾅｼ,0.012,10.36,手配,10,9,1.89,2.04,0.15,1.703345904,0.186654096,1.554057302,0.485942698,968.2,11.7138,13.32746667,945.4,11.5086,13.08426667,0.77,0.54,1.613666667,1.575666667
91,9034118A024,0,20,0,80,0,0,0,0,0,0,0,16.66666667,16.66666667,16.66666667,16.66666667,16.66666667,16.66666667,0,0,-20,16.66666667,-63.33333333,16.66666667,16.66666667,16.66666667,16.66666667,0,"PLUG, W/HEAD STRAIGHT SCREW",200,（株）青山製作所,1,6,5.76,1Y,TP131ﾌﾀﾅｼ,0.006,6.27,手配,5,6,1.56,2.085,0.525,1.843771218,-0.283771218,1.726896552,0.358103448,543.4,10.0642,10.51703333,532,9.916,10.35933333,0.74,0.52,0.452833333,0.443333333
92,9036324A003,0,0,7.792207792,11.68831169,35.06493506,37.66233766,7.792207792,0,0,0,3.846153846,14.1025641,37.17948718,29.48717949,11.53846154,3.846153846,0,0,0,3.846153846,6.31035631,25.49117549,-5.577755578,-26.12387612,-3.946053946,0,0,"BEARING, RADIAL BALL",22,日本精工（株）,1,8,9,1Y,ﾃﾝﾊﾞｺ10ﾌﾀﾅｼ,0.015,12.85,手配,77,78,1.09,0.78,-0.31,0.896888169,0.193111831,0.796355209,-0.016355209,424.8,74.44363636,76.85727273,413.4,69.58681818,71.93568182,0.74,0.74,2.413636364,2.348863636
93,9036324A004,0,0,0,3.968253968,27.77777778,35.71428571,32.53968254,0,0,0,3.937007874,11.81102362,16.53543307,41.73228346,20.47244094,2.362204724,1.57480315,1.57480315,0,3.937007874,11.81102362,12.5671791,13.95450569,-15.24184477,-30.17747782,1.57480315,1.57480315,"BEARING, RADIAL BALL",30,日本精工（株）,1,8,9,1Y,ﾃﾝﾊﾞｺ10ﾌﾀﾅｼ,0.015,9.978,手配,126,127,1.15,0.86,-0.29,0.83333459,0.31666541,0.77380191,0.08619809,968.2,122.4113333,126.4455,945.4,116.0236667,119.9628333,0.74,0.74,4.034166667,3.939166667
94,9036324A005,0,0,3.260869565,5.434782609,15.2173913,39.13043478,36.95652174,0,0,0,0,2.127659574,10.63829787,26.59574468,32.9787234,23.40425532,1.063829787,3.191489362,0,0,-1.133209991,5.203515264,11.37835338,-6.151711378,-13.55226642,1.063829787,3.191489362,"BEARING, RADIAL BALL",22,日本精工（株）,1,8,9,1Y,ｻﾝﾎﾞｯｸｽ＃K-10Bﾌﾀﾅｼ,0.015,11.86,手配,92,94,1.23,0.99,-0.24,0.861414834,0.368585166,0.734252874,0.255747126,543.4,94.39,97.4775,532,83.21818182,86.24090909,0.74,0.69,3.0875,3.022727273
95,9036340A010,0,0,0,4.494382022,14.60674157,35.95505618,44.94382022,0,0,0,0,6.666666667,24.44444444,38.88888889,24.44444444,3.333333333,1.111111111,1.111111111,0,0,6.666666667,19.95006242,24.28214732,-11.51061174,-41.61048689,1.111111111,1.111111111,"BEARING, RADIAL BALL",80,日本精工（株）,1,8,9,1Y,ｻﾝﾎﾞｯｸｽ＃K-10Bﾌﾀﾅｼ,0.015,9.301,手配,89,90,1.3,0.99,-0.31,0.88444612,0.41555388,0.87520764,0.11479236,1936.4,94.979,98.004625,1890.8,89.26775,92.222125,0.76,0.74,3.025625,2.954375
96,9036345A004,0,0,0,3.333333333,0,26.66666667,43.33333333,26.66666667,0,0,0,13.33333333,13.33333333,6.666666667,3.333333333,33.33333333,16.66666667,13.33333333,0,0,13.33333333,10,6.666666667,-23.33333333,-10,-10,13.33333333,"BEARING, RADIAL BALL",90,岡谷鋼機（株）,1,1,2.29,1Y,ｻﾝﾎﾞｯｸｽ＃9Bﾌﾀﾅｼ,0.013,12,手配,30,30,2.095,1.24,-0.855,1.150003771,0.944996229,0.74140573,0.49859427,968.2,37.42488889,48.18266667,945.4,34.61422222,45.11866667,0.87,0.64,10.75777778,10.50444444
97,9036628A005,0,0,4.166666667,12.5,8.333333333,25,29.16666667,20.83333333,0,0,0,0,16.66666667,12.5,4.166666667,12.5,50,4.166666667,0,0,-4.166666667,4.166666667,4.166666667,-20.83333333,-16.66666667,29.16666667,4.166666667,"RACE, TAPERED ROLLER BEARING, INNER",60,（株）ジェイテクト,1,1,1.9,1Y,ｻﾝﾎﾞｯｸｽ＃9Fﾌﾀﾅｼ,0.013,11.26,手配,24,24,1.95,1.565,-0.385,1.237876823,0.712123177,0.773696023,0.791303977,424.8,25.302,32.382,413.4,22.359,29.249,0.81,0.62,7.08,6.89
98,9036628A006,0,0,6.25,12.5,18.75,25,12.5,25,0,0,0,0,0,0,13.33333333,26.66666667,46.66666667,13.33333333,0,0,-6.25,-12.5,-18.75,-11.66666667,14.16666667,21.66666667,13.33333333,"RACE, TAPERED ROLLER BEARING, OUTER",80,（株）ジェイテクト,1,1,1.9,1Y,ｻﾝﾎﾞｯｸｽ＃9Fﾌﾀﾅｼ,0.013,10.94,手配,16,15,1.885,1.85,-0.035,1.380502431,0.504497569,0.824928031,1.025071969,424.8,19.7265,25.0365,413.4,17.01925,22.18675,0.81,0.62,5.31,5.1675
99,9036628A007,0,0,8.333333333,8.333333333,4.166666667,12.5,16.66666667,45.83333333,4.166666667,0,0,0,4.166666667,4.166666667,4.166666667,25,29.16666667,33.33333333,0,0,-8.333333333,-4.166666667,0,-8.333333333,8.333333333,-16.66666667,29.16666667,"RACE, TAPERED ROLLER BEARING, INNER",72,（株）ジェイテクト,1,1,1.9,1Y,ｻﾝﾎﾞｯｸｽ＃9Fﾌﾀﾅｼ,0.013,11.644,手配,24,24,2.425,1.68,-0.745,1.207357639,1.217642361,0.714827586,0.965172414,543.4,24.88694444,32.43416667,532,22.05833333,29.44722222,0.81,0.57,7.547222222,7.388888889
100,9036628A008,0,0,6.25,0,12.5,12.5,43.75,25,0,0,0,0,0,12.5,0,18.75,37.5,31.25,0,0,-6.25,0,0,-12.5,-25,12.5,31.25,"RACE, TAPERED ROLLER BEARING, OUTER",100,（株）ジェイテクト,1,1,1.9,1Y,ｻﾝﾎﾞｯｸｽ＃9Fﾌﾀﾅｼ,0.013,10.1,手配,16,16,2.35,1.88,-0.47,1.361885609,0.988114391,0.781149425,1.098850575,543.4,19.0303,24.4643,532,16.428,21.748,0.81,0.58,5.434,5.32
101,9036630A017,0,0,0,12.24489796,12.24489796,10.20408163,32.65306122,30.6122449,2.040816327,0,0,0,4.255319149,10.63829787,0,25.53191489,42.55319149,17.0212766,0,0,0,-7.98957881,-1.606600087,-10.20408163,-7.121146331,11.94094659,14.98046027,"RACE, TAPERED ROLLER BEARING, OUTER",72,（株）ジェイテクト,1,1,1.9,1Y,ｻﾝﾎﾞｯｸｽ＃9Fﾌﾀﾅｼ,0.013,10.492,手配,49,47,1.8,1.61,-0.19,1.034003017,0.765996983,0.681124584,0.928875416,968.2,44.01402778,57.46125,945.4,40.39166667,53.52222222,0.81,0.6,13.44722222,13.13055556
102,9036630A018,0,0,0,0,3.96039604,11.88118812,27.72277228,50.4950495,5.940594059,0,0,0,2.06185567,0,14.43298969,28.86597938,35.05154639,19.58762887,0,0,0,2.06185567,-3.96039604,2.551801572,1.143207104,-15.44350311,13.64703481,"RACE, TAPERED ROLLER BEARING, INNER",38,（株）ジェイテクト,1,1,1.9,1Y,ｻﾝﾎﾞｯｸｽ＃9Fﾌﾀﾅｼ,0.013,9.51,手配,101,97,1.33,1.07,-0.26,0.658223814,0.671776186,0.468447258,0.601552742,968.2,46.31421053,71.79315789,945.4,45.29421053,70.17315789,0.54,0.34,25.47894737,24.87894737
103,9036652A003,0,0,3.571428571,7.142857143,3.571428571,3.571428571,32.14285714,50,0,0,0,0,3.333333333,16.66666667,3.333333333,20,23.33333333,33.33333333,0,0,-3.571428571,-3.80952381,13.0952381,-0.238095238,-12.14285714,-26.66666667,33.33333333,"RACE, TAPERED ROLLER BEARING, INNER",60,（株）ジェイテクト,1,1,1.9,1Y,ｻﾝﾎﾞｯｸｽ＃9Fﾌﾀﾅｼ,0.013,11.98,手配,28,30,2.275,1.645,-0.63,1.141131365,1.133868635,0.690689655,0.954310345,543.4,29.26433333,38.321,532,26.27,35.13666667,0.81,0.57,9.056666667,8.866666667
104,9036652A004,0,0,7.142857143,7.142857143,3.571428571,3.571428571,25,53.57142857,0,0,0,0,0,10.34482759,13.79310345,34.48275862,34.48275862,6.896551724,0,0,-7.142857143,-7.142857143,6.773399015,10.22167488,9.482758621,-19.08866995,6.896551724,"RACE, TAPERED ROLLER BEARING, OUTER",63,（株）ジェイテクト,1,1,1.9,1Y,ｻﾝﾎﾞｯｸｽ＃9Fﾌﾀﾅｼ,0.013,7,手配,28,29,2.36,1.31,-1.05,1.157687934,1.202312066,0.696724138,0.613275862,543.4,28.01365079,36.63904762,532,25.06666667,33.51111111,0.81,0.57,8.625396825,8.444444444
105,9036658A001,0,0,2.857142857,17.14285714,17.14285714,5.714285714,40,17.14285714,0,0,0,2.941176471,11.76470588,23.52941176,11.76470588,29.41176471,11.76470588,8.823529412,0,0,0.084033613,-5.378151261,6.386554622,6.050420168,-10.58823529,-5.378151261,8.823529412,"RACE, TAPERED ROLLER BEARING, INNER",45,（株）ジェイテクト,1,1,1.9,1Y,ｻﾝﾎﾞｯｸｽ＃9Fﾌﾀﾅｼ,0.013,9.79,手配,35,34,1.76,0.975,-0.785,1.130907618,0.629092382,0.685272018,0.289727982,424.8,30.376,39.816,413.4,27.182,36.36866667,0.81,0.57,9.44,9.186666667
106,9036658A002,0,0,0,6.818181818,18.18181818,9.090909091,52.27272727,13.63636364,0,0,0,0,2.5,12.5,10,47.5,20,7.5,0,0,0,-4.318181818,-5.681818182,0.909090909,-4.772727273,6.363636364,7.5,"RACE, TAPERED ROLLER BEARING, OUTER",36,（株）ジェイテクト,1,1,1.9,1Y,ｻﾝﾎﾞｯｸｽ＃9Fﾌﾀﾅｼ,0.013,5.668,手配,44,40,1.77,1.205,-0.565,1.066726094,0.703273906,0.682217614,0.522782386,424.8,38.4,50.2,413.4,34.87583333,46.35916667,0.81,0.59,11.8,11.48333333
107,9036659A009,0,0,0,3.96039604,11.88118812,20.79207921,26.73267327,32.67326733,3.96039604,0,0,2.040816327,8.163265306,20.40816327,20.40816327,15.30612245,22.44897959,11.2244898,0,0,2.040816327,4.202869267,8.526975146,-0.383915943,-11.42655082,-10.22428773,7.264093756,"RACE, TAPERED ROLLER BEARING, INNER",36,（株）ジェイテクト,1,1,1.9,1Y,ｻﾝﾎﾞｯｸｽ＃9Fﾌﾀﾅｼ,0.013,9.88,手配,101,98,1.69,0.92,-0.77,0.922001508,0.767998492,0.630562292,0.289437708,968.2,83.68333333,110.5777778,945.4,78.47027778,104.7313889,0.81,0.59,26.89444444,26.26111111
108,9036659A010,0,0,2,3,11,21,33,26,4,0,0,2.02020202,4.04040404,4.04040404,14.14141414,20.2020202,42.42424242,13.13131313,0,0,0.02020202,1.04040404,-6.95959596,-6.858585859,-12.7979798,16.42424242,9.131313131,"RACE, TAPERED ROLLER BEARING, OUTER",36,（株）ジェイテクト,1,1,1.9,1Y,ｻﾝﾎﾞｯｸｽ＃9Fﾌﾀﾅｼ,0.013,7.144,手配,101,99,1.64,1.31,-0.33,0.922001508,0.717998492,0.630562292,0.679437708,968.2,83.68333333,110.5777778,945.4,78.47027778,104.7313889,0.81,0.59,26.89444444,26.26111111
109,9050827A011,0,16.66666667,16.66666667,33.33333333,0,0,33.33333333,0,0,0,33.33333333,0,0,50,0,0,16.66666667,0,0,16.66666667,-16.66666667,-33.33333333,50,0,-33.33333333,16.66666667,0,"SPRING, TORSION",200,（株）東郷製作所,1,8,11.12,1Y,TP331ﾌﾀﾅｼ,0.012,4.48,手配,6,6,1.92,1.435,-0.485,2.206256078,-0.286256078,1.292320078,0.142679922,424.8,11.2836,11.5491,413.4,9.0613,9.319675,0.78,0.78,0.2655,0.258375
110,9093003179,0,0,0,33.33333333,0,33.33333333,33.33333333,0,0,0,0,50,0,0,0,0,0,50,0,0,50,-33.33333333,0,-33.33333333,-33.33333333,0,50,"PLUG, BREATHER",500,（株）青山製作所,1,6,5.76,1Y,TP331ﾌﾀﾅｼ,0.012,9.18,手配,3,2,3.42,2.765,-0.655,2.295576506,1.124423494,1.197499732,1.567500268,968.2,7.841,8.163733333,945.4,5.727,6.042133333,0.74,0.5,0.322733333,0.315133333
111,9094906A012,4.347826087,13.04347826,8.695652174,17.39130435,21.73913043,13.04347826,21.73913043,0,0,0,10,10,5,30,10,20,15,0,-4.347826087,-3.043478261,1.304347826,-12.39130435,8.260869565,-3.043478261,-1.739130435,15,0,"CLAMP, WIRING",500,中庸スプリング（株）,1,2,2.34,1Y,AW131ﾌﾀﾅｼ,0.006,1.85,手配,24,20,1.395,1.34,-0.055,1.262693526,0.132306474,1.081327677,0.258672323,3329.4,22.64346,25.97286,3249.6,22.17264,25.42224,0.81,0.59,3.3294,3.2496
112,9155180614,0,0,18.18181818,45.45454545,18.18181818,0,18.18181818,0,0,0,30,20,20,10,20,0,0,0,0,30,1.818181818,-25.45454545,-8.181818182,20,-18.18181818,0,0,"BOLT, FLANGE",1500,（株）青山製作所,1,6,5.76,1Y,TP331ﾌﾀﾅｼ,0.012,10.13,手配,11,10,1.44,1.245,-0.195,1.69776174,-0.25776174,1.579055284,-0.334055284,4722.4,11.50032,12.02503111,4608.4,11.29512,11.80716444,0.74,0.54,0.524711111,0.512044444
113,9155180640,0,0,50,0,50,0,0,0,0,0,0,50,0,25,25,0,0,0,0,0,0,0,-25,25,0,0,0,"BOLT, FLANGE",1000,（株）青山製作所,1,6,5.76,1Y,TP331ﾌﾀﾅｼ,0.012,11.53,手配,2,4,2.145,2.1,-0.045,2.295576506,-0.150576506,2.230095504,-0.130095504,1936.4,8.22828,8.551013333,1890.8,8.10516,8.420293333,0.74,0.54,0.322733333,0.315133333
114,9161140614,0,4.761904762,9.523809524,23.80952381,23.80952381,28.57142857,9.523809524,0,0,0,4,20,32,20,16,8,0,0,0,-0.761904762,10.47619048,8.19047619,-3.80952381,-12.57142857,-1.523809524,0,0,"BOLT, W/WASHER",2500,（株）青山製作所,1,6,5.76,1Y,TP331ﾌﾀﾅｼ,0.012,13.08,手配,21,25,1.44,0.89,-0.55,1.226117658,0.213882342,1.048154845,-0.158154845,15491.2,19.110848,20.14359467,15126.4,18.731456,19.73988267,0.74,0.52,1.032746667,1.008426667
115,9167180618,0,14.28571429,0,28.57142857,28.57142857,14.28571429,14.28571429,0,0,12.5,0,12.5,25,12.5,12.5,25,0,0,12.5,-14.28571429,12.5,-3.571428571,-16.07142857,-1.785714286,10.71428571,0,0,"BOLT, FLANGE W/WASHER",1000,（株）青山製作所,1,6,5.76,1Y,TP331ﾌﾀﾅｼ,0.012,9.43,手配,7,8,1.9,1.595,-0.305,1.777051004,0.122948996,1.656730336,-0.061730336,2904.6,10.69719,11.18129,2836.2,10.51593,10.98863,0.74,0.53,0.4841,0.4727
116,G1144ECB010,0,0,10,12.33333333,16.33333333,11.33333333,39,11,0,0,0,0,1.556420233,9.727626459,12.45136187,24.51361868,49.80544747,1.945525292,0,0,-10,-10.7769131,-6.605706874,1.118028534,-14.48638132,38.80544747,1.945525292,"TERMINAL, MOTOR CABLE",6,住友電気工業（株）,1,1,2.28,1Y,TP331ﾌﾀﾅｼ,0.012,2.288,手配,300,257,1.365,1.41,0.045,0.912787682,0.452212318,0.660739205,0.749260795,424.8,226.02,296.82,413.4,219.035,287.935,0.87,0.63,70.8,68.9
117,G1144ECE010,0,0,0,4.979253112,4.564315353,6.639004149,24.89626556,52.28215768,6.639004149,0,0,0,0.826446281,3.719008264,6.611570248,14.46280992,53.30578512,21.07438017,0,0,0,-4.152806831,-0.845307088,-0.027433901,-10.43345564,1.023627448,14.43537602,"TERMINAL, MOTOR CABLE",8,矢崎総業（株）,1,1,1.79,1Y,TP331ﾌﾀｱﾘ,0.014,4.71,手配,242,242,1.82,1.59,-0.23,0.864150849,0.955849151,0.612183908,0.977816092,543.4,199.9825,267.9075,532,194.85,261.35,0.82,0.58,67.925,66.5
118,G1163ECB010,0,3.03030303,9.090909091,27.27272727,33.33333333,3.03030303,24.24242424,0,0,0,7.142857143,16.66666667,26.19047619,33.33333333,11.9047619,4.761904762,0,0,0,4.112554113,7.575757576,-1.082251082,0,8.874458874,-19.48051948,0,0,"BOLT, MOTOR STATOR YOKE",80,（株）青山製作所,1,6,5.76,1Y,TP331ﾌﾀﾅｼ,0.012,7.438,手配,33,42,1.16,0.66,-0.5,1.079965231,0.080034769,0.651332008,0.008667992,687,26.18625,27.6175,772.2,27.06175,28.6705,0.74,0.54,1.43125,1.60875
119,G1163ECE010,0,1.176470588,5.882352941,22.35294118,14.11764706,14.11764706,25.88235294,16.47058824,0,0,2.298850575,4.597701149,14.94252874,19.54022989,21.83908046,28.73563218,8.045977011,0,0,1.122379986,-1.284651792,-7.410412441,5.422582826,7.721433401,2.853279243,-8.424611224,0,"BOLT, MOTOR STATOR YOKE",100,（株）青山製作所,1,6,5.76,1Y,TP331ﾌﾀﾅｼ,0.012,7.77,手配,85,87,1.17,0.78,-0.39,0.877182765,0.292817235,0.581440329,0.198559671,2217.6,61.7664,65.4624,2064,55.696,59.136,0.74,0.53,3.696,3.44
120,G117362010,0,0,0,3.351955307,4.469273743,11.17318436,44.69273743,36.31284916,0,0,0,0,0.595238095,1.785714286,7.142857143,32.73809524,45.23809524,12.5,0,0,0,-2.756717212,-2.683559457,-4.030327215,-11.95464219,8.925246076,12.5,"SENSOR, MOTOR REVOLUTION",18,多摩川精機販売（株）,1,1,3.05,1Y,TP331.5ﾌﾀﾅｼ,0.017,4.11,手配,179,168,1.84,1.93,0.09,1.006000754,0.833999246,0.870281146,1.059718854,968.2,231.6027778,285.3916667,945.4,224.2194444,276.7416667,0.95,0.85,53.78888889,52.52222222
121,G1174ECB010,0,0,3.571428571,3.571428571,10.71428571,17.85714286,35.71428571,28.57142857,0,0,0,4.166666667,4.166666667,12.5,8.333333333,50,16.66666667,4.166666667,0,0,0.595238095,0.595238095,1.785714286,-9.523809524,14.28571429,-11.9047619,4.166666667,"WIRE, MOTOR REVOLUTION SENSOR",50,住友電装（株）,1,1,2.28,1Y,TP362ﾌﾀﾅｼ,0.044,6.25,手配,28,24,2.035,1.57,-0.465,1.226564019,0.808435981,0.97808002,0.59191998,424.8,39.108,47.604,413.4,36.139,44.407,0.87,0.85,8.496,8.268
122,G1174ECE010,0,0,0,3.333333333,0,3.333333333,36.66666667,56.66666667,0,0,0,0,0,0,3.571428571,39.28571429,42.85714286,14.28571429,0,0,0,-3.333333333,0,0.238095238,2.619047619,-13.80952381,14.28571429,"WIRE, MOTOR REVOLUTION SENSOR",50,住友電装（株）,1,1,2.28,1Y,TP362ﾌﾀﾅｼ,0.044,5.9,手配,30,28,2.5,2.055,-0.445,1.145942805,1.354057195,0.970574713,1.084425287,543.4,50.2758,61.1438,532,47.284,57.924,0.87,0.87,10.868,10.64
123,G1250ECB010,0,0,27.27272727,27.27272727,27.27272727,9.090909091,9.090909091,0,0,0,0,38.46153846,7.692307692,7.692307692,15.38461538,15.38461538,15.38461538,0,0,0,11.18881119,-19.58041958,-19.58041958,6.293706294,6.293706294,15.38461538,0,"PIPE ASSY, MOTOR COOLING, NO.1",60,（株）バルカー,1,2,6.2,1Y,TP332ﾌﾀﾅｼ,0.022,1.94,手配,11,13,1.84,1.27,-0.57,1.904921769,-0.064921769,1.120497018,0.149502982,229,19.6025,21.51083333,257.4,19.6615,21.8065,1.14,0.87,1.908333333,2.145
124,G1250ECC010,0,22.22222222,11.11111111,33.33333333,11.11111111,11.11111111,0,11.11111111,0,0,0,0,16.66666667,0,0,33.33333333,33.33333333,16.66666667,0,-22.22222222,-11.11111111,-16.66666667,-11.11111111,-11.11111111,33.33333333,22.22222222,16.66666667,"PIPE ASSY, MOTOR COOLING, NO.1",60,（株）バルカー,1,2,6.2,1Y,TP332ﾌﾀﾅｼ,0.022,2.036,手配,9,6,1.79,2.545,0.755,2.111064247,-0.321064247,1.267727273,1.277272727,195.8,17.1955,18.82716667,156,12.31,13.61,1.14,0.87,1.631666667,1.3
125,G1250ECE010,0,12.90322581,58.06451613,19.35483871,6.451612903,3.225806452,0,0,0,0,0,3.703703704,3.703703704,22.22222222,18.51851852,25.92592593,11.11111111,14.81481481,0,-12.90322581,-54.36081243,-15.65113501,15.77060932,15.29271207,25.92592593,11.11111111,14.81481481,"PIPE ASSY, MOTOR COOLING, NO.1",60,（株）バルカー,1,2,6.2,1Y,TP332ﾌﾀﾅｼ,0.022,1.64,手配,31,27,0.92,1.51,0.59,1.471131365,-0.551131365,1.000689655,0.509310345,543.4,42.84933333,47.37766667,532,40.01333333,44.44666667,1.14,0.88,4.528333333,4.433333333
126,G9201ECB030,0,0,3.111111111,15.11111111,32.88888889,25.33333333,23.55555556,0,0,0,0,1.744186047,6.395348837,13.95348837,2.906976744,11.04651163,35.46511628,28.48837209,0,0,-1.366925065,-8.715762274,-18.93540052,-22.42635659,-12.50904393,35.46511628,28.48837209,"COVER SUB-ASSY, INVERTER",8,佐藤工業（株）,1,2,1.82,1Y,T-20-3ﾌﾀﾅｼ,0.027,7.806,手配,227,172,0.98,1.84,0.86,0.797056408,0.182943592,0.820990606,1.019009394,424.6,156.9175,183.455,413.4,203.5325,229.37,0.74,0.78,26.5375,25.8375
127,G9201ECE010,0,0,0.8,9.6,6.8,6.4,21.2,48.8,6.4,0,0,2.659574468,13.29787234,4.787234043,10.63829787,27.12765957,32.9787234,8.510638298,0,0,1.859574468,3.69787234,-2.012765957,4.238297872,5.927659574,-15.8212766,2.110638298,"COVER SUB-ASSY, INVERTER",8,佐藤工業（株）,1,2,1.82,1Y,ｻﾝﾎﾞｯｸｽ＃20Bﾌﾀﾅｼ,0.027,7.806,手配,250,188,1.67,1.725,0.055,0.784154541,0.885845459,0.892186991,0.832813009,543.4,227.1525,261.115,532,287.95,321.2,0.74,0.86,33.9625,33.25
