,品番,変更前）正常1,変更前）正常2,変更前）正常3,変更前）正常4,変更前）異常1,変更前）異常2,変更前）異常3,変更前）異常4,変更前）異常5,変更後）正常1,変更後）正常2,変更後）正常3,変更後）正常4,変更後）異常1,変更後）異常2,変更後）異常3,変更後）異常4,変更後）異常5,差分）正常1,差分）正常2,差分）正常3,差分）正常4,差分）異常1,差分）異常2,差分）異常3,差分）異常4,差分）異常5,品名,変更前）かんばん数,変更後）かんばん数,変更前）社内LT,変更後）社内LT,差分）社内LT,変更前）基準在庫日数（基準在庫枚数込み）,変更前）社内LT-基準在庫日数（基準在庫枚数込み）,変更後）基準在庫日数（基準在庫枚数込み）,変更後）社内LT-基準在庫日数（基準在庫枚数込み）,変更前）計算社内かんばん数,変更前）計算社内かんばん数MAX,変更後）計算社内かんばん数,変更後）計算社内かんばん数MAX,収容数,仕入先名/工場名,A,B,C,整備室,箱種,箱サイズ,箱重量,手配区分,変更前）基準在庫日数,変更後）基準在庫日数,
122,9161140614,0,3.571428571,7.142857143,17.85714286,17.85714286,21.42857143,7.142857143,10.71428571,14.28571429,0,3.125,15.625,25,15.625,12.5,6.25,3.125,18.75,0,-0.446428571,8.482142857,7.142857143,-2.232142857,-8.928571429,-0.892857143,-7.589285714,4.464285714,"BOLT, W/WASHER",28,32,1.57,1.1,-0.47,1.226117658,0.343882342,1.048154845,0.051845155,19.110848,20.14359467,18.731456,19.73988267,2500,（株）青山製作所,1,6,5.76,1Y,TP331ﾌﾀﾅｼ,0.012,13.08,手配,0.52,0.52,0
8,2030045013L,0,16.66666667,0,33.33333333,0,0,16.66666667,33.33333333,0,40,20,0,0,0,20,0,20,0,40,3.333333333,0,-33.33333333,0,20,-16.66666667,-13.33333333,0,GASKET,6,5,4.605,0.8,-3.805,3.267050582,1.337949418,3.17062369,-2.37062369,6.285735,7.525635,6.21021,7.42161,2000,伊藤金属工業（株）,1,1,1.96,1Y,TP331ﾌﾀﾅｼ,0.012,4.7,手配,0.53,0.53,0
76,9015905A007,0,0,7.692307692,15.38461538,15.38461538,7.692307692,7.692307692,30.76923077,15.38461538,0,0,0,15.38461538,30.76923077,7.692307692,0,38.46153846,7.692307692,0,0,-7.692307692,0,15.38461538,0,-7.692307692,7.692307692,-7.692307692,"SCREW, W/WASHER",13,14,3.46,2.13,-1.33,1.777246582,1.682753418,1.656972201,0.473027799,10.69083,11.17453,10.51593,10.98863,2000,（株）青山製作所,1,6,5.76,1Y,TP331ﾌﾀﾅｼ,0.012,9.43,手配,0.53,0.53,0
82,9020156A002,0,3.703703704,11.11111111,3.703703704,0,7.407407407,7.407407407,22.22222222,44.44444444,0,0,4.761904762,9.523809524,14.28571429,14.28571429,9.523809524,14.28571429,33.33333333,0,-3.703703704,-6.349206349,5.82010582,14.28571429,6.878306878,2.116402116,-7.936507937,-11.11111111,"WASHER, PLATE",27,25,3.93,1.86,-2.07,1.481885609,2.448114391,0.931149425,0.928850575,22.2907,27.7247,20.418,25.738,100,（株）ムロコーポレーション,1,1,0.73,1Y,TP131ﾌﾀﾅｼ,0.006,10.47,手配,0.71,0.73,-0.02
116,9050827A011,0,9.090909091,9.090909091,18.18181818,0,9.090909091,18.18181818,36.36363636,0,0,22.22222222,0,0,33.33333333,0,0,22.22222222,22.22222222,0,13.13131313,-9.090909091,-18.18181818,33.33333333,-9.090909091,-18.18181818,-14.14141414,22.22222222,"SPRING, TORSION",11,10,3.47,1.47,-2,2.206256078,1.263743922,1.292320078,0.177679922,11.2836,11.5491,9.0613,9.319675,200,（株）東郷製作所,1,8,11.12,1Y,TP331ﾌﾀﾅｼ,0.012,4.48,手配,0.78,0.78,0
80,9020150A002,0,0,5.263157895,10.52631579,5.263157895,10.52631579,5.263157895,42.10526316,21.05263158,0,0,5.882352941,11.76470588,5.882352941,5.882352941,17.64705882,17.64705882,35.29411765,0,0,0.619195046,1.238390093,0.619195046,-4.643962848,12.38390093,-24.45820433,14.24148607,"WASHER, PLATE",19,20,3.93,2.1,-1.83,1.643128039,2.286871961,0.986160039,1.113839961,18.0804,22.3284,16.0891,20.2231,100,（株）ムロコーポレーション,1,1,0.73,1Y,TP131ﾌﾀﾅｼ,0.006,6.9,手配,0.71,0.73,-0.02
84,9030106A018,0,0,0,0,9.090909091,9.090909091,27.27272727,45.45454545,9.090909091,0,16.66666667,0,0,16.66666667,8.333333333,0,16.66666667,41.66666667,0,16.66666667,0,0,7.575757576,-0.757575758,-27.27272727,-28.78787879,32.57575758,"RING, O",11,12,4.09,3.85,-0.24,1.972072704,2.117927296,1.830853085,2.019146915,10.20608,11.49288,10.03052,11.28597,2000,ＮＯＫ（株）,1,2,3.52,1Y,TP131ﾌﾀﾅｼ,0.006,0.6,手配,0.56,0.56,0
39,35556ECB010,0,0,15,10,15,0,15,40,5,0,0,15,0,15,20,10,5,35,0,0,0,-10,0,20,-5,-35,30,"SHAFT, PARKING LOCK PAWL",20,21,3.14,1.59,-1.55,1.613128039,1.526871961,1.006160039,0.583839961,18.93,21.054,16.5025,18.5695,100,（株）ギフ加藤製作所,1,2,3.8,1Y,AW131ﾌﾀﾅｼ,0.005,7,手配,0.75,0.75,0
5,1040052001Z,0,5.263157895,0,10.52631579,0,0,21.05263158,52.63157895,10.52631579,0,6.666666667,6.666666667,6.666666667,13.33333333,6.666666667,13.33333333,33.33333333,13.33333333,0,1.403508772,6.666666667,-3.859649123,13.33333333,6.666666667,-7.719298246,-19.29824561,2.807017544,"PLUG, W/HEAD STRAIGHT SCREW",19,15,4.87,3.45,-1.42,1.843771218,3.026228782,1.736896552,1.713103448,10.20005,10.65288333,10.049,10.49233333,200,（株）青山製作所,1,6,5.76,1Y,TP131ﾌﾀﾅｼ,0.006,6.27,手配,0.53,0.53,0
73,9011906908,0,0,33.33333333,66.66666667,0,0,0,0,0,0,50,0,0,0,25,0,0,25,0,50,-33.33333333,-66.66666667,0,25,0,0,25,"BOLT, W/WASHER",3,4,4.46,4.405,-0.055,5.072272145,-0.612272145,5.235185572,-0.830185572,4.88055,4.996633333,4.83438,4.947613333,2000,（株）青山製作所,1,6,5.76,1Y,TP331ﾌﾀﾅｼ,0.012,15.83,手配,0.54,0.54,0
68,9010506A003,0,0,25,0,25,0,25,25,0,0,0,0,0,0,0,20,0,80,0,0,-25,0,-25,0,-5,-25,80,"BOLT, FLANGE",4,5,6.4,10.47,4.07,4.305640194,2.094359806,1.800800195,8.669199805,5.20896,5.35056,3.14968,3.28748,2000,（株）青山製作所,1,6,5.76,1Y,TP331ﾌﾀﾅｼ,0.012,12.63,手配,0.52,0.52,0
31,3539450A010,0,0,0,33.33333333,33.33333333,0,0,33.33333333,0,0,20,0,0,20,0,0,0,60,0,20,0,-33.33333333,-13.33333333,0,0,-33.33333333,60,"MAGNET, OIL CLEANER",3,5,4.06,30.74,26.68,3.951153012,0.108846988,4.090191008,26.64980899,6.43711,7.40531,6.35617,7.30157,2000,ミズショー（株）,1,1,1.88,1Y,ｻﾝﾎﾞｯｸｽC-3ﾌﾀﾅｼ,0.011,8.717,手配,0.71,0.71,0
69,9010506A089,0,0,0,0,20,0,40,20,20,0,0,0,14.28571429,14.28571429,0,28.57142857,28.57142857,14.28571429,0,0,0,14.28571429,-5.714285714,0,-11.42857143,8.571428571,-5.714285714,"BOLT, FLANGE",5,7,5.95,5.44,-0.51,3.073364759,2.876635241,3.035143256,2.404856744,6.227333333,6.442488889,6.151333333,6.361422222,1500,（株）青山製作所,1,6,5.76,1Y,TP331ﾌﾀﾅｼ,0.012,10.13,手配,0.5,0.5,0
78,9015906A022,0,0,4.255319149,8.510638298,21.27659574,23.40425532,17.0212766,12.76595745,12.76595745,0,2.272727273,2.272727273,9.090909091,25,34.09090909,9.090909091,0,18.18181818,0,2.272727273,-1.982591876,0.580270793,3.723404255,10.68665377,-7.930367505,-12.76595745,5.415860735,"SCREW, W/WASHER",47,45,1.5,1.13,-0.37,1.051144635,0.448855365,0.848055377,0.281944623,27.684,29.29733333,27.1077,28.68336667,1500,（株）青山製作所,1,6,5.76,1Y,TP331ﾌﾀﾅｼ,0.012,10.13,手配,0.51,0.51,0
111,9036652A004,0,0,4.87804878,4.87804878,2.43902439,2.43902439,17.07317073,39.02439024,29.26829268,0,0,0,0,7.142857143,9.523809524,23.80952381,23.80952381,35.71428571,0,0,-4.87804878,-4.87804878,4.703832753,7.084785134,6.736353078,-15.21486643,6.445993031,"RACE, TAPERED ROLLER BEARING, OUTER",41,42,2.77,1.705,-1.065,1.157687934,1.612312066,0.696724138,1.008275862,28.01365079,36.63904762,25.06666667,33.51111111,63,（株）ジェイテクト,1,1,1.9,1Y,ｻﾝﾎﾞｯｸｽ＃9Fﾌﾀﾅｼ,0.013,7,手配,0.58,0.57,0.01
83,9025006A007,0,0,5.555555556,22.22222222,0,5.555555556,38.88888889,16.66666667,11.11111111,0,0,5.555555556,11.11111111,22.22222222,11.11111111,11.11111111,0,38.88888889,0,0,0,-11.11111111,22.22222222,5.555555556,-27.77777778,-16.66666667,27.77777778,"PIN, STRAIGHT",18,18,2.825,1.76,-1.065,1.613128039,1.211871961,1.016160039,0.743839961,19.1424,21.2664,16.7092,18.7762,200,（株）ギフ加藤製作所,1,2,3.8,1Y,AW131ﾌﾀﾅｼ,0.005,0.84,手配,0.76,0.76,0
60,82821ECB040,0,0,15,10,10,0,30,15,20,0,0,5,5,5,25,10,20,30,0,0,-10,-5,-5,25,-20,5,10,"COVER, CONNECTOR",20,20,3.27,2.3,-0.97,1.783128039,1.486871961,1.147150525,1.152849475,20.6292,22.7532,18.1561,20.2231,100,石黒ゴム工業（株）,1,2,3.64,1Y,TP342ﾌﾀﾅｼ,0.033,3.3,手配,0.83,0.83,0
61,82821ECB050,0,0,0,0,2,4,8,36,50,0,0,0,0,0,0,6.382978723,36.17021277,57.44680851,0,0,0,0,-2,-4,-1.617021277,0.170212766,7.446808511,"COVER, CONNECTOR",50,47,4.155,3.34,-0.815,1.381173975,2.773826025,0.969529892,2.370470108,43.1471,47.9841,40.2341,44.9611,100,石黒ゴム工業（株）,1,2,3.64,1Y,TP332ﾌﾀﾅｼ,0.022,3.1,手配,0.83,0.83,0
41,35580ECB011,0,0.583090379,4.373177843,1.457725948,2.623906706,5.539358601,5.247813411,40.23323615,39.94169096,0,0,0.887573964,3.25443787,8.579881657,21.00591716,27.21893491,0,39.05325444,0,-0.583090379,-3.485603878,1.796711922,5.955974951,15.46655856,21.9711215,-40.23323615,-0.888436524,"ACTUATOR ASSY, SHIFT CONTROL",343,338,2.38,1.57,-0.81,0.952792306,1.427207694,0.946114432,0.623885568,321.45,339.1416667,313.05,330.275,6,アイシン精機（株）,1,4,8.04,1Y,TP342ﾌﾀｱﾘ,0.036,10.68,手配,0.9,0.9,0
52,41310ECB010,0,2.021174206,10.00962464,14.6294514,12.60827719,20.30798845,10.3946102,17.80558229,12.22329163,0,1.736465781,11.95097038,20.53115424,33.40143003,10.41879469,6.026557712,1.123595506,14.81103166,0,-0.284708425,1.941345739,5.901702843,20.79315284,-9.889193762,-4.36805249,-16.68198679,2.587740038,"GEAR ASSY, DIFFERENTIAL",1039,1027,1.58,0.79,-0.79,1.114262561,0.465737439,0.700246402,0.089753598,1171.2,1224.3,715.115,766.79,2,（株）オンド,1,4,4,1Y,ｻﾝﾎﾞｯｸｽ＃24Aﾌﾀｱﾘ,0.033,16.99,手配,1.1,0.69,0.41
131,G1250ECB010,0,0,16.66666667,16.66666667,16.66666667,5.555555556,16.66666667,11.11111111,16.66666667,0,0,23.80952381,4.761904762,4.761904762,9.523809524,9.523809524,14.28571429,33.33333333,0,0,7.142857143,-11.9047619,-11.9047619,3.968253968,-7.142857143,3.174603175,16.66666667,"PIPE ASSY, MOTOR COOLING, NO.1",18,21,2.555,1.78,-0.775,1.904921769,0.650078231,1.120497018,0.659502982,19.6025,21.51083333,19.6615,21.8065,60,（株）バルカー,1,2,6.2,1Y,TP332ﾌﾀﾅｼ,0.022,1.94,手配,0.87,0.87,0
71,9010508A042,0,2.941176471,14.70588235,23.52941176,8.823529412,2.941176471,14.70588235,23.52941176,8.823529412,0,6.060606061,12.12121212,30.3030303,21.21212121,12.12121212,9.090909091,0,9.090909091,0,3.11942959,-2.584670232,6.773618538,12.3885918,9.180035651,-5.614973262,-23.52941176,0.267379679,"BOLT, FLANGE",34,33,1.4,0.69,-0.71,1.167876823,0.232123177,0.683696023,0.006303977,21.762,22.942,19.2585,20.40683333,300,（株）青山製作所,1,6,5.76,1Y,TP331ﾌﾀﾅｼ,0.012,10.22,手配,0.53,0.53,0
89,9030119A011,0,10,5,15,5,5,25,15,20,0,0,4.761904762,19.04761905,9.523809524,4.761904762,9.523809524,14.28571429,38.0952381,0,-10,-0.238095238,4.047619048,4.523809524,-0.238095238,-15.47619048,-0.714285714,18.0952381,"RING, O",20,21,2.755,2.07,-0.685,1.513128039,1.241871961,0.796160039,1.273839961,14.4696,16.5936,12.1618,14.2288,200,ＮＯＫ（株）,1,2,3.52,1Y,TP131ﾌﾀﾅｼ,0.006,0.58,手配,0.54,0.54,0
90,9031150A014,0,0,1.785714286,8.928571429,8.928571429,17.85714286,30.35714286,17.85714286,14.28571429,0,0,1.754385965,8.771929825,8.771929825,17.54385965,24.56140351,12.28070175,26.31578947,0,0,-0.031328321,-0.156641604,-0.156641604,-0.313283208,-5.795739348,-5.576441103,12.03007519,"SEAL, TYPE T OIL",56,57,1.755,1.11,-0.645,1.061336853,0.693663147,0.634645348,0.475354652,34.12071429,39.88380952,31.38785714,37.0152381,84,ＮＯＫ（株）,1,2,3.52,1Y,ｻﾝﾎﾞｯｸｽ＃24Bﾌﾀﾅｼ,0.021,5.258,手配,0.54,0.54,0
126,G1163ECB010,0,2.380952381,7.142857143,21.42857143,26.19047619,2.380952381,19.04761905,14.28571429,7.142857143,0,6.666666667,15.55555556,24.44444444,31.11111111,11.11111111,4.444444444,0,6.666666667,0,4.285714286,8.412698413,3.015873016,4.920634921,8.73015873,-14.6031746,-14.28571429,-0.476190476,"BOLT, MOTOR STATOR YOKE",42,46,1.295,0.67,-0.625,1.079965231,0.215034769,0.651332008,0.018667992,26.18625,27.6175,27.06175,28.6705,80,（株）青山製作所,1,6,5.76,1Y,TP331ﾌﾀﾅｼ,0.012,7.438,手配,0.54,0.54,0
120,9155180614,0,0,13.33333333,33.33333333,13.33333333,0,26.66666667,0,13.33333333,0,18.75,12.5,12.5,6.25,12.5,6.25,25,6.25,0,18.75,-0.833333333,-20.83333333,-7.083333333,12.5,-20.41666667,25,-7.083333333,"BOLT, FLANGE",15,16,1.76,1.935,0.175,1.69776174,0.06223826,1.579055284,0.355944716,11.50032,12.02503111,11.29512,11.80716444,1500,（株）青山製作所,1,6,5.76,1Y,TP331ﾌﾀﾅｼ,0.012,10.13,手配,0.54,0.54,0
26,35195TFG010,0,0,7.142857143,7.142857143,0,0,14.28571429,42.85714286,28.57142857,0,0,0,7.692307692,0,0,7.692307692,7.692307692,76.92307692,0,0,-7.142857143,0.549450549,0,0,-6.593406593,-35.16483516,48.35164835,"CLAMP, TRANSAXLE APPLY TUBE, NO.1",14,13,4.37,3.76,-0.61,1.923771218,2.446228782,1.022298851,2.737701149,11.4227,14.1397,9.246,11.906,400,三共鋼業（株）,1,1,1.74,1Y,TP131ﾌﾀﾅｼ,0.006,3.88,手配,0.62,0.62,0
114,9036659A009,0,0,0,3.125,9.375,16.40625,21.09375,25.78125,24.21875,0,0,1.538461538,6.153846154,15.38461538,15.38461538,11.53846154,16.92307692,33.07692308,0,0,1.538461538,3.028846154,6.009615385,-1.021634615,-9.555288462,-8.858173077,8.858173077,"RACE, TAPERED ROLLER BEARING, INNER",128,130,1.855,1.26,-0.595,0.922001508,0.932998492,0.630562292,0.629437708,83.68333333,110.5777778,78.47027778,104.7313889,36,（株）ジェイテクト,1,1,1.9,1Y,ｻﾝﾎﾞｯｸｽ＃9Fﾌﾀﾅｼ,0.013,9.88,手配,0.6,0.59,0.01
112,9036658A001,0,0,2.222222222,13.33333333,13.33333333,4.444444444,31.11111111,22.22222222,13.33333333,0,0,2.173913043,8.695652174,17.39130435,8.695652174,21.73913043,8.695652174,32.60869565,0,0,-0.048309179,-4.637681159,4.057971014,4.251207729,-9.371980676,-13.52657005,19.27536232,"RACE, TAPERED ROLLER BEARING, INNER",45,46,1.87,1.28,-0.59,1.130907618,0.739092382,0.685272018,0.594727982,30.376,39.816,27.182,36.36866667,45,（株）ジェイテクト,1,1,1.9,1Y,ｻﾝﾎﾞｯｸｽ＃9Fﾌﾀﾅｼ,0.013,9.79,手配,0.58,0.57,0.01
42,35595ECB010,0,0,16,6,12,8,20,16,22,0,0,0,15.68627451,11.76470588,3.921568627,21.56862745,9.803921569,37.25490196,0,0,-16,9.68627451,-0.235294118,-4.078431373,1.568627451,-6.196078431,15.25490196,"BRACKET, PARKING LOCK PAWL",50,51,1.905,1.32,-0.585,1.105251216,0.799748784,0.672464016,0.647535984,33.267,43.887,30.45475,40.78975,40,サトープレス工業（株）,1,1,1.78,1Y,TP331ﾌﾀﾅｼ,0.012,2.47,手配,0.57,0.57,0
9,2030052002N,0,31.25,12.5,0,0,6.25,12.5,37.5,0,0,13.33333333,0,6.666666667,20,13.33333333,20,20,6.666666667,0,-17.91666667,-12.5,6.666666667,20,7.083333333,7.5,-17.5,6.666666667,"PLUG, W/HEAD STRAIGHT SCREW",16,15,2.55,1.97,-0.58,1.703345904,0.846654096,1.514057302,0.455942698,11.06833333,12.682,10.87833333,12.454,300,（株）杉浦製作所,1,2,1.06,1Y,TP331ﾌﾀﾅｼ,0.012,9.85,手配,0.5,0.5,0
113,9036658A002,0,0,0,5.263157895,14.03508772,7.01754386,40.35087719,14.03508772,19.29824561,0,0,0,1.785714286,8.928571429,7.142857143,33.92857143,14.28571429,33.92857143,0,0,0,-3.477443609,-5.106516291,0.125313283,-6.422305764,0.250626566,14.63032581,"RACE, TAPERED ROLLER BEARING, OUTER",57,56,1.9,1.33,-0.57,1.066726094,0.833273906,0.682217614,0.647782386,38.4,50.2,34.87583333,46.35916667,36,（株）ジェイテクト,1,1,1.9,1Y,ｻﾝﾎﾞｯｸｽ＃9Fﾌﾀﾅｼ,0.013,5.668,手配,0.6,0.59,0.01
79,9015906A023,0,27.27272727,18.18181818,0,0,0,0,27.27272727,27.27272727,0,0,10,10,20,10,0,10,40,0,-27.27272727,-8.181818182,10,20,10,0,-17.27272727,12.72727273,"SCREW, W/WASHER",11,11,4.83,4.26,-0.57,2.088420556,2.741579444,1.985063862,2.274936138,8.8044,9.176476923,8.6724,9.036015385,1300,（株）青山製作所,1,6,5.76,1Y,TP331ﾌﾀﾅｼ,0.012,9.67,手配,0.52,0.52,0
63,82821XAE010,0,0,0,0,0,0,14.28571429,32.65306122,53.06122449,0,0,0,0,0,0,8.510638298,27.65957447,63.82978723,0,0,0,0,0,0,-5.775075988,-4.993486756,10.76856274,"COVER, CONNECTOR",49,47,4.31,3.76,-0.55,1.381115301,2.928884699,1.009499946,2.750500054,45.1167,49.9577,42.1249,46.8519,100,石黒ゴム工業（株）,1,2,3.64,1Y,TP131ﾌﾀﾅｼ,0.006,0.37,手配,0.87,0.87,0
91,9031150A015,0,0,10.71428571,17.85714286,12.5,14.28571429,8.928571429,21.42857143,14.28571429,0,0,0,19.64285714,17.85714286,12.5,14.28571429,10.71428571,25,0,0,-10.71428571,1.785714286,5.357142857,-1.785714286,5.357142857,-10.71428571,10.71428571,"SEAL, TYPE T OIL",56,56,1.52,0.97,-0.55,1.061336853,0.458663147,0.624645348,0.345354652,33.54440476,39.3075,30.82511905,36.4525,84,ＮＯＫ（株）,1,2,3.52,1Y,ｻﾝﾎﾞｯｸｽ＃24Bﾌﾀﾅｼ,0.021,5.56,手配,0.53,0.53,0
127,G1163ECE010,0,0.934579439,4.672897196,17.75700935,11.21495327,11.21495327,20.56074766,17.75700935,15.88785047,0,1.960784314,3.921568627,12.74509804,16.66666667,18.62745098,24.50980392,6.862745098,14.70588235,0,1.026204874,-0.751328569,-5.011911307,5.451713396,7.412497709,3.949056258,-10.89426425,-1.181968114,"BOLT, MOTOR STATOR YOKE",107,103,1.39,0.85,-0.54,0.877182765,0.512817235,0.581440329,0.268559671,61.7664,65.4624,55.696,59.136,100,（株）青山製作所,1,6,5.76,1Y,TP331ﾌﾀﾅｼ,0.012,7.77,手配,0.53,0.53,0
77,9015906A021,0,2.941176471,8.823529412,11.76470588,8.823529412,11.76470588,20.58823529,23.52941176,11.76470588,0,12.90322581,16.12903226,3.225806452,12.90322581,25.80645161,9.677419355,6.451612903,12.90322581,0,9.962049336,7.305502846,-8.538899431,4.079696395,14.04174573,-10.91081594,-17.07779886,1.138519924,"SCREW, W/WASHER",34,32,1.89,1.28,-0.61,1.182623775,0.707376225,1.000708091,0.279291909,20.68736667,21.82117222,20.28263333,21.39049444,1200,（株）青山製作所,1,6,5.76,1Y,TP331ﾌﾀﾅｼ,0.012,9.71,手配,0.52,0.52,0
1,01912ECB010,0,0,0,0,0,0,18.75,40.625,40.625,0,0,0,0,0,6.451612903,9.677419355,16.12903226,67.74193548,0,0,0,0,0,6.451612903,-9.072580645,-24.49596774,27.11693548,"CAP, SHIPPING",32,31,4.015,3.52,-0.495,1.536760962,2.478239038,1.059294837,2.460705163,30.40966667,33.63433333,27.78633333,30.93766667,300,石黒ゴム工業（株）,1,2,3.64,1Y,TP332ﾌﾀﾅｼ,0.022,3.21,手配,0.85,0.85,0
110,9036652A003,0,0,2.325581395,4.651162791,2.325581395,2.325581395,20.93023256,37.20930233,30.23255814,0,0,0,2.272727273,11.36363636,2.272727273,13.63636364,15.90909091,54.54545455,0,0,-2.325581395,-2.378435518,9.038054968,-0.052854123,-7.293868922,-21.30021142,24.31289641,"RACE, TAPERED ROLLER BEARING, INNER",43,44,2.79,2.305,-0.485,1.141131365,1.648868635,0.690689655,1.614310345,29.26433333,38.321,26.27,35.13666667,60,（株）ジェイテクト,1,1,1.9,1Y,ｻﾝﾎﾞｯｸｽ＃9Fﾌﾀﾅｼ,0.013,11.98,手配,0.58,0.57,0.01
104,9036628A005,0,0,2.941176471,8.823529412,5.882352941,17.64705882,20.58823529,26.47058824,17.64705882,0,0,0,11.42857143,8.571428571,2.857142857,8.571428571,34.28571429,34.28571429,0,0,-2.941176471,2.605042017,2.68907563,-14.78991597,-12.01680672,7.81512605,16.63865546,"RACE, TAPERED ROLLER BEARING, INNER",34,35,2.295,1.81,-0.485,1.237876823,1.057123177,0.773696023,1.036303977,25.302,32.382,22.359,29.249,60,（株）ジェイテクト,1,1,1.9,1Y,ｻﾝﾎﾞｯｸｽ＃9Fﾌﾀﾅｼ,0.013,11.26,手配,0.63,0.62,0.01
65,82824ECB010,0,0,1.587301587,14.28571429,11.11111111,9.523809524,25.3968254,17.46031746,20.63492063,0,0,0,7.936507937,9.523809524,9.523809524,25.3968254,20.63492063,26.98412698,0,0,-1.587301587,-6.349206349,-1.587301587,0,0,3.174603175,6.349206349,"CONNECTOR, WIRING HARNESS",63,63,1.75,1.27,-0.48,1.048200972,0.701799028,0.651971212,0.618028788,40.83375,54.10875,37.8184375,50.7371875,32,矢崎総業（株）,1,1,1.79,1Y,TP331ﾌﾀｱﾘ,0.014,3.18,手配,0.57,0.57,0
12,33490ECE010,0,0,0.764525994,10.24464832,18.34862385,12.8440367,30.88685015,11.16207951,15.74923547,0.147058824,1.176470588,1.911764706,11.61764706,21.02941176,19.85294118,21.76470588,4.558823529,17.94117647,0.147058824,1.176470588,1.147238712,1.372998741,2.680787911,7.008904479,-9.122144271,-6.603255981,2.191940997,"COOLER ASSY, OIL",654,680,1.67,1.19,-0.48,1.042075424,0.627924576,0.834137931,0.355862069,553.1925,621.1175,541.65,608.15,4,マレリ（株）,1,2,3.92,1Y,TP331.5ﾌﾀｱﾘ,0.019,0.019,手配,0.81,0.81,0
27,35198ECE010,0,0,0,8.333333333,0,0,25,50,16.66666667,0,0,0,7.692307692,0,15.38461538,15.38461538,7.692307692,53.84615385,0,0,0,-0.641025641,0,15.38461538,-9.615384615,-42.30769231,37.17948718,"BRACKET, WIRE HARNESS CLAMP",12,13,4.52,4.04,-0.48,1.923771218,2.596228782,0.982298851,3.057701149,10.8793,13.5963,8.714,11.374,200,サトープレス工業（株）,1,1,1.78,1Y,TP331ﾌﾀﾅｼ,0.012,5.28,手配,0.58,0.58,0
22,35174ECE010,0,4.615384615,26.15384615,4.615384615,4.615384615,0,0,35.38461538,24.61538462,0,0,3.03030303,3.03030303,3.03030303,10.60606061,18.18181818,24.24242424,37.87878788,0,-4.615384615,-23.12354312,-1.585081585,-1.585081585,10.60606061,18.18181818,-11.14219114,13.26340326,"PLATE, OIL RESERVOIR LOCK",65,66,2.65,2.175,-0.475,1.090754244,1.559245756,0.95045977,1.22454023,62.09475,65.491,58.855,62.18,40,（株）浅賀井製作所,1,4,6.88,1Y,TP332ﾌﾀﾅｼ,0.022,4.85,手配,0.87,0.87,0
86,9030115A011,0,25,0,0,0,0,75,0,0,0,0,0,20,20,0,20,20,20,0,-25,0,20,20,0,-55,20,20,"RING, O",4,5,5.86,2.61,-3.25,3.559428046,2.300571954,1.565747126,1.044252874,6.04304,6.58644,3.9792,4.5112,1000,ＮＯＫ（株）,1,2,3.52,1Y,TP131ﾌﾀﾅｼ,0.006,0.7,手配,0.56,0.56,0
29,35312ECB010,0,2.941176471,5.882352941,11.76470588,11.76470588,8.823529412,17.64705882,20.58823529,20.58823529,0,0,9.090909091,6.060606061,9.090909091,0,18.18181818,15.15151515,42.42424242,0,-2.941176471,3.20855615,-5.704099822,-2.673796791,-8.823529412,0.534759358,-5.436720143,21.83600713,"COVER, TRANSMISSION, OIL PUMP",34,33,2.35,1.91,-0.44,1.279270665,1.070729335,0.751380825,1.158619175,22.89142857,29.63428571,20.35761905,26.91952381,63,（株）旭工業所,1,1,1.9,1Y,TP331ﾌﾀｱﾘ,0.014,4.718,手配,0.59,0.59,0
105,9036628A006,0,0,4,8,12,16,8,44,8,0,0,0,0,0,8,16,28,48,0,0,-4,-8,-12,-8,8,-16,40,"RACE, TAPERED ROLLER BEARING, OUTER",25,25,2.77,2.34,-0.43,1.380502431,1.389497569,0.824928031,1.515071969,19.7265,25.0365,17.01925,22.18675,80,（株）ジェイテクト,1,1,1.9,1Y,ｻﾝﾎﾞｯｸｽ＃9Fﾌﾀﾅｼ,0.013,10.94,手配,0.63,0.62,0.01
49,35847ECE020,0,0,0,2.380952381,9.523809524,4.761904762,21.42857143,30.95238095,30.95238095,0,0,2.222222222,2.222222222,2.222222222,4.444444444,8.888888889,15.55555556,64.44444444,0,0,2.222222222,-0.158730159,-7.301587302,-0.317460317,-12.53968254,-15.3968254,33.49206349,"TUBE, TRANSAXLE LUBE APPLY",42,45,2.86,2.43,-0.43,1.161131365,1.698868635,0.610689655,1.819310345,25.18883333,34.2455,22.72333333,31.59,60,（株）メタルテック,1,1,1.9,1Y,TP332ﾌﾀﾅｼ,0.022,3.5,手配,0.49,0.49,0
17,35145ECB010,0,0,25,5,5,5,5,30,25,0,0,15,0,10,5,20,15,35,0,0,-10,-5,5,0,15,-15,10,"PLATE, OIL",20,20,3.21,2.825,-0.385,1.533128039,1.676871961,1.388480117,1.436519883,16.1688,20.4168,15.8154,19.9494,100,三共鋼業（株）,1,1,1.74,1Y,TP131ﾌﾀﾅｼ,0.006,4.63,手配,0.62,0.62,0
109,9036630A018,0,0,0,0,3.333333333,10,23.33333333,42.5,20.83333333,0,0,0,1.62601626,0,11.38211382,22.76422764,27.64227642,36.58536585,0,0,0,1.62601626,-3.333333333,1.382113821,-0.569105691,-14.85772358,15.75203252,"RACE, TAPERED ROLLER BEARING, INNER",120,123,1.59,1.21,-0.38,0.658223814,0.931776186,0.468447258,0.741552742,46.31421053,71.79315789,45.29421053,70.17315789,38,（株）ジェイテクト,1,1,1.9,1Y,ｻﾝﾎﾞｯｸｽ＃9Fﾌﾀﾅｼ,0.013,9.51,手配,0.34,0.34,0
102,9036340A010,0,0,0,3.47826087,11.30434783,27.82608696,34.7826087,0,22.60869565,0,0,5.357142857,19.64285714,31.25,19.64285714,2.678571429,1.785714286,19.64285714,0,0,5.357142857,16.16459627,19.94565217,-8.183229814,-32.10403727,1.785714286,-2.965838509,"BEARING, RADIAL BALL",115,118,1.41,1.03,-0.38,0.88444612,0.52555388,0.87520764,0.15479236,94.979,98.004625,89.26775,92.222125,80,日本精工（株）,1,8,9,1Y,ｻﾝﾎﾞｯｸｽ＃K-10Bﾌﾀﾅｼ,0.015,9.301,手配,0.76,0.73,0.03
94,9034108A010,0,0,0,0,0,33.33333333,33.33333333,0,33.33333333,0,0,0,0,0,33.33333333,0,0,66.66666667,0,0,0,0,0,0,-33.33333333,0,33.33333333,"PLUG, W/HEAD STRAIGHT SCREW",3,3,7.88,5.75,-2.13,4.335640194,3.544359806,1.750800195,3.999199805,4.99656,5.42136,2.94298,3.35638,1000,（株）杉浦製作所,1,2,1.06,1Y,TP331ﾌﾀﾅｼ,0.012,7.4,手配,0.47,0.47,0
56,82125ECE010,0,0,8,12,8,16,8,24,24,0,3.846153846,3.846153846,7.692307692,0,7.692307692,3.846153846,26.92307692,46.15384615,0,3.846153846,-4.153846154,-4.307692308,-8,-8.307692308,-4.153846154,2.923076923,22.15384615,"WIRE, TRANSMISSION",25,26,2.65,2.285,-0.365,1.371885609,1.278114391,0.781149425,1.503850575,18.7586,24.1926,16.428,21.748,100,矢崎総業（株）,1,1,1.79,1Y,TP332ﾌﾀｱﾘ,0.024,5.8,手配,0.58,0.58,0
51,36108ECB010,0,7.142857143,7.142857143,28.57142857,0,0,14.28571429,7.142857143,35.71428571,0,14.28571429,7.142857143,7.142857143,0,14.28571429,0,7.142857143,50,0,7.142857143,0,-21.42857143,0,14.28571429,-14.28571429,0,14.28571429,"SHAFT SUB-ASSY, OIL PUMP DRIVE",14,14,3.305,2.945,-0.36,1.909692058,1.395307942,1.024240059,1.920759941,12.0624,14.8944,9.8192,12.5752,150,（株）オーハシテクニカ,1,1,1.97,1Y,TP331.5ﾌﾀﾅｼ,0.017,6.85,手配,0.64,0.64,0
129,G1174ECB010,0,0,2.43902439,2.43902439,7.317073171,12.19512195,24.3902439,29.26829268,21.95121951,0,0,2.5,2.5,7.5,5,30,10,42.5,0,0,0.06097561,0.06097561,0.182926829,-7.195121951,5.609756098,-19.26829268,20.54878049,"WIRE, MOTOR REVOLUTION SENSOR",41,40,2.47,2.11,-0.36,1.226564019,1.243435981,0.97808002,1.13191998,39.108,47.604,36.139,44.407,50,住友電装（株）,1,1,2.28,1Y,TP362ﾌﾀﾅｼ,0.044,6.25,手配,0.85,0.85,0
99,9036324A003,0,0,6.382978723,9.574468085,28.72340426,30.85106383,6.382978723,4.255319149,13.82978723,0,3.409090909,12.5,32.95454545,26.13636364,10.22727273,3.409090909,0,11.36363636,0,3.409090909,6.117021277,23.38007737,-2.587040619,-20.6237911,-2.973887814,-4.255319149,-2.46615087,"BEARING, RADIAL BALL",94,93,1.165,0.81,-0.355,0.896888169,0.268111831,0.796355209,0.013644791,74.44363636,76.85727273,69.58681818,71.93568182,22,日本精工（株）,1,8,9,1Y,ﾃﾝﾊﾞｺ10ﾌﾀﾅｼ,0.015,12.85,手配,0.74,0.73,0.01
100,9036324A004,0,0,0,3.205128205,22.43589744,28.84615385,26.28205128,0,19.23076923,0,3.355704698,10.06711409,14.09395973,35.5704698,17.44966443,2.013422819,1.342281879,16.10738255,0,3.355704698,10.06711409,10.88883153,13.13457236,-11.39648942,-24.26862846,1.342281879,-3.12338668,"BEARING, RADIAL BALL",156,158,1.22,0.9,-0.32,0.83333459,0.38666541,0.77380191,0.12619809,122.4113333,126.4455,116.0236667,119.9628333,30,日本精工（株）,1,8,9,1Y,ﾃﾝﾊﾞｺ10ﾌﾀﾅｼ,0.015,9.978,手配,0.74,0.73,0.01
40,35557ECB010,0,4.444444444,13.33333333,2.222222222,11.11111111,11.11111111,13.33333333,26.66666667,17.77777778,0,2.43902439,12.19512195,7.317073171,4.87804878,7.317073171,26.82926829,12.19512195,26.82926829,0,-2.005420054,-1.138211382,5.094850949,-6.233062331,-3.79403794,13.49593496,-14.47154472,9.051490515,"PAWL, PARKING LOCK",45,45,2.04,1.73,-0.31,1.218038898,0.821961102,1.007833618,0.722166382,44.09478261,48.71217391,40.99195652,45.48543478,46,小川工業（株）,1,2,4.94,1Y,TP131ﾌﾀﾅｼ,0.006,9.466,手配,0.89,0.89,0
11,33490ECB010,0,1.176470588,6.666666667,19.21568627,24.11764706,18.62745098,18.03921569,6.666666667,5.490196078,0.194174757,1.553398058,2.524271845,22.91262136,27.37864078,22.52427184,6.796116505,0.776699029,15.33980583,0.194174757,0.37692747,-4.142394822,3.696935085,3.260993718,3.896820864,-11.24309918,-5.889967638,9.849609747,"COOLER ASSY, OIL",511,515,1.28,0.99,-0.29,1.048525122,0.231474878,0.850739205,0.139260795,438.42,491.52,426.735,478.41,4,マレリ（株）,1,2,3.92,1Y,TP331.5ﾌﾀｱﾘ,0.019,0.019,手配,0.82,0.82,0
44,35771ECB010,0,0.78125,6.4453125,25.5859375,23.828125,20.8984375,7.2265625,0.1953125,15.0390625,0,22.61904762,38.29365079,21.23015873,1.388888889,0.198412698,0,4.166666667,12.1031746,0,21.83779762,31.84833829,-4.35577877,-22.43923611,-20.7000248,-7.2265625,3.971354167,-2.935887897,"SHAFT, OUTPUT",512,511,0.86,0.57,-0.29,0.728525122,0.131474878,0.820739205,-0.250739205,374.7,392.4,406.065,423.29,4,アイシン機工（株）,1,6,4.92,1Y,TP341ﾌﾀﾅｼ,0.017,10.5,手配,0.7,0.78,-0.08
125,G1144ECE010,0,0,0,3.680981595,3.374233129,4.90797546,18.40490798,38.65030675,30.98159509,0,0,0,0.606060606,2.727272727,4.848484848,10.60606061,39.09090909,42.12121212,0,0,0,-3.074920989,-0.646960402,-0.059490612,-7.798847369,0.440602342,11.13961703,"TERMINAL, MOTOR CABLE",327,330,2.03,1.755,-0.275,0.864150849,1.165849151,0.612183908,1.142816092,199.9825,267.9075,194.85,261.35,8,矢崎総業（株）,1,1,1.79,1Y,TP331ﾌﾀｱﾘ,0.014,4.71,手配,0.58,0.58,0
106,9036628A007,0,0,5.405405405,5.405405405,2.702702703,8.108108108,10.81081081,35.13513514,32.43243243,0,0,0,2.702702703,2.702702703,2.702702703,16.21621622,18.91891892,56.75675676,0,0,-5.405405405,-2.702702703,0,-5.405405405,5.405405405,-16.21621622,24.32432432,"RACE, TAPERED ROLLER BEARING, INNER",37,37,3.07,2.8,-0.27,1.207357639,1.862642361,0.714827586,2.085172414,24.88694444,32.43416667,22.05833333,29.44722222,72,（株）ジェイテクト,1,1,1.9,1Y,ｻﾝﾎﾞｯｸｽ＃9Fﾌﾀﾅｼ,0.013,11.644,手配,0.58,0.57,0.01
28,35300ECB010,0,0,0,0,0,0,0.258397933,54.78036176,44.96124031,0,0,0,0,0,0,12.75510204,40.56122449,46.68367347,0,0,0,0,0,0,12.49670411,-14.21913727,1.722433159,"PUMP ASSY, OIL W/MOTOR",387,392,2.65,2.38,-0.27,0.947333836,1.702666164,0.950562292,1.429437708,370.1091667,390.28,361.4641667,381.16,12,アイシン精機（株）,1,4,8.04,1Y,TP341ﾌﾀﾅｼ,0.017,6.97,手配,0.91,0.91,0
50,35882ECB010,0,0,4.545454545,11.36363636,13.63636364,9.090909091,27.27272727,15.90909091,18.18181818,0,0,8.695652174,0,6.52173913,2.173913043,13.04347826,26.08695652,43.47826087,0,0,4.150197628,-11.36363636,-7.114624506,-6.916996047,-14.22924901,10.17786561,25.29644269,"TUBE, DIFFERENTIAL GEAR LUBE APPLY",44,46,1.925,1.67,-0.255,1.186564019,0.738435981,0.62808002,1.04191998,24.24,32.736,21.67,29.938,50,（株）メタルテック,1,1,1.9,1Y,TP332ﾌﾀﾅｼ,0.022,2.5,手配,0.5,0.5,0
101,9036324A005,0,0,2.542372881,4.237288136,11.86440678,30.50847458,28.81355932,0.847457627,21.18644068,0,0,1.724137931,8.620689655,21.55172414,26.72413793,18.96551724,0.862068966,21.55172414,0,0,-0.81823495,4.38340152,9.687317358,-3.784336645,-9.848042081,0.014611338,0.36528346,"BEARING, RADIAL BALL",118,123,1.3,1.045,-0.255,0.861414834,0.438585166,0.734252874,0.310747126,94.39,97.4775,83.21818182,86.24090909,22,日本精工（株）,1,8,9,1Y,ｻﾝﾎﾞｯｸｽ＃K-10Bﾌﾀﾅｼ,0.015,11.86,手配,0.74,0.68,0.06
74,9011906A065,0,7.142857143,0,21.42857143,7.142857143,7.142857143,14.28571429,14.28571429,28.57142857,0,0,0,0,0,23.07692308,15.38461538,23.07692308,38.46153846,0,-7.142857143,0,-21.42857143,-7.142857143,15.93406593,1.098901099,8.791208791,9.89010989,"BOLT, FLANGE W/WASHER",14,14,3.255,2,-1.255,1.777051004,1.477948996,0.905576779,1.094423221,10.69719,11.18129,8.51593,8.98863,1000,（株）青山製作所,1,6,5.76,1Y,TP331ﾌﾀﾅｼ,0.012,11.83,手配,0.53,0.53,0
121,9155180640,0,0,12.5,0,12.5,0,25,25,25,0,0,22.22222222,0,11.11111111,11.11111111,11.11111111,0,44.44444444,0,0,9.722222222,0,-1.388888889,11.11111111,-13.88888889,-25,19.44444444,"BOLT, FLANGE",8,9,5.295,4.16,-1.135,2.295576506,2.999423494,2.230095504,1.929904496,8.22828,8.551013333,8.10516,8.420293333,1000,（株）青山製作所,1,6,5.76,1Y,TP331ﾌﾀﾅｼ,0.012,11.53,手配,0.54,0.54,0
93,9034108A006,0,0,5.263157895,5.263157895,21.05263158,15.78947368,15.78947368,21.05263158,15.78947368,0,5.263157895,10.52631579,10.52631579,15.78947368,5.263157895,5.263157895,10.52631579,36.84210526,0,5.263157895,5.263157895,5.263157895,-5.263157895,-10.52631579,-10.52631579,-10.52631579,21.05263158,"PLUG, W/HEAD STRAIGHT SCREW",19,19,2.22,1.97,-0.25,1.471299529,0.748700471,1.291329305,0.678670695,14.38864,16.53744,14.11675,16.21425,1000,（株）杉浦製作所,1,2,1.06,1Y,TP331ﾌﾀﾅｼ,0.012,7.4,手配,0.53,0.53,0
48,35847ECE010,0,1.538461538,4.615384615,7.692307692,4.615384615,1.538461538,16.92307692,29.23076923,33.84615385,0,0,1.515151515,0,9.090909091,3.03030303,4.545454545,12.12121212,69.6969697,0,-1.538461538,-3.1002331,-7.692307692,4.475524476,1.491841492,-12.37762238,-17.10955711,35.85081585,"TUBE, TRANSAXLE LUBE APPLY",65,66,2.41,2.18,-0.23,1.050754244,1.359245756,0.58045977,1.59954023,36.9625,50.5475,34.25,47.55,40,（株）メタルテック,1,1,1.9,1Y,TP332ﾌﾀﾅｼ,0.022,3.3,手配,0.5,0.5,0
97,9034118090,0,6.25,6.25,12.5,18.75,6.25,12.5,25,12.5,0,0,0,13.33333333,6.666666667,40,0,20,20,0,-6.25,-6.25,0.833333333,-12.08333333,33.75,-12.5,-5,7.5,"PLUG, W/HEAD STRAIGHT SCREW",16,15,2.515,2.29,-0.225,1.703345904,0.811654096,1.554057302,0.735942698,11.7138,13.32746667,11.5086,13.08426667,300,（株）杉浦製作所,1,2,1.06,1Y,TP331ﾌﾀﾅｼ,0.012,10.36,手配,0.54,0.54,0
103,9036345A004,0,0,0,1.960784314,0,15.68627451,25.49019608,21.56862745,35.29411765,0,0,7.692307692,7.692307692,3.846153846,1.923076923,19.23076923,9.615384615,50,0,0,7.692307692,5.731523379,3.846153846,-13.76319759,-6.259426848,-11.95324284,14.70588235,"BEARING, RADIAL BALL",51,52,2.39,2.175,-0.215,1.150003771,1.239996229,0.74140573,1.43359427,37.42488889,48.18266667,34.61422222,45.11866667,90,岡谷鋼機（株）,1,1,2.29,1Y,ｻﾝﾎﾞｯｸｽ＃9Bﾌﾀﾅｼ,0.013,12,手配,0.64,0.64,0
53,41310ECE010,0,1.233616037,3.855050116,23.82420971,22.97609869,21.20277564,3.623747109,16.7309175,6.553585197,0,1.338582677,3.385826772,6.929133858,16.22047244,16.45669291,24.09448819,8.11023622,23.46456693,0,0.10496664,-0.469223344,-16.89507586,-6.755626248,-4.746082723,20.47074108,-8.620681281,16.91098173,"GEAR ASSY, DIFFERENTIAL",1299,1321,1.36,1.15,-0.21,1.111037712,0.248962288,0.712068966,0.437931034,1497.35,1565.275,934,1000.5,2,（株）オンド,1,4,4,1Y,ｻﾝﾎﾞｯｸｽ＃24Aﾌﾀｱﾘ,0.033,14.51,手配,1.1,0.7,0.4
123,9167180618,0,8.333333333,0,16.66666667,16.66666667,8.333333333,8.333333333,16.66666667,25,7.142857143,0,7.142857143,14.28571429,7.142857143,7.142857143,14.28571429,28.57142857,14.28571429,7.142857143,-8.333333333,7.142857143,-2.380952381,-9.523809524,-1.19047619,5.952380952,11.9047619,-10.71428571,"BOLT, FLANGE W/WASHER",12,14,2.61,2.695,0.085,1.777051004,0.832948996,1.656730336,1.038269664,10.69719,11.18129,10.51593,10.98863,1000,（株）青山製作所,1,6,5.76,1Y,TP331ﾌﾀﾅｼ,0.012,9.43,手配,0.53,0.53,0
46,35847ECB010,0,0,6.896551724,6.896551724,3.448275862,6.896551724,37.93103448,24.13793103,13.79310345,0,0,3.125,6.25,9.375,6.25,3.125,9.375,62.5,0,0,-3.771551724,-0.646551724,5.926724138,-0.646551724,-34.80603448,-14.76293103,48.70689655,"TUBE, TRANSAXLE LUBE APPLY",29,32,2.7,2.51,-0.19,1.400502431,1.299497569,0.714928031,1.795071969,16.5405,21.8505,14.177125,19.344625,80,（株）メタルテック,1,1,1.9,1Y,TP332ﾌﾀﾅｼ,0.022,2.9,手配,0.51,0.51,0
108,9036630A017,0,0,0,9.230769231,9.230769231,7.692307692,24.61538462,24.61538462,24.61538462,0,0,0,3.076923077,7.692307692,0,18.46153846,30.76923077,40,0,0,0,-6.153846154,-1.538461538,-7.692307692,-6.153846154,6.153846154,15.38461538,"RACE, TAPERED ROLLER BEARING, OUTER",65,65,2.04,1.85,-0.19,1.034003017,1.005996983,0.681124584,1.168875416,44.01402778,57.46125,40.39166667,53.52222222,72,（株）ジェイテクト,1,1,1.9,1Y,ｻﾝﾎﾞｯｸｽ＃9Fﾌﾀﾅｼ,0.013,10.492,手配,0.61,0.6,0.01
32,35409ECB010,0,10,20,0,0,0,30,20,20,0,0,10,0,20,0,0,10,60,0,-10,-10,0,20,0,-30,-10,40,"SPRING SUB-ASSY, MANUAL DETENT",10,10,4.26,4.085,-0.175,2.296256078,1.963743922,1.172320078,2.912679922,10.0092,12.1332,7.8211,9.8881,200,サンコール（株）,1,1,2.26,1Y,TP131ﾌﾀﾅｼ,0.006,2.6,手配,0.66,0.66,0
115,9036659A010,0,0,1.587301587,2.380952381,8.73015873,16.66666667,26.19047619,20.63492063,23.80952381,0,0,1.526717557,3.053435115,3.053435115,10.6870229,15.26717557,32.0610687,34.35114504,0,0,-0.06058403,0.672482734,-5.676723616,-5.979643766,-10.92330062,11.42614807,10.54162123,"RACE, TAPERED ROLLER BEARING, OUTER",127,131,1.77,1.63,-0.14,0.922001508,0.847998492,0.630562292,0.999437708,83.68333333,110.5777778,78.47027778,104.7313889,36,（株）ジェイテクト,1,1,1.9,1Y,ｻﾝﾎﾞｯｸｽ＃9Fﾌﾀﾅｼ,0.013,7.144,手配,0.6,0.59,0.01
34,35441TFA010,0,15,10,5,10,0,5,25,30,0,0,0,5.263157895,0,5.263157895,10.52631579,15.78947368,63.15789474,0,-15,-10,0.263157895,-10,5.263157895,5.526315789,-9.210526316,33.15789474,"STRAINER, OIL",20,19,3.45,3.33,-0.12,1.573128039,1.876871961,0.926160039,2.403839961,17.2308,21.4788,14.8489,18.9829,100,（株）ニフコ,1,1,2.14,1Y,TP331ﾌﾀﾅｼ,0.012,0.69,手配,0.67,0.67,0
23,35174ECE020,0,0,3.448275862,10.34482759,13.79310345,10.34482759,6.896551724,31.03448276,24.13793103,0,16.66666667,3.333333333,0,0,6.666666667,6.666666667,26.66666667,40,0,16.66666667,-0.114942529,-10.34482759,-13.79310345,-3.67816092,-0.229885057,-4.367816092,15.86206897,"PLATE, OIL RESERVOIR LOCK",29,30,3.05,2.93,-0.12,1.366697048,1.683302952,1.173103448,1.756896552,22.019,23.52844444,21.62,23.09777778,90,（株）浅賀井製作所,1,4,6.88,1Y,TP331ﾌﾀﾅｼ,0.012,1.795,手配,0.63,0.63,0
47,35847ECB020,0,0,0,13.79310345,0,17.24137931,24.13793103,24.13793103,20.68965517,0,0,0,0,3.333333333,10,10,20,56.66666667,0,0,0,-13.79310345,3.333333333,-7.24137931,-14.13793103,-4.137931034,35.97701149,"TUBE, TRANSAXLE LUBE APPLY",29,30,2.48,2.37,-0.11,1.329189627,1.150810373,0.679312027,1.690687973,18.17142857,24.24,15.76428571,21.67,70,（株）メタルテック,1,1,1.9,1Y,TP332ﾌﾀﾅｼ,0.022,2.74,手配,0.5,0.5,0
107,9036628A008,0,0,3.846153846,0,7.692307692,7.692307692,26.92307692,23.07692308,30.76923077,0,0,0,0,7.692307692,0,11.53846154,23.07692308,57.69230769,0,0,-3.846153846,0,0,-7.692307692,-15.38461538,0,26.92307692,"RACE, TAPERED ROLLER BEARING, OUTER",26,26,2.98,2.89,-0.09,1.361885609,1.618114391,0.781149425,2.108850575,19.0303,24.4643,16.428,21.748,100,（株）ジェイテクト,1,1,1.9,1Y,ｻﾝﾎﾞｯｸｽ＃9Fﾌﾀﾅｼ,0.013,10.1,手配,0.59,0.58,0.01
85,9030111A014,0,4.166666667,4.166666667,16.66666667,0,8.333333333,20.83333333,25,20.83333333,0,0,4.347826087,4.347826087,8.695652174,13.04347826,13.04347826,13.04347826,43.47826087,0,-4.166666667,0.18115942,-12.31884058,8.695652174,4.710144928,-7.789855072,-11.95652174,22.64492754,"RING, O",24,23,2.635,2.82,0.185,1.422230602,1.212769398,1.236038202,1.583961798,16.5548,18.9753,16.2356,18.5991,1000,ＮＯＫ（株）,1,2,3.52,1Y,TP131ﾌﾀﾅｼ,0.006,0.6,手配,0.56,0.56,0
64,82821XAE020,0,0,0,20,0,0,60,20,0,0,0,0,25,0,0,0,25,50,0,0,0,5,0,0,-60,5,50,"COVER, CONNECTOR",5,4,6.52,6.47,-0.05,3.922512156,2.597487844,2.078602098,4.391397902,7.3011,7.8321,5.185675,5.702425,400,石黒ゴム工業（株）,1,2,3.64,1Y,TP332ﾌﾀﾅｼ,0.022,1.42,手配,0.81,0.81,0
92,9033904A002,0,20,20,0,20,0,20,20,0,0,0,0,0,0,33.33333333,0,66.66666667,0,0,-20,-20,0,-20,33.33333333,-20,46.66666667,0,CAP,5,3,4.16,4.53,0.37,3.931153012,0.228846988,1.736730336,2.793269664,5.95301,6.92121,3.88347,4.82887,1000,サトープレス工業（株）,1,1,1.78,1Y,AW131ﾌﾀﾅｼ,0.006,0.97,手配,0.61,0.61,0
124,G1144ECB010,0,0,8.620689655,10.63218391,14.08045977,9.770114943,33.62068966,9.482758621,13.79310345,0,0,0,1.166180758,7.288629738,9.329446064,18.36734694,37.31778426,26.53061224,0,0,-8.620689655,-9.46600315,-6.791830033,-0.440668878,-15.25334272,27.83502564,12.7375088,"TERMINAL, MOTOR CABLE",348,343,1.51,1.5,-0.01,0.912787682,0.597212318,0.660739205,0.839260795,226.02,296.82,219.035,287.935,6,住友電気工業（株）,1,1,2.28,1Y,TP331ﾌﾀﾅｼ,0.012,2.288,手配,0.63,0.63,0
43,3559850A010,0,0,9.523809524,38.0952381,14.28571429,0,14.28571429,23.80952381,0,0,0,15,15,15,5,5,20,25,0,0,5.476190476,-23.0952381,0.714285714,5,-9.285714286,-3.80952381,25,"PIN SUB-ASSY, PARKING LOCK",21,20,1.89,1.89,0,1.823128039,0.066871961,1.156160039,0.733839961,22.116,24.24,19.603,21.67,100,アイコー（株）,1,2,3.92,1Y,TP131ﾌﾀﾅｼ,0.006,3.86,手配,0.9,0.9,0
57,82821CWA030,0,0,0,0,0,0,21.73913043,30.43478261,47.82608696,0,0,0,0,0,4.347826087,8.695652174,13.04347826,73.91304348,0,0,0,0,0,4.347826087,-13.04347826,-17.39130435,26.08695652,"COVER, CONNECTOR",23,23,4.75,4.79,0.04,1.692347949,3.057652051,1.109059783,3.680940217,23.07355,25.49205,20.61705,22.98055,200,石黒ゴム工業（株）,1,2,3.64,1Y,TP332ﾌﾀﾅｼ,0.022,1.42,手配,0.83,0.83,0
66,82824ECB020,0,0,1.834862385,12.8440367,21.10091743,11.00917431,22.93577982,12.8440367,17.43119266,0,0,0,1.694915254,9.322033898,9.322033898,14.40677966,29.66101695,35.59322034,0,0,-1.834862385,-11.14912144,-11.77888353,-1.687140414,-8.529000155,16.81698025,18.16202768,"CONNECTOR, WIRING HARNESS",109,118,1.55,1.59,0.04,0.94444612,0.60555388,0.625069213,0.964930787,73.1945,97.3995,69.5415,93.1765,40,矢崎総業（株）,1,1,1.79,1Y,TP331ﾌﾀｱﾘ,0.014,5.7,手配,0.58,0.58,0
81,9020156A001,0,4,16,8,8,12,12,40,0,0,0,5.882352941,5.882352941,5.882352941,5.882352941,11.76470588,17.64705882,47.05882353,0,-4,-10.11764706,-2.117647059,-2.117647059,-6.117647059,-0.235294118,-22.35294118,47.05882353,"WASHER, PLATE",25,20,2.58,2.63,0.05,1.643128039,0.936871961,1.006160039,1.623839961,18.5052,22.7532,16.5025,20.6365,100,（株）ムロコーポレーション,1,1,0.73,1Y,TP131ﾌﾀﾅｼ,0.006,13.86,手配,0.73,0.75,-0.02
45,35771ECE010,0,1.382488479,12.21198157,29.26267281,13.13364055,2.073732719,5.760368664,17.74193548,18.43317972,0,15.20737327,19.8156682,11.52073733,12.90322581,11.29032258,5.299539171,2.534562212,21.42857143,0,13.82488479,7.603686636,-17.74193548,-0.230414747,9.216589862,-0.460829493,-15.20737327,2.995391705,"SHAFT, OUTPUT",434,440,0.82,0.88,0.06,0.733113137,0.086886863,0.814137931,0.065862069,215.8316667,230.9261111,347.8,362.5777778,6,アイシン機工（株）,1,6,4.92,1Y,TP341ﾌﾀﾅｼ,0.017,9.6,手配,0.47,0.78,-0.31
87,9030117A010,0,0,12.5,0,37.5,0,0,50,0,0,0,28.57142857,0,0,0,14.28571429,42.85714286,14.28571429,0,0,16.07142857,0,-37.5,0,14.28571429,-7.142857143,14.28571429,"RING, O",8,7,4.73,6.04,1.31,2.966136073,1.763863927,2.887592786,3.152407214,6.7611,7.4576,6.66876,7.34816,1000,ＮＯＫ（株）,1,2,3.52,1Y,TP131ﾌﾀﾅｼ,0.006,0.8,手配,0.54,0.54,0
54,5040056001E,0,0,9.375,12.5,25,9.375,6.25,9.375,28.125,0,0,5.882352941,8.823529412,11.76470588,2.941176471,35.29411765,8.823529412,26.47058824,0,0,-3.492647059,-3.676470588,-13.23529412,-6.433823529,29.04411765,-0.551470588,-1.654411765,"CLAMP, TUBE",32,34,1.735,1.825,0.09,1.247876823,0.487123177,1.04108807,0.78391193,23.532,30.612,22.981,29.871,300,サトープレス工業（株）,1,1,1.78,1Y,AW131ﾌﾀﾅｼ,0.006,1.545,手配,0.58,0.58,0
38,35505ECB010,0,2.380952381,8.333333333,27.38095238,21.42857143,14.28571429,13.0952381,7.142857143,5.952380952,0,6.896551724,5.747126437,17.24137931,10.34482759,12.64367816,10.34482759,14.94252874,21.83908046,0,4.515599343,-2.586206897,-10.13957307,-11.08374384,-1.642036125,-2.750410509,7.799671593,15.88669951,"LEVER SUB-ASSY, PARKING LOCK",84,87,1.15,1.24,0.09,0.981150729,0.168849271,0.871478409,0.368521591,74.685,83.535,70.76125,79.37375,24,中庸スプリング（株）,1,2,2.34,1Y,TP131ﾌﾀﾅｼ,0.009,2.45,手配,0.81,0.81,0
59,82821ECB020,0,0,0,0,4.166666667,4.166666667,25,29.16666667,37.5,0,0,0,0,0,0,8.333333333,25,66.66666667,0,0,0,0,-4.166666667,-4.166666667,-16.66666667,-4.166666667,29.16666667,"COVER, CONNECTOR",24,24,4.75,4.85,0.1,1.692230602,3.057769398,1.148999893,3.701000107,24.05835,26.47885,21.56245,23.92595,200,石黒ゴム工業（株）,1,2,3.64,1Y,TP131ﾌﾀﾅｼ,0.006,3.01,手配,0.87,0.87,0
72,9010512A018,0,3.503184713,10.82802548,26.43312102,19.42675159,23.24840764,4.140127389,0.318471338,12.10191083,0,0.3125,5.9375,18.4375,31.875,25.625,1.875,0,15.9375,0,-3.190684713,-4.890525478,-7.995621019,12.44824841,2.376592357,-2.265127389,-0.318471338,3.835589172,"BOLT, FLANGE",321,324,0.85,0.95,0.1,0.785269353,0.064730647,0.789132768,0.160867232,182.7876,193.8856,243.4704,254.3024,200,（株）青山製作所,1,6,5.76,1Y,TP331ﾌﾀﾅｼ,0.012,9.85,手配,0.54,0.74,-0.2
7,2030044001J,0,0,0,50,0,0,50,0,0,0,0,0,0,20,20,0,0,60,0,0,0,-50,20,20,-50,0,60,"SEAL, TYPE T OIL",4,5,4.7,4.82,0.12,3.652512156,1.047487844,1.564640156,3.255359844,5.8674,6.3984,3.79045,4.3072,400,ＮＯＫ（株）,1,2,3.52,1Y,TP131ﾌﾀﾅｼ,0.006,1.68,手配,0.54,0.54,0
4,1040043104R,0,0,0,12.5,12.5,25,25,12.5,12.5,0,0,0,12.5,0,25,0,37.5,25,0,0,0,0,-12.5,0,-25,25,12.5,"PIN, STRAIGHT",8,9,3.54,6.11,2.57,2.455576506,1.084423494,2.440095504,3.669904496,10.2615,11.2297,10.0905,11.0359,1000,（株）ギフ加藤製作所,1,2,3.8,1Y,AW131ﾌﾀﾅｼ,0.005,13.4,手配,0.75,0.75,0
15,34989ECB030,0,0,0,0,0,0,100,0,0,0,0,0,0,0,0,0,40,60,0,0,0,0,0,0,-100,40,60,LABEL,3,5,6.69,9.38,2.69,3.991446351,2.698553649,2.195149174,7.184850826,6.872,7.84,4.7816,5.727,1000,（株）槌屋,1,1,2.33,1Y,TP131ﾌﾀﾅｼ,0.006,1.5,手配,0.8,0.8,0
88,9030119A010,0,0,0,0,50,25,25,0,0,0,0,0,0,0,0,0,20,80,0,0,0,0,-50,-25,-25,20,80,"RING, O",4,5,4.565,7.26,2.695,3.559428046,1.005571954,1.585747126,5.674252874,6.15172,6.69512,4.0856,4.6176,1000,ＮＯＫ（株）,1,2,3.52,1Y,TP131ﾌﾀﾅｼ,0.006,0.8,手配,0.58,0.58,0
21,35174ECB010,0,3.96039604,29.7029703,11.88118812,16.83168317,0.99009901,0,17.82178218,18.81188119,0,5.825242718,14.5631068,14.5631068,11.65048544,6.796116505,13.59223301,8.737864078,24.27184466,0,1.864846679,-15.1398635,2.681918677,-5.181197731,5.806017495,13.59223301,-9.083918101,5.459963472,"PLATE, OIL RESERVOIR LOCK",101,103,1.07,1.28,0.21,1.012625608,0.057374392,0.921232008,0.358767992,95.394,100.704,90.9145,96.082,20,（株）浅賀井製作所,1,4,6.88,1Y,TP332ﾌﾀﾅｼ,0.022,3.52,手配,0.87,0.87,0
67,82824ECE010,0,12.28070175,14.03508772,12.28070175,8.771929825,10.52631579,3.50877193,0,38.59649123,0,0,3.389830508,8.474576271,5.084745763,6.779661017,8.474576271,10.16949153,57.62711864,0,-12.28070175,-10.64525721,-3.806125483,-3.687184062,-3.746654773,4.965804341,10.16949153,19.03062742,"CONNECTOR, WIRING HARNESS",57,59,1.31,1.57,0.26,1.028348524,0.281651476,0.450517241,1.119482759,24.736,36.81155556,22.28,34.10222222,45,住友電装（株）,1,1,3.25,1Y,TP332,0.024,4.62,手配,0.36,0.36,0
19,35145ECE020,0,0,22.22222222,7.407407407,18.51851852,3.703703704,11.11111111,29.62962963,7.407407407,0,0,3.703703704,14.81481481,7.407407407,7.407407407,14.81481481,7.407407407,44.44444444,0,0,-18.51851852,7.407407407,-11.11111111,3.703703704,3.703703704,-22.22222222,37.03703704,"PLATE, OIL",27,27,1.79,2.06,0.27,1.421885609,0.368114391,0.851149425,1.208850575,20.6605,22.019,18.29,19.62,100,（株）浅賀井製作所,1,4,6.88,1Y,TP331ﾌﾀﾅｼ,0.012,1.2,手配,0.65,0.65,0
0,019128GA010,0,0,0,4.081632653,4.081632653,3.06122449,18.36734694,27.55102041,42.85714286,0,0,0,1.075268817,7.52688172,9.677419355,16.12903226,15.05376344,50.53763441,0,0,0,-3.006363836,3.445249067,6.616194865,-2.238314681,-12.49725697,7.680491551,"CAP, SHIPPING",98,93,3.19,3.51,0.32,1.225557651,1.964442349,1.139749973,2.370250027,106.5974,116.2794,102.1578,111.6118,50,石黒ゴム工業（株）,1,2,3.64,1Y,TP342ﾌﾀﾅｼ,0.033,2.11,手配,1.07,1.07,0
36,35482TFA010,0,0,0,100,0,0,0,0,0,0,0,0,0,0,0,0,0,100,0,0,0,-100,0,0,0,0,100,"CLAMP, TEMPERATURE SENSOR",1,3,6.54,41.8,35.26,7.951280389,-1.411280389,3.22160039,38.57839961,4.40184,4.82664,2.36422,2.77762,1000,サトープレス工業（株）,1,1,1.78,1Y,AW131ﾌﾀﾅｼ,0.006,10.42,手配,0.66,0.66,0
128,G117362010,0,0,0,2.352941176,3.137254902,7.843137255,31.37254902,25.88235294,29.41176471,0,0,0,0.380228137,1.140684411,4.562737643,20.91254753,28.8973384,44.10646388,0,0,0,-1.97271304,-1.996570491,-3.280399612,-10.46000149,3.014985462,14.69469917,"SENSOR, MOTOR REVOLUTION",255,263,2.09,2.48,0.39,1.006000754,1.083999246,0.870281146,1.609718854,231.6027778,285.3916667,224.2194444,276.7416667,18,多摩川精機販売（株）,1,1,3.05,1Y,TP331.5ﾌﾀﾅｼ,0.017,4.11,手配,0.85,0.85,0
135,G9201ECE010,0,0,0.613496933,7.36196319,5.214723926,4.90797546,16.25766871,37.42331288,28.2208589,0,0,1.524390244,7.62195122,2.743902439,6.097560976,15.54878049,20.12195122,46.34146341,0,0,0.910893311,0.259988029,-2.470821487,1.189585515,-0.708888224,-17.30136166,18.12060452,"COVER SUB-ASSY, INVERTER",326,328,1.85,2.265,0.415,0.784154541,1.065845459,0.892186991,1.372813009,227.1525,261.115,287.95,321.2,8,佐藤工業（株）,1,2,1.82,1Y,ｻﾝﾎﾞｯｸｽ＃20Bﾌﾀﾅｼ,0.027,7.806,手配,0.66,0.86,-0.2
55,82125ECB010,0,0,15,0,10,20,20,15,20,0,0,9.523809524,9.523809524,4.761904762,4.761904762,0,9.523809524,61.9047619,0,0,-5.476190476,9.523809524,-5.238095238,-15.23809524,-20,-5.476190476,41.9047619,"WIRE, TRANSMISSION",20,21,2.655,3.15,0.495,1.533128039,1.121871961,0.836160039,2.313839961,15.3192,19.5672,12.9886,17.1226,100,矢崎総業（株）,1,1,1.79,1Y,TP332ﾌﾀｱﾘ,0.024,9.3,手配,0.58,0.58,0
58,82821ECB010,0,0,0,0,0,7.692307692,38.46153846,23.07692308,30.76923077,0,0,0,0,8.333333333,0,0,33.33333333,58.33333333,0,0,0,0,8.333333333,-7.692307692,-38.46153846,10.25641026,27.56410256,"COVER, CONNECTOR",13,12,4.75,5.25,0.5,2.314461205,2.435538795,1.387999785,3.862000215,13.045075,14.255325,10.808525,11.990275,400,石黒ゴム工業（株）,1,2,3.64,1Y,TP332ﾌﾀﾅｼ,0.022,3.01,手配,0.83,0.83,0
98,9034118A024,0,8.333333333,0,33.33333333,0,8.333333333,0,8.333333333,41.66666667,0,0,7.692307692,7.692307692,7.692307692,7.692307692,7.692307692,46.15384615,15.38461538,0,-8.333333333,7.692307692,-25.64102564,7.692307692,-0.641025641,7.692307692,37.82051282,-26.28205128,"PLUG, W/HEAD STRAIGHT SCREW",12,14,3.61,4.15,0.54,1.843771218,1.766228782,1.726896552,2.423103448,10.0642,10.51703333,9.916,10.35933333,200,（株）青山製作所,1,6,5.76,1Y,TP131ﾌﾀﾅｼ,0.006,6.27,手配,0.52,0.52,0
62,82821ECE010,0,0,0,0,0,0,0,18.18181818,81.81818182,0,0,0,0,0,0,0,7.547169811,92.45283019,0,0,0,0,0,0,0,-10.63464837,10.63464837,"COVER, CONNECTOR",55,53,5.19,5.86,0.67,1.345965881,3.844034119,1.170584347,4.689415653,61.1438,66.5778,57.924,63.244,50,石黒ゴム工業（株）,1,2,3.64,1Y,TP332ﾌﾀﾅｼ,0.022,3.1,手配,1.07,1.07,0
33,35441ECB010,0,1,9,16,9,19,12,2,32,0,4.04040404,3.03030303,1.01010101,3.03030303,2.02020202,20.2020202,22.22222222,44.44444444,0,3.04040404,-5.96969697,-14.98989899,-5.96969697,-16.97979798,8.202020202,20.22222222,12.44444444,"STRAINER, OIL",100,99,1.425,2.11,0.685,1.009335345,0.415664655,0.832249168,1.277750832,70.57229167,90.743125,68.98104167,88.676875,48,（株）ニフコ,1,1,2.14,1Y,TP331ﾌﾀﾅｼ,0.012,0.75,手配,0.67,0.67,0
25,35195ECE010,0,0,14.28571429,14.28571429,14.28571429,21.42857143,7.142857143,14.28571429,14.28571429,0,0,14.28571429,0,0,14.28571429,28.57142857,28.57142857,14.28571429,0,0,0,-14.28571429,-14.28571429,-7.142857143,21.42857143,14.28571429,0,"CLAMP, TUBE",14,14,2.525,3.27,0.745,1.923771218,0.601228782,1.826896552,1.443103448,11.4227,14.1397,11.246,13.906,400,三共鋼業（株）,1,1,1.74,1Y,TP131ﾌﾀﾅｼ,0.006,3.44,手配,0.62,0.62,0
35,3548255A010,0,12.5,0,12.5,0,0,25,25,25,0,0,0,0,12.5,0,0,12.5,75,0,-12.5,0,-12.5,12.5,0,-25,-12.5,50,"CLAMP, TEMPERATURE SENSOR",8,8,4.505,5.285,0.78,2.475656827,2.029343173,1.173448276,4.111551724,8.1623,9.973633333,6.054,7.827333333,300,サトープレス工業（株）,1,1,1.78,1Y,AW131ﾌﾀﾅｼ,0.006,4.74,手配,0.57,0.57,0
37,35501ECB010,0,4.545454545,9.090909091,4.545454545,18.18181818,4.545454545,13.63636364,18.18181818,27.27272727,0,0,13.63636364,9.090909091,9.090909091,0,4.545454545,9.090909091,54.54545455,0,-4.545454545,4.545454545,4.545454545,-9.090909091,-4.545454545,-9.090909091,-9.090909091,27.27272727,"ROD SUB-ASSY, PARKING LOCK",22,22,2.35,3.13,0.78,1.493128039,0.856871961,0.856160039,2.273839961,15.744,19.992,13.402,17.536,100,大橋鉄工（株）,1,1,1.38,1Y,TP331ﾌﾀﾅｼ,0.011,5.837,手配,0.6,0.6,0
96,9034118060,0,0,0,0,0,0,20,80,0,0,0,0,0,0,12.5,0,0,87.5,0,0,0,0,0,12.5,-20,-80,87.5,"PLUG, W/HEAD STRAIGHT SCREW",5,8,6.61,7.435,0.825,2.595656827,4.014343173,1.343448276,6.091551724,9.701933333,11.51326667,7.561333333,9.334666667,300,住友商事（株）鉄鋼部輸送機材,1,1,3,1Y,TP331ﾌﾀﾅｼ,0.012,13.56,手配,0.74,0.74,0
130,G1174ECE010,0,0,0,1.960784314,0,1.960784314,21.56862745,35.29411765,39.21568627,0,0,0,0,0,1.886792453,20.75471698,22.64150943,54.71698113,0,0,0,-1.960784314,0,-0.073991861,-0.81391047,-12.65260821,15.50129486,"WIRE, MOTOR REVOLUTION SENSOR",51,53,2.87,3.71,0.84,1.145942805,1.724057195,0.970574713,2.739425287,50.2758,61.1438,47.284,57.924,50,住友電装（株）,1,1,2.28,1Y,TP362ﾌﾀﾅｼ,0.044,5.9,手配,0.87,0.87,0
2,01912ECB040,0,2.083333333,6.25,7.291666667,10.41666667,8.333333333,28.125,14.58333333,22.91666667,0,0,0,0,1.075268817,2.150537634,9.677419355,10.75268817,76.34408602,0,-2.083333333,-6.25,-7.291666667,-9.341397849,-6.182795699,-18.44758065,-3.830645161,53.42741935,"CAP, SHIPPING",96,93,1.41,2.39,0.98,0.825557651,0.584442349,0.319749973,2.070250027,27.205,46.569,24.635,43.543,50,愛産樹脂工業（株）,1,1,2.12,1Y,TP342ﾌﾀﾅｼ,0.033,3.44,手配,0.25,0.25,0
18,35145ECE010,0,0,16,24,12,4,8,16,20,0,0,0,0,7.407407407,11.11111111,7.407407407,18.51851852,55.55555556,0,0,-16,-24,-4.592592593,7.111111111,-0.592592593,2.518518519,35.55555556,"PLATE, OIL",25,27,1.66,2.74,1.08,1.371885609,0.288114391,0.851149425,1.888850575,20.6605,26.0945,18.29,23.61,100,三共鋼業（株）,1,1,1.74,1Y,TP131ﾌﾀﾅｼ,0.006,3.61,手配,0.65,0.65,0
75,9014908A008,0,5.555555556,22.22222222,11.11111111,0,5.555555556,22.22222222,11.11111111,22.22222222,0,0,0,35.29411765,0,11.76470588,11.76470588,17.64705882,23.52941176,0,-5.555555556,-22.22222222,24.18300654,0,6.209150327,-10.45751634,6.535947712,1.307189542,SCREW,18,17,2.57,1.25,-1.32,1.569640803,1.000359197,0.820461423,0.429538577,12.43995,13.045075,10.21765,10.808525,800,（株）青山製作所,1,6,5.76,1Y,TP331ﾌﾀﾅｼ,0.012,10.59,手配,0.52,0.52,0
133,G1250ECE010,0,10.25641026,46.15384615,15.38461538,5.128205128,2.564102564,0,7.692307692,12.82051282,0,0,2.272727273,2.272727273,13.63636364,11.36363636,15.90909091,6.818181818,47.72727273,0,-10.25641026,-43.88111888,-13.11188811,8.508158508,8.7995338,15.90909091,-0.874125874,34.90675991,"PIPE ASSY, MOTOR COOLING, NO.1",39,44,1.04,2.485,1.445,1.471131365,-0.431131365,1.000689655,1.484310345,42.84933333,47.37766667,40.01333333,44.44666667,60,（株）バルカー,1,2,6.2,1Y,TP332ﾌﾀﾅｼ,0.022,1.64,手配,0.88,0.88,0
134,G9201ECB030,0,0,2.788844622,13.54581673,29.48207171,22.70916335,21.11553785,0,10.35856574,0,0,1.185770751,4.347826087,9.486166008,1.976284585,7.509881423,24.11067194,51.38339921,0,0,-1.603073871,-9.197990646,-19.99590571,-20.73287876,-13.60565643,24.11067194,41.02483347,"COVER SUB-ASSY, INVERTER",253,253,1.02,2.59,1.57,0.797056408,0.222943592,0.820990606,1.769009394,156.9175,183.455,203.5325,229.37,8,佐藤工業（株）,1,2,1.82,1Y,T-20-3ﾌﾀﾅｼ,0.027,7.806,手配,0.58,0.78,-0.2
20,35165ECE010,0,0,0,23.07692308,7.692307692,0,15.38461538,23.07692308,30.76923077,0,0,7.692307692,7.692307692,0,7.692307692,0,7.692307692,69.23076923,0,0,7.692307692,-15.38461538,-7.692307692,7.692307692,-15.38461538,-15.38461538,38.46153846,"PLATE, TRANSMISSION CASE",13,13,3.99,5.71,1.72,1.873771218,2.116228782,1.032298851,4.677701149,11.55855,14.27555,9.379,12.039,200,（株）松尾製作所,1,1,1.21,1Y,TP131ﾌﾀﾅｼ,0.006,1.53,手配,0.63,0.63,0
132,G1250ECC010,0,13.33333333,6.666666667,20,6.666666667,13.33333333,6.666666667,13.33333333,20,0,0,0,7.692307692,0,0,15.38461538,15.38461538,61.53846154,0,-13.33333333,-6.666666667,-12.30769231,-6.666666667,-13.33333333,8.717948718,2.051282051,41.53846154,"PIPE ASSY, MOTOR COOLING, NO.1",15,13,2.87,5.06,2.19,2.111064247,0.758935753,1.267727273,3.792272727,17.1955,18.82716667,12.31,13.61,60,（株）バルカー,1,2,6.2,1Y,TP332ﾌﾀﾅｼ,0.022,2.036,手配,0.87,0.87,0
3,01912ECB060,0,0,0,0,0,33.33333333,66.66666667,0,0,0,0,0,0,20,0,0,0,80,0,0,0,0,20,-33.33333333,-66.66666667,0,80,"CAP, SHIPPING",3,5,5.57,7.77,2.2,3.632512156,1.937487844,2.048602098,5.721397902,7.1418,8.2038,5.03065,6.06415,400,新光ゴム工業（株）,1,1,3.25,1Y,TP331ﾌﾀﾅｼ,0.012,2.04,手配,0.78,0.78,0
24,3519510A010,0,25,25,0,0,50,0,0,0,0,0,0,0,25,0,0,0,75,0,-25,-25,0,25,-50,0,0,75,"CLAMP, TRANSAXLE APPLY TUBE, NO.1",4,4,5.23,14.04,8.81,5.088768233,0.141231767,2.166960234,11.87303977,5.2302,5.5842,3.17035,3.51485,600,中庸スプリング（株）,1,2,2.34,1Y,AW131ﾌﾀﾅｼ,0.006,3.7,手配,0.63,0.63,0
30,35352ECB010,0,0,33.33333333,0,33.33333333,0,33.33333333,0,0,0,0,0,0,0,0,0,0,100,0,0,-33.33333333,0,-33.33333333,0,-33.33333333,0,100,"ROTOR, TRANSMISSION OIL PUMP DRIVEN",3,4,4.86,18.395,13.535,4.434165316,0.425834684,1.931046597,16.4639534,5.697142857,6.54,3.624761905,4.445,504,五興商事（株）,1,1,1.97,1Y,TP331ﾌﾀｱﾘ,0.014,9.96,手配,0.64,0.64,0
6,1040183011P,0,0,0,16.66666667,16.66666667,16.66666667,33.33333333,16.66666667,0,0,0,0,0,58.33333333,25,0,0,16.66666667,0,0,0,-16.66666667,41.66666667,8.333333333,-33.33333333,-16.66666667,16.66666667,"BOLT, FLANGE",12,12,2.9,1.19,-1.71,1.928675167,0.971324833,0.966985482,0.223014518,9.87852,10.30312,7.69708,8.11048,500,（株）青山製作所,1,6,5.76,1Y,TP331ﾌﾀﾅｼ,0.012,9.38,手配,0.54,0.54,0
95,9034114A004,0,0,20,0,20,40,20,0,0,0,0,25,0,0,25,0,0,50,0,0,5,0,-20,-15,-20,0,50,"PLUG, W/HEAD STRAIGHT SCREW",5,4,5.93,4.75,-1.18,4.305640194,1.624359806,1.780800195,2.969199805,5.124,5.2656,3.067,3.2048,500,（株）青山製作所,1,6,5.76,1Y,TP331ﾌﾀﾅｼ,0.012,11.33,手配,0.5,0.5,0
70,9010508A014,0,0,0.913242009,5.936073059,19.8630137,22.83105023,19.6347032,11.41552511,19.40639269,0,0,0.285714286,2,8.285714286,29.42857143,40.28571429,2.857142857,16.85714286,0,0,-0.627527723,-3.936073059,-11.57729941,6.5975212,20.65101109,-8.558382257,-2.549249837,"BOLT, FLANGE",438,355,1.18,0.94,-0.24,0.781132515,0.398867485,0.584710658,0.355289342,200.6616,212.8629333,196.0446,207.9609333,500,（株）青山製作所,1,6,5.76,1Y,TP331ﾌﾀﾅｼ,0.012,8.83,手配,0.54,0.54,0
10,3040052001B,0,2.564102564,25.64102564,20.51282051,17.94871795,2.564102564,10.25641026,12.82051282,7.692307692,0,10.52631579,18.42105263,21.05263158,13.15789474,0,7.894736842,5.263157895,23.68421053,0,7.962213225,-7.219973009,0.539811066,-4.790823212,-2.564102564,-2.361673414,-7.557354926,15.99190283,"PLUG, W/HEAD STRAIGHT SCREW",39,39,1.09,0.89,-0.2,1.080856272,0.009143728,0.890623117,-0.000623117,25.96424,27.43630667,25.43072,26.86858667,500,（株）青山製作所,1,6,5.76,1Y,TP331ﾌﾀﾅｼ,0.012,11.97,手配,0.52,0.52,0
118,9093003179,0,0,0,10,0,10,20,10,50,0,0,10,0,0,0,0,0,90,0,0,10,-10,0,-10,-20,-10,40,"PLUG, BREATHER",10,10,6.205,6.19,-0.015,2.295576506,3.909423494,1.197499732,4.992500268,7.841,8.163733333,5.727,6.042133333,500,（株）青山製作所,1,6,5.76,1Y,TP331ﾌﾀﾅｼ,0.012,9.18,手配,0.5,0.5,0
119,9094906A012,3.448275862,10.34482759,6.896551724,13.79310345,17.24137931,10.34482759,17.24137931,10.34482759,10.34482759,0,6.666666667,6.666666667,3.333333333,20,6.666666667,13.33333333,16.66666667,26.66666667,-3.448275862,-3.67816092,-0.229885057,-10.45977011,2.75862069,-3.67816092,-3.908045977,6.32183908,16.32183908,"CLAMP, WIRING",30,30,1.52,1.675,0.155,1.262693526,0.257306474,1.081327677,0.593672323,22.64346,25.97286,22.17264,25.42224,500,中庸スプリング（株）,1,2,2.34,1Y,AW131ﾌﾀﾅｼ,0.006,1.85,手配,0.59,0.59,0
14,34989ECB020,0,0,0,18.18181818,9.090909091,9.090909091,0,45.45454545,18.18181818,0,0,0,0,0,20,0,10,70,0,0,0,-18.18181818,-9.090909091,10.90909091,0,-35.45454545,51.81818182,LABEL,11,10,5.84,8.08,2.24,2.435723176,3.404276824,1.507574587,6.572425413,10.8408,12.7768,8.65774,10.54854,500,（株）槌屋,1,1,2.33,1Y,TP131ﾌﾀﾅｼ,0.006,1,手配,0.81,0.81,0
117,9052409A003,0,33.33333333,0,0,33.33333333,33.33333333,0,0,0,0,0,0,0,0,0,0,50,50,0,-33.33333333,0,0,-33.33333333,-33.33333333,0,50,50,"SPRING, RETAINER",3,4,4.8,11.145,6.345,4.345640194,0.454359806,2.060800195,9.084199805,6.31344,6.41964,4.22452,4.32787,500,（株）東郷製作所,1,8,11.12,1Y,TP331ﾌﾀﾅｼ,0.012,2.65,手配,0.78,0.78,0
13,34989ECB010,0,0,0,0,100,0,0,0,0,0,0,0,0,0,0,0,0,100,0,0,0,0,-100,0,0,0,100,LABEL,1,3,7.28,13.73,6.45,7.254348078,0.025651922,2.897475149,10.83252485,4.8549,5.3129,3.08494,3.59974,500,（株）槌屋,1,1,2.33,1Y,TP131ﾌﾀﾅｼ,0.006,1,手配,0.81,0.81,0
16,34989ECE020,0,0,0,100,0,0,0,0,0,0,0,0,0,0,0,0,0,100,0,0,0,-100,0,0,0,0,100,LABEL,1,2,6.28,33.835,27.555,7.022963515,-0.742963515,3.053567326,30.78143267,5.05,5.55,2.90076,3.36436,500,（株）槌屋,1,1,2.33,1Y,TP131ﾌﾀﾅｼ,0.006,1,手配,0.82,0.82,0
